transaction_id,is_fraud,fraud_category,fraud_subcategory
TXN_005323,0,NONE,NONE
TXN_013475,0,NONE,NONE
TXN_007505,0,NONE,NONE
TXN_014723,0,NONE,NONE
TXN_012574,0,NONE,NONE
TXN_001132,1,AMOUNT_ANOMALY,SUDDEN_HIGH_VALUE
TXN_000909,0,NONE,NONE
TXN_011526,0,NONE,NONE
TXN_013908,0,NONE,NONE
TXN_007615,0,NONE,NONE
TXN_008340,0,NONE,NONE
TXN_005931,0,NONE,NONE
TXN_002749,0,NONE,NONE
TXN_005046,0,NONE,NONE
TXN_003706,0,NONE,NONE
TXN_014010,0,NONE,NONE
TXN_003771,0,NONE,NONE
TXN_013199,0,NONE,NONE
TXN_013031,0,NONE,NONE
TXN_006503,0,NONE,NONE
TXN_007405,0,NONE,NONE
TXN_005967,0,NONE,NONE
TXN_008531,0,NONE,NONE
TXN_004399,0,NONE,NONE
TXN_013208,0,NONE,NONE
TXN_010523,0,NONE,NONE
TXN_000745,0,NONE,NONE
TXN_002678,0,NONE,NONE
TXN_007301,0,NONE,NONE
TXN_005027,1,AMOUNT_ANOMALY,SUDDEN_HIGH_VALUE
TXN_005970,0,NONE,NONE
TXN_014627,0,NONE,NONE
TXN_007689,0,NONE,NONE
TXN_011743,0,NONE,NONE
TXN_009622,0,NONE,NONE
TXN_004282,0,NONE,NONE
TXN_011441,0,NONE,NONE
TXN_006594,0,NONE,NONE
TXN_012346,0,NONE,NONE
TXN_014271,0,NONE,NONE
TXN_003211,0,NONE,NONE
TXN_011461,0,NONE,NONE
TXN_004420,0,NONE,NONE
TXN_004907,0,NONE,NONE
TXN_001806,0,NONE,NONE
TXN_014054,0,NONE,NONE
TXN_009878,0,NONE,NONE
TXN_012148,0,NONE,NONE
TXN_012059,0,NONE,NONE
TXN_011210,0,NONE,NONE
TXN_001174,0,NONE,NONE
TXN_007303,0,NONE,NONE
TXN_005327,0,NONE,NONE
TXN_005404,0,NONE,NONE
TXN_005643,0,NONE,NONE
TXN_000747,0,NONE,NONE
TXN_009958,0,NONE,NONE
TXN_004932,0,NONE,NONE
TXN_012211,0,NONE,NONE
TXN_006515,1,NETWORK,SHARED_DEVICE
TXN_004909,0,NONE,NONE
TXN_012570,0,NONE,NONE
TXN_010405,0,NONE,NONE
TXN_014538,0,NONE,NONE
TXN_003908,0,NONE,NONE
TXN_003184,0,NONE,NONE
TXN_009750,0,NONE,NONE
TXN_011954,0,NONE,NONE
TXN_001757,0,NONE,NONE
TXN_009597,0,NONE,NONE
TXN_001286,0,NONE,NONE
TXN_011320,0,NONE,NONE
TXN_013857,1,VELOCITY,RAPID_TRANSACTIONS
TXN_004995,0,NONE,NONE
TXN_004680,1,NETWORK,SHARED_DEVICE
TXN_011256,0,NONE,NONE
TXN_010991,0,NONE,NONE
TXN_010496,1,DEVICE,NEW_DEVICE
TXN_007245,1,AMOUNT_ANOMALY,SUDDEN_HIGH_VALUE
TXN_004885,0,NONE,NONE
TXN_007133,1,AMOUNT_ANOMALY,SUDDEN_HIGH_VALUE
TXN_010101,0,NONE,NONE
TXN_004531,0,NONE,NONE
TXN_013718,0,NONE,NONE
TXN_009572,0,NONE,NONE
TXN_012473,0,NONE,NONE
TXN_000204,0,NONE,NONE
TXN_012924,0,NONE,NONE
TXN_003877,0,NONE,NONE
TXN_000524,0,NONE,NONE
TXN_013317,1,AMOUNT_ANOMALY,SUDDEN_HIGH_VALUE
TXN_011887,1,BEHAVIORAL,SPENDING_PATTERN_SHIFT
TXN_013224,0,NONE,NONE
TXN_004506,0,NONE,NONE
TXN_000539,0,NONE,NONE
TXN_009655,0,NONE,NONE
TXN_005758,0,NONE,NONE
TXN_002065,0,NONE,NONE
TXN_000075,0,NONE,NONE
TXN_004840,0,NONE,NONE
TXN_002253,0,NONE,NONE
TXN_005604,0,NONE,NONE
TXN_003839,0,NONE,NONE
TXN_007626,0,NONE,NONE
TXN_012453,0,NONE,NONE
TXN_012792,0,NONE,NONE
TXN_004662,0,NONE,NONE
TXN_001815,0,NONE,NONE
TXN_000359,0,NONE,NONE
TXN_007466,0,NONE,NONE
TXN_008789,1,CARD_TESTING,MICRO_TRANSACTIONS
TXN_002884,0,NONE,NONE
TXN_008013,0,NONE,NONE
TXN_014350,1,MERCHANT,UNUSUAL_MERCHANT
TXN_007795,0,NONE,NONE
TXN_006871,0,NONE,NONE
TXN_000082,1,NETWORK,SHARED_DEVICE
TXN_013117,0,NONE,NONE
TXN_001913,0,NONE,NONE
TXN_011528,0,NONE,NONE
TXN_002405,0,NONE,NONE
TXN_001561,0,NONE,NONE
TXN_007169,0,NONE,NONE
TXN_012068,0,NONE,NONE
TXN_011422,0,NONE,NONE
TXN_012618,0,NONE,NONE
TXN_002958,0,NONE,NONE
TXN_014964,0,NONE,NONE
TXN_000963,0,NONE,NONE
TXN_004741,0,NONE,NONE
TXN_004605,0,NONE,NONE
TXN_012693,0,NONE,NONE
TXN_012385,0,NONE,NONE
TXN_000499,0,NONE,NONE
TXN_009378,0,NONE,NONE
TXN_001272,0,NONE,NONE
TXN_003987,0,NONE,NONE
TXN_003444,1,SEQUENTIAL,MICRO_TO_LARGE_ESCALATION
TXN_010470,0,NONE,NONE
TXN_013217,0,NONE,NONE
TXN_014390,0,NONE,NONE
TXN_013301,0,NONE,NONE
TXN_010198,1,CARD_TESTING,MICRO_TRANSACTIONS
TXN_009236,0,NONE,NONE
TXN_006336,0,NONE,NONE
TXN_013108,0,NONE,NONE
TXN_001427,0,NONE,NONE
TXN_014296,0,NONE,NONE
TXN_007813,0,NONE,NONE
TXN_008995,0,NONE,NONE
TXN_001377,1,VELOCITY,RAPID_TRANSACTIONS
TXN_011607,1,DEVICE,NEW_DEVICE
TXN_010949,0,NONE,NONE
TXN_007246,0,NONE,NONE
TXN_005435,1,MERCHANT,UNUSUAL_MERCHANT
TXN_001551,0,NONE,NONE
TXN_014893,0,NONE,NONE
TXN_014453,0,NONE,NONE
TXN_007456,0,NONE,NONE
TXN_013570,0,NONE,NONE
TXN_012889,0,NONE,NONE
TXN_002902,0,NONE,NONE
TXN_003954,0,NONE,NONE
TXN_013948,0,NONE,NONE
TXN_012795,0,NONE,NONE
TXN_001698,0,NONE,NONE
TXN_000131,0,NONE,NONE
TXN_012064,0,NONE,NONE
TXN_002597,0,NONE,NONE
TXN_009614,0,NONE,NONE
TXN_001907,0,NONE,NONE
TXN_003010,0,NONE,NONE
TXN_009921,0,NONE,NONE
TXN_008890,0,NONE,NONE
TXN_001354,0,NONE,NONE
TXN_005680,0,NONE,NONE
TXN_003787,0,NONE,NONE
TXN_011513,0,NONE,NONE
TXN_013439,0,NONE,NONE
TXN_006489,0,NONE,NONE
TXN_014311,0,NONE,NONE
TXN_013997,1,NETWORK,SHARED_DEVICE
TXN_013253,0,NONE,NONE
TXN_010530,0,NONE,NONE
TXN_006081,0,NONE,NONE
TXN_006907,0,NONE,NONE
TXN_006966,0,NONE,NONE
TXN_013519,0,NONE,NONE
TXN_005548,0,NONE,NONE
TXN_006038,0,NONE,NONE
TXN_003223,0,NONE,NONE
TXN_010520,0,NONE,NONE
TXN_009971,0,NONE,NONE
TXN_001581,0,NONE,NONE
TXN_001956,0,NONE,NONE
TXN_000083,0,NONE,NONE
TXN_000934,0,NONE,NONE
TXN_007141,0,NONE,NONE
TXN_009004,0,NONE,NONE
TXN_009064,0,NONE,NONE
TXN_002877,0,NONE,NONE
TXN_012376,0,NONE,NONE
TXN_004819,1,TIME_ANOMALY,UNUSUAL_HOUR
TXN_010235,0,NONE,NONE
TXN_014366,0,NONE,NONE
TXN_000820,0,NONE,NONE
TXN_008030,0,NONE,NONE
TXN_004244,1,DEVICE,NEW_DEVICE
TXN_007315,0,NONE,NONE
TXN_007985,1,CARD_TESTING,MICRO_TRANSACTIONS
TXN_013842,0,NONE,NONE
TXN_002883,0,NONE,NONE
TXN_009433,0,NONE,NONE
TXN_006984,0,NONE,NONE
TXN_001216,0,NONE,NONE
TXN_003549,0,NONE,NONE
TXN_008069,0,NONE,NONE
TXN_007095,0,NONE,NONE
TXN_004614,0,NONE,NONE
TXN_004489,0,NONE,NONE
TXN_005275,0,NONE,NONE
TXN_008559,0,NONE,NONE
TXN_006825,0,NONE,NONE
TXN_006460,0,NONE,NONE
TXN_001083,0,NONE,NONE
TXN_009316,0,NONE,NONE
TXN_014808,0,NONE,NONE
TXN_001599,0,NONE,NONE
TXN_007046,0,NONE,NONE
TXN_014048,0,NONE,NONE
TXN_014367,1,DEVICE,NEW_DEVICE
TXN_012459,0,NONE,NONE
TXN_014196,0,NONE,NONE
TXN_001743,0,NONE,NONE
TXN_014570,0,NONE,NONE
TXN_012136,0,NONE,NONE
TXN_003682,0,NONE,NONE
TXN_005379,0,NONE,NONE
TXN_013763,0,NONE,NONE
TXN_001932,0,NONE,NONE
TXN_000265,0,NONE,NONE
TXN_004430,0,NONE,NONE
TXN_009744,0,NONE,NONE
TXN_004981,0,NONE,NONE
TXN_005631,0,NONE,NONE
TXN_000579,0,NONE,NONE
TXN_004562,0,NONE,NONE
TXN_014975,1,NETWORK,SHARED_DEVICE
TXN_010011,0,NONE,NONE
TXN_010607,0,NONE,NONE
TXN_004747,0,NONE,NONE
TXN_003236,0,NONE,NONE
TXN_002612,0,NONE,NONE
TXN_004805,0,NONE,NONE
TXN_014667,0,NONE,NONE
TXN_011063,0,NONE,NONE
TXN_010615,0,NONE,NONE
TXN_014081,0,NONE,NONE
TXN_003142,0,NONE,NONE
TXN_012151,0,NONE,NONE
TXN_013821,0,NONE,NONE
TXN_010750,0,NONE,NONE
TXN_014067,0,NONE,NONE
TXN_010002,0,NONE,NONE
TXN_010926,0,NONE,NONE
TXN_010086,0,NONE,NONE
TXN_007267,0,NONE,NONE
TXN_013128,0,NONE,NONE
TXN_000960,1,TIME_ANOMALY,UNUSUAL_HOUR
TXN_013925,0,NONE,NONE
TXN_011972,0,NONE,NONE
TXN_003025,0,NONE,NONE
TXN_005790,0,NONE,NONE
TXN_001928,0,NONE,NONE
TXN_003605,1,DEVICE,NEW_DEVICE
TXN_012695,0,NONE,NONE
TXN_004868,1,GEOGRAPHIC,IMPOSSIBLE_TRAVEL
TXN_003595,0,NONE,NONE
TXN_005515,0,NONE,NONE
TXN_009388,0,NONE,NONE
TXN_001577,0,NONE,NONE
TXN_009443,0,NONE,NONE
TXN_006355,0,NONE,NONE
TXN_000748,0,NONE,NONE
TXN_003140,0,NONE,NONE
TXN_013817,0,NONE,NONE
TXN_004202,1,MERCHANT,UNUSUAL_MERCHANT
TXN_001911,1,AMOUNT_ANOMALY,SUDDEN_HIGH_VALUE
TXN_002550,0,NONE,NONE
TXN_009428,0,NONE,NONE
TXN_012108,0,NONE,NONE
TXN_002499,0,NONE,NONE
TXN_009201,0,NONE,NONE
TXN_013865,0,NONE,NONE
TXN_014861,0,NONE,NONE
TXN_014150,0,NONE,NONE
TXN_006186,0,NONE,NONE
TXN_006365,0,NONE,NONE
TXN_002525,0,NONE,NONE
TXN_000827,1,CARD_TESTING,MICRO_TRANSACTIONS
TXN_012777,0,NONE,NONE
TXN_001063,0,NONE,NONE
TXN_001774,0,NONE,NONE
TXN_009561,0,NONE,NONE
TXN_011059,0,NONE,NONE
TXN_010202,0,NONE,NONE
TXN_010345,0,NONE,NONE
TXN_009951,0,NONE,NONE
TXN_011282,0,NONE,NONE
TXN_003178,0,NONE,NONE
TXN_003751,0,NONE,NONE
TXN_002187,0,NONE,NONE
TXN_004401,0,NONE,NONE
TXN_004445,0,NONE,NONE
TXN_007834,0,NONE,NONE
TXN_006723,0,NONE,NONE
TXN_012127,0,NONE,NONE
TXN_003403,0,NONE,NONE
TXN_008591,0,NONE,NONE
TXN_010978,0,NONE,NONE
TXN_013476,0,NONE,NONE
TXN_006581,1,MERCHANT,UNUSUAL_MERCHANT
TXN_005722,0,NONE,NONE
TXN_013265,0,NONE,NONE
TXN_000353,0,NONE,NONE
TXN_005008,0,NONE,NONE
TXN_002593,0,NONE,NONE
TXN_007989,0,NONE,NONE
TXN_003936,1,MERCHANT,UNUSUAL_MERCHANT
TXN_012850,0,NONE,NONE
TXN_005975,0,NONE,NONE
TXN_000330,1,AMOUNT_ANOMALY,SUDDEN_HIGH_VALUE
TXN_000840,0,NONE,NONE
TXN_009963,0,NONE,NONE
TXN_002340,0,NONE,NONE
TXN_014425,1,NETWORK,SHARED_DEVICE
TXN_005370,0,NONE,NONE
TXN_005683,0,NONE,NONE
TXN_004758,0,NONE,NONE
TXN_006782,0,NONE,NONE
TXN_007905,0,NONE,NONE
TXN_008184,0,NONE,NONE
TXN_011636,0,NONE,NONE
TXN_008097,0,NONE,NONE
TXN_000763,0,NONE,NONE
TXN_010590,0,NONE,NONE
TXN_001435,0,NONE,NONE
TXN_013692,0,NONE,NONE
TXN_007801,0,NONE,NONE
TXN_004297,0,NONE,NONE
TXN_006624,0,NONE,NONE
TXN_009008,0,NONE,NONE
TXN_013580,0,NONE,NONE
TXN_010303,0,NONE,NONE
TXN_012969,0,NONE,NONE
TXN_005236,0,NONE,NONE
TXN_013551,0,NONE,NONE
TXN_003312,0,NONE,NONE
TXN_006561,0,NONE,NONE
TXN_002906,0,NONE,NONE
TXN_014395,0,NONE,NONE
TXN_003675,0,NONE,NONE
TXN_008440,0,NONE,NONE
TXN_009359,0,NONE,NONE
TXN_001844,0,NONE,NONE
TXN_006619,0,NONE,NONE
TXN_009250,1,SEQUENTIAL,MICRO_TO_LARGE_ESCALATION
TXN_010614,0,NONE,NONE
TXN_002213,1,CARD_TESTING,MICRO_TRANSACTIONS
TXN_004724,0,NONE,NONE
TXN_005556,0,NONE,NONE
TXN_014186,0,NONE,NONE
TXN_013652,0,NONE,NONE
TXN_010921,0,NONE,NONE
TXN_002297,0,NONE,NONE
TXN_011186,0,NONE,NONE
TXN_009680,0,NONE,NONE
TXN_007986,0,NONE,NONE
TXN_006409,0,NONE,NONE
TXN_005653,0,NONE,NONE
TXN_003066,0,NONE,NONE
TXN_014338,0,NONE,NONE
TXN_010522,0,NONE,NONE
TXN_002478,1,AMOUNT_ANOMALY,SUDDEN_HIGH_VALUE
TXN_003859,0,NONE,NONE
TXN_010525,0,NONE,NONE
TXN_002826,0,NONE,NONE
TXN_012581,0,NONE,NONE
TXN_012405,0,NONE,NONE
TXN_013337,0,NONE,NONE
TXN_007803,1,SEQUENTIAL,MICRO_TO_LARGE_ESCALATION
TXN_001027,0,NONE,NONE
TXN_005536,0,NONE,NONE
TXN_006982,0,NONE,NONE
TXN_002339,0,NONE,NONE
TXN_009119,0,NONE,NONE
TXN_005396,0,NONE,NONE
TXN_013600,0,NONE,NONE
TXN_001072,0,NONE,NONE
TXN_004884,0,NONE,NONE
TXN_003960,0,NONE,NONE
TXN_000389,0,NONE,NONE
TXN_000316,0,NONE,NONE
TXN_012865,0,NONE,NONE
TXN_009170,1,MERCHANT,UNUSUAL_MERCHANT
TXN_005015,1,AMOUNT_ANOMALY,SUDDEN_HIGH_VALUE
TXN_000295,0,NONE,NONE
TXN_011553,0,NONE,NONE
TXN_005003,0,NONE,NONE
TXN_002623,0,NONE,NONE
TXN_001443,1,CARD_TESTING,MICRO_TRANSACTIONS
TXN_014178,0,NONE,NONE
TXN_005246,0,NONE,NONE
TXN_010854,0,NONE,NONE
TXN_007937,0,NONE,NONE
TXN_001129,0,NONE,NONE
TXN_009752,0,NONE,NONE
TXN_003991,0,NONE,NONE
TXN_005615,0,NONE,NONE
TXN_001485,0,NONE,NONE
TXN_001372,0,NONE,NONE
TXN_001444,0,NONE,NONE
TXN_011664,0,NONE,NONE
TXN_008793,0,NONE,NONE
TXN_012842,0,NONE,NONE
TXN_003536,0,NONE,NONE
TXN_001627,0,NONE,NONE
TXN_000184,0,NONE,NONE
TXN_004552,0,NONE,NONE
TXN_001544,0,NONE,NONE
TXN_004285,0,NONE,NONE
TXN_006045,0,NONE,NONE
TXN_002327,0,NONE,NONE
TXN_011690,1,AMOUNT_ANOMALY,SUDDEN_HIGH_VALUE
TXN_014974,0,NONE,NONE
TXN_013400,0,NONE,NONE
TXN_008329,0,NONE,NONE
TXN_004686,1,BEHAVIORAL,SPENDING_PATTERN_SHIFT
TXN_009199,0,NONE,NONE
TXN_008733,0,NONE,NONE
TXN_005187,0,NONE,NONE
TXN_013644,0,NONE,NONE
TXN_009523,0,NONE,NONE
TXN_011819,1,AMOUNT_ANOMALY,SUDDEN_HIGH_VALUE
TXN_003265,0,NONE,NONE
TXN_013605,0,NONE,NONE
TXN_010157,0,NONE,NONE
TXN_010036,0,NONE,NONE
TXN_002528,0,NONE,NONE
TXN_011750,0,NONE,NONE
TXN_010753,0,NONE,NONE
TXN_013620,0,NONE,NONE
TXN_012149,0,NONE,NONE
TXN_003345,0,NONE,NONE
TXN_005338,0,NONE,NONE
TXN_000851,0,NONE,NONE
TXN_000282,0,NONE,NONE
TXN_013697,0,NONE,NONE
TXN_003926,0,NONE,NONE
TXN_005227,0,NONE,NONE
TXN_002726,0,NONE,NONE
TXN_000241,0,NONE,NONE
TXN_000196,0,NONE,NONE
TXN_012769,0,NONE,NONE
TXN_011774,0,NONE,NONE
TXN_005467,0,NONE,NONE
TXN_000116,0,NONE,NONE
TXN_010940,0,NONE,NONE
TXN_002681,0,NONE,NONE
TXN_003589,0,NONE,NONE
TXN_009042,0,NONE,NONE
TXN_002921,0,NONE,NONE
TXN_014551,0,NONE,NONE
TXN_002199,1,DEVICE,NEW_DEVICE
TXN_006523,0,NONE,NONE
TXN_013371,0,NONE,NONE
TXN_012877,0,NONE,NONE
TXN_007165,0,NONE,NONE
TXN_009950,0,NONE,NONE
TXN_001476,0,NONE,NONE
TXN_009066,0,NONE,NONE
TXN_011539,0,NONE,NONE
TXN_012415,0,NONE,NONE
TXN_008673,0,NONE,NONE
TXN_003533,0,NONE,NONE
TXN_012647,0,NONE,NONE
TXN_014194,0,NONE,NONE
TXN_013937,0,NONE,NONE
TXN_010252,0,NONE,NONE
TXN_006692,0,NONE,NONE
TXN_011001,0,NONE,NONE
TXN_003567,0,NONE,NONE
TXN_008145,0,NONE,NONE
TXN_001999,1,CARD_TESTING,MICRO_TRANSACTIONS
TXN_014568,0,NONE,NONE
TXN_004738,0,NONE,NONE
TXN_002960,0,NONE,NONE
TXN_004576,0,NONE,NONE
TXN_006899,0,NONE,NONE
TXN_005448,0,NONE,NONE
TXN_008172,0,NONE,NONE
TXN_002536,0,NONE,NONE
TXN_007033,1,TIME_ANOMALY,UNUSUAL_HOUR
TXN_008082,0,NONE,NONE
TXN_001786,0,NONE,NONE
TXN_010480,0,NONE,NONE
TXN_011531,0,NONE,NONE
TXN_002772,0,NONE,NONE
TXN_010576,0,NONE,NONE
TXN_012442,0,NONE,NONE
TXN_005771,0,NONE,NONE
TXN_012341,0,NONE,NONE
TXN_005942,0,NONE,NONE
TXN_003897,0,NONE,NONE
TXN_011019,0,NONE,NONE
TXN_004119,0,NONE,NONE
TXN_002649,0,NONE,NONE
TXN_005740,0,NONE,NONE
TXN_001113,1,DEVICE,NEW_DEVICE
TXN_011611,0,NONE,NONE
TXN_006412,0,NONE,NONE
TXN_005642,0,NONE,NONE
TXN_008068,0,NONE,NONE
TXN_011215,0,NONE,NONE
TXN_003379,1,DEVICE,NEW_DEVICE
TXN_002657,0,NONE,NONE
TXN_009189,0,NONE,NONE
TXN_005203,0,NONE,NONE
TXN_005827,0,NONE,NONE
TXN_006507,0,NONE,NONE
TXN_005685,0,NONE,NONE
TXN_007425,0,NONE,NONE
TXN_004744,0,NONE,NONE
TXN_007176,0,NONE,NONE
TXN_011718,0,NONE,NONE
TXN_003098,0,NONE,NONE
TXN_012339,0,NONE,NONE
TXN_000454,0,NONE,NONE
TXN_008396,0,NONE,NONE
TXN_012998,0,NONE,NONE
TXN_002442,0,NONE,NONE
TXN_010497,0,NONE,NONE
TXN_013073,0,NONE,NONE
TXN_013877,0,NONE,NONE
TXN_010506,0,NONE,NONE
TXN_003586,0,NONE,NONE
TXN_014573,0,NONE,NONE
TXN_013678,0,NONE,NONE
TXN_000065,0,NONE,NONE
TXN_007225,0,NONE,NONE
TXN_014055,0,NONE,NONE
TXN_001987,0,NONE,NONE
TXN_005751,0,NONE,NONE
TXN_004901,0,NONE,NONE
TXN_003024,0,NONE,NONE
TXN_000123,0,NONE,NONE
TXN_011854,0,NONE,NONE
TXN_011808,1,SEQUENTIAL,MICRO_TO_LARGE_ESCALATION
TXN_011908,0,NONE,NONE
TXN_007556,0,NONE,NONE
TXN_009473,0,NONE,NONE
TXN_014098,1,AMOUNT_ANOMALY,SUDDEN_HIGH_VALUE
TXN_001029,1,AMOUNT_ANOMALY,SUDDEN_HIGH_VALUE
TXN_013661,0,NONE,NONE
TXN_011792,0,NONE,NONE
TXN_000646,0,NONE,NONE
TXN_012021,0,NONE,NONE
TXN_000411,1,SEQUENTIAL,MICRO_TO_LARGE_ESCALATION
TXN_006886,0,NONE,NONE
TXN_008103,0,NONE,NONE
TXN_010457,0,NONE,NONE
TXN_003201,0,NONE,NONE
TXN_008653,0,NONE,NONE
TXN_014881,0,NONE,NONE
TXN_010987,0,NONE,NONE
TXN_003759,0,NONE,NONE
TXN_007756,0,NONE,NONE
TXN_002342,0,NONE,NONE
TXN_013194,0,NONE,NONE
TXN_001250,0,NONE,NONE
TXN_001625,1,GEOGRAPHIC,IMPOSSIBLE_TRAVEL
TXN_010709,0,NONE,NONE
TXN_004807,0,NONE,NONE
TXN_009846,0,NONE,NONE
TXN_011018,0,NONE,NONE
TXN_006480,0,NONE,NONE
TXN_005943,0,NONE,NONE
TXN_013011,0,NONE,NONE
TXN_002111,0,NONE,NONE
TXN_009231,0,NONE,NONE
TXN_008779,0,NONE,NONE
TXN_000255,0,NONE,NONE
TXN_006673,0,NONE,NONE
TXN_000577,0,NONE,NONE
TXN_008463,0,NONE,NONE
TXN_002911,0,NONE,NONE
TXN_011561,0,NONE,NONE
TXN_005524,0,NONE,NONE
TXN_000301,0,NONE,NONE
TXN_002489,0,NONE,NONE
TXN_006136,0,NONE,NONE
TXN_011391,0,NONE,NONE
TXN_006537,0,NONE,NONE
TXN_005268,0,NONE,NONE
TXN_004412,0,NONE,NONE
TXN_011768,0,NONE,NONE
TXN_014886,0,NONE,NONE
TXN_006003,0,NONE,NONE
TXN_001215,1,SEQUENTIAL,MICRO_TO_LARGE_ESCALATION
TXN_001643,1,BEHAVIORAL,SPENDING_PATTERN_SHIFT
TXN_010283,0,NONE,NONE
TXN_007304,1,GEOGRAPHIC,IMPOSSIBLE_TRAVEL
TXN_008459,0,NONE,NONE
TXN_000158,0,NONE,NONE
TXN_006729,1,CARD_TESTING,MICRO_TRANSACTIONS
TXN_003416,1,VELOCITY,RAPID_TRANSACTIONS
TXN_008283,0,NONE,NONE
TXN_000305,0,NONE,NONE
TXN_009156,0,NONE,NONE
TXN_012044,0,NONE,NONE
TXN_001647,0,NONE,NONE
TXN_012747,0,NONE,NONE
TXN_014340,0,NONE,NONE
TXN_014523,0,NONE,NONE
TXN_006064,0,NONE,NONE
TXN_011327,0,NONE,NONE
TXN_006410,0,NONE,NONE
TXN_002807,0,NONE,NONE
TXN_008696,0,NONE,NONE
TXN_005888,0,NONE,NONE
TXN_008912,0,NONE,NONE
TXN_008354,0,NONE,NONE
TXN_001959,0,NONE,NONE
TXN_011155,1,VELOCITY,RAPID_TRANSACTIONS
TXN_012529,0,NONE,NONE
TXN_003906,0,NONE,NONE
TXN_008579,0,NONE,NONE
TXN_004639,0,NONE,NONE
TXN_006645,0,NONE,NONE
TXN_005506,0,NONE,NONE
TXN_003840,0,NONE,NONE
TXN_009891,0,NONE,NONE
TXN_000334,0,NONE,NONE
TXN_009553,0,NONE,NONE
TXN_004456,0,NONE,NONE
TXN_009682,0,NONE,NONE
TXN_013158,0,NONE,NONE
TXN_007047,0,NONE,NONE
TXN_005616,0,NONE,NONE
TXN_002287,0,NONE,NONE
TXN_003297,0,NONE,NONE
TXN_004017,0,NONE,NONE
TXN_014383,0,NONE,NONE
TXN_011987,0,NONE,NONE
TXN_004025,0,NONE,NONE
TXN_000455,0,NONE,NONE
TXN_000325,0,NONE,NONE
TXN_012505,0,NONE,NONE
TXN_011290,0,NONE,NONE
TXN_009382,0,NONE,NONE
TXN_000572,0,NONE,NONE
TXN_002643,0,NONE,NONE
TXN_010216,0,NONE,NONE
TXN_004929,0,NONE,NONE
TXN_009058,0,NONE,NONE
TXN_006520,0,NONE,NONE
TXN_001739,0,NONE,NONE
TXN_002820,0,NONE,NONE
TXN_007973,0,NONE,NONE
TXN_006423,0,NONE,NONE
TXN_000564,0,NONE,NONE
TXN_006880,0,NONE,NONE
TXN_006704,0,NONE,NONE
TXN_009569,0,NONE,NONE
TXN_005750,0,NONE,NONE
TXN_009458,1,TIME_ANOMALY,UNUSUAL_HOUR
TXN_001365,0,NONE,NONE
TXN_003182,0,NONE,NONE
TXN_001207,1,DEVICE,NEW_DEVICE
TXN_006138,0,NONE,NONE
TXN_008009,1,TIME_ANOMALY,UNUSUAL_HOUR
TXN_009649,0,NONE,NONE
TXN_009221,0,NONE,NONE
TXN_002829,0,NONE,NONE
TXN_002158,0,NONE,NONE
TXN_001119,0,NONE,NONE
TXN_009424,0,NONE,NONE
TXN_009773,0,NONE,NONE
TXN_007369,0,NONE,NONE
TXN_007853,0,NONE,NONE
TXN_005411,0,NONE,NONE
TXN_013498,0,NONE,NONE
TXN_013686,0,NONE,NONE
TXN_011744,0,NONE,NONE
TXN_007450,0,NONE,NONE
TXN_012650,0,NONE,NONE
TXN_000769,0,NONE,NONE
TXN_000719,0,NONE,NONE
TXN_005684,0,NONE,NONE
TXN_010207,1,AMOUNT_ANOMALY,SUDDEN_HIGH_VALUE
TXN_002963,0,NONE,NONE
TXN_000262,0,NONE,NONE
TXN_004422,0,NONE,NONE
TXN_000006,0,NONE,NONE
TXN_009463,0,NONE,NONE
TXN_003059,0,NONE,NONE
TXN_014817,0,NONE,NONE
TXN_006668,0,NONE,NONE
TXN_011352,0,NONE,NONE
TXN_008635,0,NONE,NONE
TXN_009789,0,NONE,NONE
TXN_005820,0,NONE,NONE
TXN_000921,0,NONE,NONE
TXN_008892,0,NONE,NONE
TXN_007191,0,NONE,NONE
TXN_005913,0,NONE,NONE
TXN_011122,0,NONE,NONE
TXN_010464,0,NONE,NONE
TXN_014810,0,NONE,NONE
TXN_008905,0,NONE,NONE
TXN_000174,1,DEVICE,NEW_DEVICE
TXN_002571,0,NONE,NONE
TXN_012611,0,NONE,NONE
TXN_011707,0,NONE,NONE
TXN_002580,1,DEVICE,NEW_DEVICE
TXN_006361,0,NONE,NONE
TXN_006274,1,GEOGRAPHIC,IMPOSSIBLE_TRAVEL
TXN_005863,0,NONE,NONE
TXN_012458,0,NONE,NONE
TXN_003679,1,CARD_TESTING,MICRO_TRANSACTIONS
TXN_003818,0,NONE,NONE
TXN_005924,0,NONE,NONE
TXN_002017,1,MERCHANT,UNUSUAL_MERCHANT
TXN_014644,0,NONE,NONE
TXN_011587,1,TIME_ANOMALY,UNUSUAL_HOUR
TXN_004313,0,NONE,NONE
TXN_008744,0,NONE,NONE
TXN_001990,0,NONE,NONE
TXN_006125,0,NONE,NONE
TXN_012688,0,NONE,NONE
TXN_011154,0,NONE,NONE
TXN_000132,0,NONE,NONE
TXN_007407,0,NONE,NONE
TXN_012579,0,NONE,NONE
TXN_008285,0,NONE,NONE
TXN_005647,0,NONE,NONE
TXN_007852,0,NONE,NONE
TXN_013815,0,NONE,NONE
TXN_005180,0,NONE,NONE
TXN_013729,0,NONE,NONE
TXN_008607,0,NONE,NONE
TXN_013398,0,NONE,NONE
TXN_014496,0,NONE,NONE
TXN_004534,0,NONE,NONE
TXN_001383,0,NONE,NONE
TXN_009844,0,NONE,NONE
TXN_009510,0,NONE,NONE
TXN_006529,0,NONE,NONE
TXN_008337,0,NONE,NONE
TXN_001001,0,NONE,NONE
TXN_010611,0,NONE,NONE
TXN_007563,0,NONE,NONE
TXN_014557,0,NONE,NONE
TXN_008412,0,NONE,NONE
TXN_012085,0,NONE,NONE
TXN_000172,0,NONE,NONE
TXN_011460,0,NONE,NONE
TXN_009462,0,NONE,NONE
TXN_000072,0,NONE,NONE
TXN_014245,0,NONE,NONE
TXN_005730,0,NONE,NONE
TXN_004472,1,GEOGRAPHIC,IMPOSSIBLE_TRAVEL
TXN_003496,0,NONE,NONE
TXN_009373,0,NONE,NONE
TXN_004275,0,NONE,NONE
TXN_003814,0,NONE,NONE
TXN_004731,0,NONE,NONE
TXN_002390,0,NONE,NONE
TXN_007533,0,NONE,NONE
TXN_007874,0,NONE,NONE
TXN_007396,0,NONE,NONE
TXN_004860,0,NONE,NONE
TXN_014617,0,NONE,NONE
TXN_002714,1,AMOUNT_ANOMALY,SUDDEN_HIGH_VALUE
TXN_003252,0,NONE,NONE
TXN_007087,0,NONE,NONE
TXN_012940,1,MERCHANT,UNUSUAL_MERCHANT
TXN_007664,0,NONE,NONE
TXN_003579,0,NONE,NONE
TXN_011061,0,NONE,NONE
TXN_014634,0,NONE,NONE
TXN_009273,0,NONE,NONE
TXN_004136,0,NONE,NONE
TXN_004162,0,NONE,NONE
TXN_008680,0,NONE,NONE
TXN_006545,0,NONE,NONE
TXN_013659,0,NONE,NONE
TXN_014003,0,NONE,NONE
TXN_004370,0,NONE,NONE
TXN_012119,0,NONE,NONE
TXN_005092,0,NONE,NONE
TXN_014060,0,NONE,NONE
TXN_007979,0,NONE,NONE
TXN_007654,0,NONE,NONE
TXN_000167,0,NONE,NONE
TXN_009387,0,NONE,NONE
TXN_001282,1,CARD_TESTING,MICRO_TRANSACTIONS
TXN_008618,0,NONE,NONE
TXN_003012,0,NONE,NONE
TXN_004112,0,NONE,NONE
TXN_007951,0,NONE,NONE
TXN_009047,0,NONE,NONE
TXN_007848,0,NONE,NONE
TXN_005659,0,NONE,NONE
TXN_010281,0,NONE,NONE
TXN_005099,0,NONE,NONE
TXN_013000,0,NONE,NONE
TXN_012610,0,NONE,NONE
TXN_014970,0,NONE,NONE
TXN_001538,0,NONE,NONE
TXN_007364,1,NETWORK,SHARED_DEVICE
TXN_012018,0,NONE,NONE
TXN_001564,0,NONE,NONE
TXN_002722,0,NONE,NONE
TXN_001807,0,NONE,NONE
TXN_014767,0,NONE,NONE
TXN_005701,0,NONE,NONE
TXN_010831,0,NONE,NONE
TXN_006178,0,NONE,NONE
TXN_009024,0,NONE,NONE
TXN_011190,0,NONE,NONE
TXN_000091,0,NONE,NONE
TXN_008257,0,NONE,NONE
TXN_006620,0,NONE,NONE
TXN_012311,0,NONE,NONE
TXN_004040,1,VELOCITY,RAPID_TRANSACTIONS
TXN_002674,0,NONE,NONE
TXN_011560,0,NONE,NONE
TXN_012246,0,NONE,NONE
TXN_012899,0,NONE,NONE
TXN_004925,1,SEQUENTIAL,MICRO_TO_LARGE_ESCALATION
TXN_008827,1,AMOUNT_ANOMALY,SUDDEN_HIGH_VALUE
TXN_004249,0,NONE,NONE
TXN_008252,0,NONE,NONE
TXN_004989,0,NONE,NONE
TXN_013812,0,NONE,NONE
TXN_003503,0,NONE,NONE
TXN_007462,0,NONE,NONE
TXN_001440,0,NONE,NONE
TXN_014595,0,NONE,NONE
TXN_000575,0,NONE,NONE
TXN_011721,0,NONE,NONE
TXN_012987,0,NONE,NONE
TXN_000872,0,NONE,NONE
TXN_011805,0,NONE,NONE
TXN_007620,1,BEHAVIORAL,SPENDING_PATTERN_SHIFT
TXN_007152,0,NONE,NONE
TXN_006296,0,NONE,NONE
TXN_010355,0,NONE,NONE
TXN_011947,0,NONE,NONE
TXN_013148,0,NONE,NONE
TXN_012957,0,NONE,NONE
TXN_007193,1,NETWORK,SHARED_DEVICE
TXN_010901,0,NONE,NONE
TXN_010294,0,NONE,NONE
TXN_011677,0,NONE,NONE
TXN_007207,1,TIME_ANOMALY,UNUSUAL_HOUR
TXN_013361,0,NONE,NONE
TXN_005920,0,NONE,NONE
TXN_006566,0,NONE,NONE
TXN_000870,0,NONE,NONE
TXN_006082,0,NONE,NONE
TXN_002531,0,NONE,NONE
TXN_012248,0,NONE,NONE
TXN_014539,0,NONE,NONE
TXN_005709,0,NONE,NONE
TXN_002484,0,NONE,NONE
TXN_013631,0,NONE,NONE
TXN_008398,0,NONE,NONE
TXN_000608,0,NONE,NONE
TXN_011609,0,NONE,NONE
TXN_013773,0,NONE,NONE
TXN_011788,0,NONE,NONE
TXN_009205,0,NONE,NONE
TXN_012539,0,NONE,NONE
TXN_008195,0,NONE,NONE
TXN_006326,0,NONE,NONE
TXN_012497,0,NONE,NONE
TXN_002022,0,NONE,NONE
TXN_008578,0,NONE,NONE
TXN_001992,0,NONE,NONE
TXN_002324,1,GEOGRAPHIC,IMPOSSIBLE_TRAVEL
TXN_004088,0,NONE,NONE
TXN_012840,0,NONE,NONE
TXN_014157,0,NONE,NONE
TXN_003291,0,NONE,NONE
TXN_011514,0,NONE,NONE
TXN_003627,0,NONE,NONE
TXN_012305,0,NONE,NONE
TXN_014099,0,NONE,NONE
TXN_012207,0,NONE,NONE
TXN_011899,0,NONE,NONE
TXN_008230,0,NONE,NONE
TXN_011772,0,NONE,NONE
TXN_009400,0,NONE,NONE
TXN_002548,1,GEOGRAPHIC,IMPOSSIBLE_TRAVEL
TXN_001153,0,NONE,NONE
TXN_012191,0,NONE,NONE
TXN_014442,0,NONE,NONE
TXN_009806,0,NONE,NONE
TXN_000771,0,NONE,NONE
TXN_001872,0,NONE,NONE
TXN_003000,1,SEQUENTIAL,MICRO_TO_LARGE_ESCALATION
TXN_011262,0,NONE,NONE
TXN_011195,0,NONE,NONE
TXN_004982,0,NONE,NONE
TXN_006147,0,NONE,NONE
TXN_013082,0,NONE,NONE
TXN_014774,0,NONE,NONE
TXN_003062,0,NONE,NONE
TXN_004770,0,NONE,NONE
TXN_011925,0,NONE,NONE
TXN_006941,0,NONE,NONE
TXN_006838,1,DEVICE,NEW_DEVICE
TXN_004740,0,NONE,NONE
TXN_011446,0,NONE,NONE
TXN_012142,0,NONE,NONE
TXN_004357,0,NONE,NONE
TXN_007687,1,AMOUNT_ANOMALY,SUDDEN_HIGH_VALUE
TXN_004012,1,SEQUENTIAL,MICRO_TO_LARGE_ESCALATION
TXN_011846,0,NONE,NONE
TXN_010144,0,NONE,NONE
TXN_009518,0,NONE,NONE
TXN_009654,0,NONE,NONE
TXN_006813,0,NONE,NONE
TXN_008279,1,GEOGRAPHIC,IMPOSSIBLE_TRAVEL
TXN_012627,1,GEOGRAPHIC,IMPOSSIBLE_TRAVEL
TXN_006114,0,NONE,NONE
TXN_002785,0,NONE,NONE
TXN_006855,0,NONE,NONE
TXN_000502,0,NONE,NONE
TXN_011813,0,NONE,NONE
TXN_005856,0,NONE,NONE
TXN_007376,0,NONE,NONE
TXN_002296,0,NONE,NONE
TXN_010423,0,NONE,NONE
TXN_003565,0,NONE,NONE
TXN_013401,0,NONE,NONE
TXN_010233,0,NONE,NONE
TXN_004590,0,NONE,NONE
TXN_010070,0,NONE,NONE
TXN_013351,0,NONE,NONE
TXN_010055,0,NONE,NONE
TXN_007091,0,NONE,NONE
TXN_001590,0,NONE,NONE
TXN_004833,0,NONE,NONE
TXN_007704,0,NONE,NONE
TXN_006856,0,NONE,NONE
TXN_006179,0,NONE,NONE
TXN_013442,0,NONE,NONE
TXN_000712,0,NONE,NONE
TXN_014107,0,NONE,NONE
TXN_003576,1,BEHAVIORAL,SPENDING_PATTERN_SHIFT
TXN_004618,0,NONE,NONE
TXN_003973,0,NONE,NONE
TXN_010518,0,NONE,NONE
TXN_014315,0,NONE,NONE
TXN_012710,0,NONE,NONE
TXN_000089,0,NONE,NONE
TXN_007953,0,NONE,NONE
TXN_005022,0,NONE,NONE
TXN_001418,0,NONE,NONE
TXN_008533,0,NONE,NONE
TXN_009612,0,NONE,NONE
TXN_004516,0,NONE,NONE
TXN_006615,0,NONE,NONE
TXN_008884,0,NONE,NONE
TXN_007911,1,VELOCITY,RAPID_TRANSACTIONS
TXN_003882,0,NONE,NONE
TXN_012942,0,NONE,NONE
TXN_006061,0,NONE,NONE
TXN_009743,0,NONE,NONE
TXN_005239,0,NONE,NONE
TXN_001862,0,NONE,NONE
TXN_012758,0,NONE,NONE
TXN_003968,1,VELOCITY,RAPID_TRANSACTIONS
TXN_003821,0,NONE,NONE
TXN_001225,0,NONE,NONE
TXN_011433,0,NONE,NONE
TXN_012264,1,MERCHANT,UNUSUAL_MERCHANT
TXN_000356,0,NONE,NONE
TXN_004183,0,NONE,NONE
TXN_011639,0,NONE,NONE
TXN_014541,0,NONE,NONE
TXN_014695,0,NONE,NONE
TXN_003966,0,NONE,NONE
TXN_011776,0,NONE,NONE
TXN_004720,0,NONE,NONE
TXN_011427,0,NONE,NONE
TXN_014904,0,NONE,NONE
TXN_014418,0,NONE,NONE
TXN_012333,1,VELOCITY,RAPID_TRANSACTIONS
TXN_006922,0,NONE,NONE
TXN_010781,0,NONE,NONE
TXN_001349,0,NONE,NONE
TXN_009034,0,NONE,NONE
TXN_007800,0,NONE,NONE
TXN_013603,0,NONE,NONE
TXN_007331,0,NONE,NONE
TXN_009268,0,NONE,NONE
TXN_006458,1,CARD_TESTING,MICRO_TRANSACTIONS
TXN_005306,0,NONE,NONE
TXN_009071,0,NONE,NONE
TXN_007798,0,NONE,NONE
TXN_001523,0,NONE,NONE
TXN_007222,1,AMOUNT_ANOMALY,SUDDEN_HIGH_VALUE
TXN_007483,0,NONE,NONE
TXN_007111,0,NONE,NONE
TXN_005899,0,NONE,NONE
TXN_011029,0,NONE,NONE
TXN_005554,0,NONE,NONE
TXN_000916,0,NONE,NONE
TXN_005965,0,NONE,NONE
TXN_011216,0,NONE,NONE
TXN_012372,0,NONE,NONE
TXN_012367,0,NONE,NONE
TXN_001301,0,NONE,NONE
TXN_010943,0,NONE,NONE
TXN_010168,0,NONE,NONE
TXN_008556,0,NONE,NONE
TXN_006816,0,NONE,NONE
TXN_004345,0,NONE,NONE
TXN_003372,0,NONE,NONE
TXN_009222,0,NONE,NONE
TXN_001467,0,NONE,NONE
TXN_007231,0,NONE,NONE
TXN_004681,0,NONE,NONE
TXN_012778,0,NONE,NONE
TXN_006554,0,NONE,NONE
TXN_001645,1,CARD_TESTING,MICRO_TRANSACTIONS
TXN_008549,0,NONE,NONE
TXN_011709,0,NONE,NONE
TXN_007019,0,NONE,NONE
TXN_012893,0,NONE,NONE
TXN_003224,0,NONE,NONE
TXN_000986,0,NONE,NONE
TXN_010348,0,NONE,NONE
TXN_007032,0,NONE,NONE
TXN_000978,1,SEQUENTIAL,MICRO_TO_LARGE_ESCALATION
TXN_013885,0,NONE,NONE
TXN_009667,0,NONE,NONE
TXN_012290,1,SEQUENTIAL,MICRO_TO_LARGE_ESCALATION
TXN_003243,0,NONE,NONE
TXN_013544,0,NONE,NONE
TXN_006959,1,NETWORK,SHARED_DEVICE
TXN_007491,0,NONE,NONE
TXN_003808,0,NONE,NONE
TXN_007971,0,NONE,NONE
TXN_011230,0,NONE,NONE
TXN_002036,0,NONE,NONE
TXN_002048,0,NONE,NONE
TXN_008482,0,NONE,NONE
TXN_007957,0,NONE,NONE
TXN_001283,0,NONE,NONE
TXN_010311,0,NONE,NONE
TXN_008256,0,NONE,NONE
TXN_005865,0,NONE,NONE
TXN_012141,0,NONE,NONE
TXN_009285,0,NONE,NONE
TXN_014771,0,NONE,NONE
TXN_006506,0,NONE,NONE
TXN_012968,1,GEOGRAPHIC,IMPOSSIBLE_TRAVEL
TXN_002432,0,NONE,NONE
TXN_004236,0,NONE,NONE
TXN_009827,0,NONE,NONE
TXN_008834,0,NONE,NONE
TXN_010754,0,NONE,NONE
TXN_002615,0,NONE,NONE
TXN_006359,0,NONE,NONE
TXN_011365,0,NONE,NONE
TXN_006650,0,NONE,NONE
TXN_004608,0,NONE,NONE
TXN_013986,0,NONE,NONE
TXN_006367,0,NONE,NONE
TXN_013894,0,NONE,NONE
TXN_010424,0,NONE,NONE
TXN_013761,0,NONE,NONE
TXN_005858,0,NONE,NONE
TXN_004262,0,NONE,NONE
TXN_011174,1,BEHAVIORAL,SPENDING_PATTERN_SHIFT
TXN_013922,0,NONE,NONE
TXN_005445,0,NONE,NONE
TXN_011413,0,NONE,NONE
TXN_007138,0,NONE,NONE
TXN_007540,0,NONE,NONE
TXN_004566,1,CARD_TESTING,MICRO_TRANSACTIONS
TXN_009491,0,NONE,NONE
TXN_014419,0,NONE,NONE
TXN_009685,0,NONE,NONE
TXN_009715,0,NONE,NONE
TXN_010342,0,NONE,NONE
TXN_007690,0,NONE,NONE
TXN_014929,0,NONE,NONE
TXN_010000,0,NONE,NONE
TXN_004993,0,NONE,NONE
TXN_010865,0,NONE,NONE
TXN_010645,0,NONE,NONE
TXN_001347,0,NONE,NONE
TXN_014689,0,NONE,NONE
TXN_006484,0,NONE,NONE
TXN_006184,0,NONE,NONE
TXN_003870,0,NONE,NONE
TXN_014630,0,NONE,NONE
TXN_002120,0,NONE,NONE
TXN_008142,0,NONE,NONE
TXN_009524,0,NONE,NONE
TXN_013143,0,NONE,NONE
TXN_009389,0,NONE,NONE
TXN_005697,0,NONE,NONE
TXN_004879,0,NONE,NONE
TXN_014743,0,NONE,NONE
TXN_007537,0,NONE,NONE
TXN_000007,0,NONE,NONE
TXN_005962,0,NONE,NONE
TXN_008231,0,NONE,NONE
TXN_012661,0,NONE,NONE
TXN_009731,0,NONE,NONE
TXN_011323,0,NONE,NONE
TXN_014609,0,NONE,NONE
TXN_004755,0,NONE,NONE
TXN_013133,1,SEQUENTIAL,MICRO_TO_LARGE_ESCALATION
TXN_000232,0,NONE,NONE
TXN_004452,0,NONE,NONE
TXN_011394,1,NETWORK,SHARED_DEVICE
TXN_014897,0,NONE,NONE
TXN_008295,0,NONE,NONE
TXN_001244,0,NONE,NONE
TXN_000143,0,NONE,NONE
TXN_012133,0,NONE,NONE
TXN_010916,0,NONE,NONE
TXN_013888,0,NONE,NONE
TXN_003409,0,NONE,NONE
TXN_002684,0,NONE,NONE
TXN_010722,0,NONE,NONE
TXN_004241,1,DEVICE,NEW_DEVICE
TXN_008992,0,NONE,NONE
TXN_003790,0,NONE,NONE
TXN_001603,0,NONE,NONE
TXN_012009,0,NONE,NONE
TXN_008219,0,NONE,NONE
TXN_001137,0,NONE,NONE
TXN_011952,0,NONE,NONE
TXN_012774,0,NONE,NONE
TXN_005937,0,NONE,NONE
TXN_003486,0,NONE,NONE
TXN_003139,0,NONE,NONE
TXN_002109,0,NONE,NONE
TXN_011244,0,NONE,NONE
TXN_010001,0,NONE,NONE
TXN_000610,1,CARD_TESTING,MICRO_TRANSACTIONS
TXN_002130,0,NONE,NONE
TXN_012662,0,NONE,NONE
TXN_005706,0,NONE,NONE
TXN_011496,1,MERCHANT,UNUSUAL_MERCHANT
TXN_001541,0,NONE,NONE
TXN_013847,1,CARD_TESTING,MICRO_TRANSACTIONS
TXN_007672,0,NONE,NONE
TXN_006415,0,NONE,NONE
TXN_013824,0,NONE,NONE
TXN_012017,0,NONE,NONE
TXN_014534,0,NONE,NONE
TXN_012285,0,NONE,NONE
TXN_012058,0,NONE,NONE
TXN_009583,0,NONE,NONE
TXN_004222,0,NONE,NONE
TXN_003185,0,NONE,NONE
TXN_014361,0,NONE,NONE
TXN_011988,0,NONE,NONE
TXN_005302,0,NONE,NONE
TXN_013939,0,NONE,NONE
TXN_013619,0,NONE,NONE
TXN_005348,0,NONE,NONE
TXN_005422,0,NONE,NONE
TXN_014174,0,NONE,NONE
TXN_007147,0,NONE,NONE
TXN_006282,0,NONE,NONE
TXN_008596,0,NONE,NONE
TXN_002445,0,NONE,NONE
TXN_000011,0,NONE,NONE
TXN_014117,0,NONE,NONE
TXN_012861,0,NONE,NONE
TXN_003854,1,MERCHANT,UNUSUAL_MERCHANT
TXN_010195,0,NONE,NONE
TXN_005047,0,NONE,NONE
TXN_012718,0,NONE,NONE
TXN_005063,0,NONE,NONE
TXN_011627,0,NONE,NONE
TXN_007319,0,NONE,NONE
TXN_008874,0,NONE,NONE
TXN_003811,0,NONE,NONE
TXN_014172,0,NONE,NONE
TXN_012495,0,NONE,NONE
TXN_009983,1,AMOUNT_ANOMALY,SUDDEN_HIGH_VALUE
TXN_003796,0,NONE,NONE
TXN_001998,0,NONE,NONE
TXN_009464,1,GEOGRAPHIC,IMPOSSIBLE_TRAVEL
TXN_010956,0,NONE,NONE
TXN_007987,0,NONE,NONE
TXN_012551,0,NONE,NONE
TXN_010547,1,GEOGRAPHIC,IMPOSSIBLE_TRAVEL
TXN_011678,0,NONE,NONE
TXN_009337,0,NONE,NONE
TXN_013520,0,NONE,NONE
TXN_003775,0,NONE,NONE
TXN_002600,0,NONE,NONE
TXN_012498,0,NONE,NONE
TXN_001168,0,NONE,NONE
TXN_014426,1,VELOCITY,RAPID_TRANSACTIONS
TXN_002228,0,NONE,NONE
TXN_008382,0,NONE,NONE
TXN_012465,0,NONE,NONE
TXN_001984,0,NONE,NONE
TXN_007819,0,NONE,NONE
TXN_008149,0,NONE,NONE
TXN_011602,0,NONE,NONE
TXN_011735,0,NONE,NONE
TXN_014014,0,NONE,NONE
TXN_004295,0,NONE,NONE
TXN_001358,0,NONE,NONE
TXN_014792,0,NONE,NONE
TXN_007773,0,NONE,NONE
TXN_013994,0,NONE,NONE
TXN_002656,0,NONE,NONE
TXN_008245,0,NONE,NONE
TXN_010462,0,NONE,NONE
TXN_014397,0,NONE,NONE
TXN_009538,0,NONE,NONE
TXN_009419,1,VELOCITY,RAPID_TRANSACTIONS
TXN_004064,0,NONE,NONE
TXN_005112,0,NONE,NONE
TXN_000288,0,NONE,NONE
TXN_009534,0,NONE,NONE
TXN_000945,0,NONE,NONE
TXN_004677,0,NONE,NONE
TXN_003832,0,NONE,NONE
TXN_008824,1,BEHAVIORAL,SPENDING_PATTERN_SHIFT
TXN_000170,0,NONE,NONE
TXN_005812,1,DEVICE,NEW_DEVICE
TXN_000134,0,NONE,NONE
TXN_010433,0,NONE,NONE
TXN_003019,0,NONE,NONE
TXN_011983,0,NONE,NONE
TXN_001522,0,NONE,NONE
TXN_002841,0,NONE,NONE
TXN_005971,0,NONE,NONE
TXN_011666,0,NONE,NONE
TXN_005860,0,NONE,NONE
TXN_013622,0,NONE,NONE
TXN_000429,1,TIME_ANOMALY,UNUSUAL_HOUR
TXN_005821,1,TIME_ANOMALY,UNUSUAL_HOUR
TXN_012635,0,NONE,NONE
TXN_013272,0,NONE,NONE
TXN_006896,0,NONE,NONE
TXN_007137,0,NONE,NONE
TXN_001632,0,NONE,NONE
TXN_007177,0,NONE,NONE
TXN_012973,0,NONE,NONE
TXN_009722,0,NONE,NONE
TXN_013214,0,NONE,NONE
TXN_014749,0,NONE,NONE
TXN_011254,0,NONE,NONE
TXN_010712,0,NONE,NONE
TXN_001965,0,NONE,NONE
TXN_000406,1,MERCHANT,UNUSUAL_MERCHANT
TXN_000867,1,MERCHANT,UNUSUAL_MERCHANT
TXN_007402,0,NONE,NONE
TXN_014960,0,NONE,NONE
TXN_012074,0,NONE,NONE
TXN_009661,0,NONE,NONE
TXN_004714,0,NONE,NONE
TXN_006923,1,SEQUENTIAL,MICRO_TO_LARGE_ESCALATION
TXN_014100,0,NONE,NONE
TXN_010773,0,NONE,NONE
TXN_010695,0,NONE,NONE
TXN_009079,0,NONE,NONE
TXN_011536,0,NONE,NONE
TXN_006395,0,NONE,NONE
TXN_009391,0,NONE,NONE
TXN_004290,0,NONE,NONE
TXN_009671,1,BEHAVIORAL,SPENDING_PATTERN_SHIFT
TXN_013252,0,NONE,NONE
TXN_006762,1,VELOCITY,RAPID_TRANSACTIONS
TXN_000664,0,NONE,NONE
TXN_011445,0,NONE,NONE
TXN_009227,0,NONE,NONE
TXN_014910,0,NONE,NONE
TXN_012713,0,NONE,NONE
TXN_003948,0,NONE,NONE
TXN_005621,0,NONE,NONE
TXN_008875,0,NONE,NONE
TXN_006013,0,NONE,NONE
TXN_007809,0,NONE,NONE
TXN_006174,0,NONE,NONE
TXN_004364,0,NONE,NONE
TXN_012028,0,NONE,NONE
TXN_008063,0,NONE,NONE
TXN_005630,0,NONE,NONE
TXN_002106,1,GEOGRAPHIC,IMPOSSIBLE_TRAVEL
TXN_011425,0,NONE,NONE
TXN_009069,0,NONE,NONE
TXN_010223,0,NONE,NONE
TXN_004054,0,NONE,NONE
TXN_000679,0,NONE,NONE
TXN_005240,0,NONE,NONE
TXN_001423,0,NONE,NONE
TXN_007789,0,NONE,NONE
TXN_000966,0,NONE,NONE
TXN_006866,0,NONE,NONE
TXN_014053,1,MERCHANT,UNUSUAL_MERCHANT
TXN_014289,1,VELOCITY,RAPID_TRANSACTIONS
TXN_005874,0,NONE,NONE
TXN_004487,0,NONE,NONE
TXN_005044,0,NONE,NONE
TXN_007339,0,NONE,NONE
TXN_013575,0,NONE,NONE
TXN_011255,0,NONE,NONE
TXN_011867,0,NONE,NONE
TXN_001576,0,NONE,NONE
TXN_006030,0,NONE,NONE
TXN_013085,0,NONE,NONE
TXN_009146,0,NONE,NONE
TXN_005665,0,NONE,NONE
TXN_002281,0,NONE,NONE
TXN_004769,0,NONE,NONE
TXN_008450,0,NONE,NONE
TXN_003125,0,NONE,NONE
TXN_001709,0,NONE,NONE
TXN_010697,0,NONE,NONE
TXN_011686,0,NONE,NONE
TXN_007515,0,NONE,NONE
TXN_013139,0,NONE,NONE
TXN_006169,0,NONE,NONE
TXN_008301,0,NONE,NONE
TXN_014686,0,NONE,NONE
TXN_001738,1,VELOCITY,RAPID_TRANSACTIONS
TXN_011689,0,NONE,NONE
TXN_008999,0,NONE,NONE
TXN_010425,1,MERCHANT,UNUSUAL_MERCHANT
TXN_009321,0,NONE,NONE
TXN_002937,0,NONE,NONE
TXN_010483,0,NONE,NONE
TXN_003500,0,NONE,NONE
TXN_008909,0,NONE,NONE
TXN_009030,0,NONE,NONE
TXN_007196,0,NONE,NONE
TXN_003018,0,NONE,NONE
TXN_012826,0,NONE,NONE
TXN_005851,0,NONE,NONE
TXN_003721,0,NONE,NONE
TXN_014788,0,NONE,NONE
TXN_003856,1,VELOCITY,RAPID_TRANSACTIONS
TXN_010983,0,NONE,NONE
TXN_003165,0,NONE,NONE
TXN_005855,1,VELOCITY,RAPID_TRANSACTIONS
TXN_001585,0,NONE,NONE
TXN_002904,0,NONE,NONE
TXN_003553,1,AMOUNT_ANOMALY,SUDDEN_HIGH_VALUE
TXN_011588,0,NONE,NONE
TXN_010770,0,NONE,NONE
TXN_013731,0,NONE,NONE
TXN_006973,0,NONE,NONE
TXN_007705,0,NONE,NONE
TXN_002457,0,NONE,NONE
TXN_002975,0,NONE,NONE
TXN_011764,0,NONE,NONE
TXN_011432,0,NONE,NONE
TXN_009376,0,NONE,NONE
TXN_013981,0,NONE,NONE
TXN_012324,0,NONE,NONE
TXN_006903,0,NONE,NONE
TXN_008592,0,NONE,NONE
TXN_000891,0,NONE,NONE
TXN_002387,1,SEQUENTIAL,MICRO_TO_LARGE_ESCALATION
TXN_014517,0,NONE,NONE
TXN_007332,0,NONE,NONE
TXN_014803,0,NONE,NONE
TXN_012780,0,NONE,NONE
TXN_000221,1,TIME_ANOMALY,UNUSUAL_HOUR
TXN_013189,0,NONE,NONE
TXN_012024,0,NONE,NONE
TXN_011220,0,NONE,NONE
TXN_003013,0,NONE,NONE
TXN_001448,0,NONE,NONE
TXN_002262,0,NONE,NONE
TXN_007192,0,NONE,NONE
TXN_008775,0,NONE,NONE
TXN_012532,1,SEQUENTIAL,MICRO_TO_LARGE_ESCALATION
TXN_006146,0,NONE,NONE
TXN_007106,1,CARD_TESTING,MICRO_TRANSACTIONS
TXN_001811,0,NONE,NONE
TXN_001922,0,NONE,NONE
TXN_003700,0,NONE,NONE
TXN_006318,0,NONE,NONE
TXN_013695,0,NONE,NONE
TXN_010885,0,NONE,NONE
TXN_002837,0,NONE,NONE
TXN_002711,0,NONE,NONE
TXN_013171,0,NONE,NONE
TXN_009294,0,NONE,NONE
TXN_002924,0,NONE,NONE
TXN_009607,0,NONE,NONE
TXN_010627,0,NONE,NONE
TXN_009713,1,GEOGRAPHIC,IMPOSSIBLE_TRAVEL
TXN_012320,0,NONE,NONE
TXN_012409,1,BEHAVIORAL,SPENDING_PATTERN_SHIFT
TXN_013535,1,DEVICE,NEW_DEVICE
TXN_002388,1,NETWORK,SHARED_DEVICE
TXN_010955,0,NONE,NONE
TXN_010711,0,NONE,NONE
TXN_013565,0,NONE,NONE
TXN_009335,0,NONE,NONE
TXN_006935,0,NONE,NONE
TXN_005128,0,NONE,NONE
TXN_013243,0,NONE,NONE
TXN_001988,0,NONE,NONE
TXN_001717,0,NONE,NONE
TXN_005374,0,NONE,NONE
TXN_005687,0,NONE,NONE
TXN_006267,1,DEVICE,NEW_DEVICE
TXN_000194,0,NONE,NONE
TXN_014041,0,NONE,NONE
TXN_009245,0,NONE,NONE
TXN_002201,0,NONE,NONE
TXN_010575,0,NONE,NONE
TXN_013899,0,NONE,NONE
TXN_010426,0,NONE,NONE
TXN_010103,0,NONE,NONE
TXN_008501,0,NONE,NONE
TXN_008394,0,NONE,NONE
TXN_004063,0,NONE,NONE
TXN_003354,0,NONE,NONE
TXN_012828,0,NONE,NONE
TXN_006235,0,NONE,NONE
TXN_014548,0,NONE,NONE
TXN_010430,0,NONE,NONE
TXN_004928,0,NONE,NONE
TXN_007008,1,BEHAVIORAL,SPENDING_PATTERN_SHIFT
TXN_009036,0,NONE,NONE
TXN_011372,1,AMOUNT_ANOMALY,SUDDEN_HIGH_VALUE
TXN_003438,0,NONE,NONE
TXN_014599,0,NONE,NONE
TXN_005388,0,NONE,NONE
TXN_004748,0,NONE,NONE
TXN_011429,1,DEVICE,NEW_DEVICE
TXN_013806,0,NONE,NONE
TXN_004649,0,NONE,NONE
TXN_011978,0,NONE,NONE
TXN_000222,0,NONE,NONE
TXN_010862,0,NONE,NONE
TXN_002302,0,NONE,NONE
TXN_003177,0,NONE,NONE
TXN_007424,0,NONE,NONE
TXN_011344,0,NONE,NONE
TXN_014435,0,NONE,NONE
TXN_005795,0,NONE,NONE
TXN_000760,0,NONE,NONE
TXN_011618,0,NONE,NONE
TXN_014777,0,NONE,NONE
TXN_011799,1,AMOUNT_ANOMALY,SUDDEN_HIGH_VALUE
TXN_006775,0,NONE,NONE
TXN_008166,1,VELOCITY,RAPID_TRANSACTIONS
TXN_001258,0,NONE,NONE
TXN_002315,0,NONE,NONE
TXN_006234,0,NONE,NONE
TXN_004782,0,NONE,NONE
TXN_014661,0,NONE,NONE
TXN_005215,0,NONE,NONE
TXN_009284,0,NONE,NONE
TXN_004997,0,NONE,NONE
TXN_009791,0,NONE,NONE
TXN_010533,0,NONE,NONE
TXN_008116,1,NETWORK,SHARED_DEVICE
TXN_004008,0,NONE,NONE
TXN_002996,0,NONE,NONE
TXN_013025,0,NONE,NONE
TXN_007220,0,NONE,NONE
TXN_006593,0,NONE,NONE
TXN_003578,0,NONE,NONE
TXN_011632,0,NONE,NONE
TXN_011333,0,NONE,NONE
TXN_009691,0,NONE,NONE
TXN_012864,0,NONE,NONE
TXN_012527,0,NONE,NONE
TXN_003105,0,NONE,NONE
TXN_014544,0,NONE,NONE
TXN_010456,0,NONE,NONE
TXN_004392,0,NONE,NONE
TXN_003028,0,NONE,NONE
TXN_007054,0,NONE,NONE
TXN_000173,0,NONE,NONE
TXN_013870,0,NONE,NONE
TXN_001637,0,NONE,NONE
TXN_009019,0,NONE,NONE
TXN_013488,0,NONE,NONE
TXN_010114,0,NONE,NONE
TXN_005480,0,NONE,NONE
TXN_012194,0,NONE,NONE
TXN_006049,1,AMOUNT_ANOMALY,SUDDEN_HIGH_VALUE
TXN_014079,0,NONE,NONE
TXN_012394,0,NONE,NONE
TXN_014585,0,NONE,NONE
TXN_007475,0,NONE,NONE
TXN_005535,0,NONE,NONE
TXN_005104,0,NONE,NONE
TXN_013062,0,NONE,NONE
TXN_003358,0,NONE,NONE
TXN_000602,0,NONE,NONE
TXN_001614,0,NONE,NONE
TXN_000667,0,NONE,NONE
TXN_014793,0,NONE,NONE
TXN_011608,0,NONE,NONE
TXN_003226,0,NONE,NONE
TXN_008206,0,NONE,NONE
TXN_005010,0,NONE,NONE
TXN_014555,0,NONE,NONE
TXN_012725,0,NONE,NONE
TXN_000060,0,NONE,NONE
TXN_008837,0,NONE,NONE
TXN_005125,0,NONE,NONE
TXN_001011,0,NONE,NONE
TXN_009911,0,NONE,NONE
TXN_004029,0,NONE,NONE
TXN_003326,0,NONE,NONE
TXN_006737,0,NONE,NONE
TXN_003723,0,NONE,NONE
TXN_005358,0,NONE,NONE
TXN_005342,1,DEVICE,NEW_DEVICE
TXN_007684,0,NONE,NONE
TXN_010562,0,NONE,NONE
TXN_003041,1,NETWORK,SHARED_DEVICE
TXN_001651,0,NONE,NONE
TXN_012322,0,NONE,NONE
TXN_006604,0,NONE,NONE
TXN_009184,1,VELOCITY,RAPID_TRANSACTIONS
TXN_007544,0,NONE,NONE
TXN_002507,0,NONE,NONE
TXN_010963,1,GEOGRAPHIC,IMPOSSIBLE_TRAVEL
TXN_005927,0,NONE,NONE
TXN_006989,0,NONE,NONE
TXN_006602,0,NONE,NONE
TXN_011322,0,NONE,NONE
TXN_011116,0,NONE,NONE
TXN_013162,0,NONE,NONE
TXN_012094,0,NONE,NONE
TXN_005766,0,NONE,NONE
TXN_014253,1,VELOCITY,RAPID_TRANSACTIONS
TXN_010918,0,NONE,NONE
TXN_007839,0,NONE,NONE
TXN_007233,0,NONE,NONE
TXN_013598,0,NONE,NONE
TXN_010841,0,NONE,NONE
TXN_008115,0,NONE,NONE
TXN_004749,0,NONE,NONE
TXN_002359,0,NONE,NONE
TXN_006450,0,NONE,NONE
TXN_006900,0,NONE,NONE
TXN_001281,0,NONE,NONE
TXN_008062,0,NONE,NONE
TXN_012034,0,NONE,NONE
TXN_010767,0,NONE,NONE
TXN_013266,0,NONE,NONE
TXN_006456,0,NONE,NONE
TXN_001620,0,NONE,NONE
TXN_008000,0,NONE,NONE
TXN_005354,0,NONE,NONE
TXN_006667,0,NONE,NONE
TXN_009368,0,NONE,NONE
TXN_012364,0,NONE,NONE
TXN_000400,0,NONE,NONE
TXN_014961,0,NONE,NONE
TXN_013188,0,NONE,NONE
TXN_010735,0,NONE,NONE
TXN_003343,0,NONE,NONE
TXN_011667,0,NONE,NONE
TXN_000410,0,NONE,NONE
TXN_012923,0,NONE,NONE
TXN_002887,0,NONE,NONE
TXN_007783,0,NONE,NONE
TXN_001853,0,NONE,NONE
TXN_007254,0,NONE,NONE
TXN_014906,0,NONE,NONE
TXN_011497,0,NONE,NONE
TXN_013008,0,NONE,NONE
TXN_009363,0,NONE,NONE
TXN_013077,0,NONE,NONE
TXN_000211,1,VELOCITY,RAPID_TRANSACTIONS
TXN_005299,0,NONE,NONE
TXN_005742,0,NONE,NONE
TXN_011681,0,NONE,NONE
TXN_000095,0,NONE,NONE
TXN_006898,0,NONE,NONE
TXN_011823,0,NONE,NONE
TXN_010434,0,NONE,NONE
TXN_000606,1,GEOGRAPHIC,IMPOSSIBLE_TRAVEL
TXN_000059,0,NONE,NONE
TXN_004483,0,NONE,NONE
TXN_003803,0,NONE,NONE
TXN_008448,1,AMOUNT_ANOMALY,SUDDEN_HIGH_VALUE
TXN_014722,0,NONE,NONE
TXN_003034,1,MERCHANT,UNUSUAL_MERCHANT
TXN_005439,0,NONE,NONE
TXN_011371,0,NONE,NONE
TXN_005780,0,NONE,NONE
TXN_002364,0,NONE,NONE
TXN_013100,0,NONE,NONE
TXN_014915,0,NONE,NONE
TXN_006153,0,NONE,NONE
TXN_008960,0,NONE,NONE
TXN_000609,0,NONE,NONE
TXN_004960,0,NONE,NONE
TXN_004937,0,NONE,NONE
TXN_014874,0,NONE,NONE
TXN_008505,0,NONE,NONE
TXN_009892,1,SEQUENTIAL,MICRO_TO_LARGE_ESCALATION
TXN_013264,0,NONE,NONE
TXN_011512,0,NONE,NONE
TXN_002648,0,NONE,NONE
TXN_001804,0,NONE,NONE
TXN_005405,0,NONE,NONE
TXN_002501,0,NONE,NONE
TXN_004717,0,NONE,NONE
TXN_012494,1,VELOCITY,RAPID_TRANSACTIONS
TXN_005105,0,NONE,NONE
TXN_010717,0,NONE,NONE
TXN_013974,0,NONE,NONE
TXN_014277,0,NONE,NONE
TXN_005898,1,TIME_ANOMALY,UNUSUAL_HOUR
TXN_009511,0,NONE,NONE
TXN_002776,0,NONE,NONE
TXN_014484,0,NONE,NONE
TXN_014131,0,NONE,NONE
TXN_011578,0,NONE,NONE
TXN_001238,1,DEVICE,NEW_DEVICE
TXN_003965,0,NONE,NONE
TXN_009296,0,NONE,NONE
TXN_007591,0,NONE,NONE
TXN_011589,0,NONE,NONE
TXN_003350,0,NONE,NONE
TXN_002345,0,NONE,NONE
TXN_011109,0,NONE,NONE
TXN_001818,0,NONE,NONE
TXN_010099,0,NONE,NONE
TXN_007948,0,NONE,NONE
TXN_013255,0,NONE,NONE
TXN_010134,0,NONE,NONE
TXN_009078,0,NONE,NONE
TXN_011883,0,NONE,NONE
TXN_007794,1,SEQUENTIAL,MICRO_TO_LARGE_ESCALATION
TXN_001547,0,NONE,NONE
TXN_006958,0,NONE,NONE
TXN_004218,0,NONE,NONE
TXN_000127,0,NONE,NONE
TXN_007262,0,NONE,NONE
TXN_008643,0,NONE,NONE
TXN_001410,0,NONE,NONE
TXN_008273,0,NONE,NONE
TXN_012786,1,SEQUENTIAL,MICRO_TO_LARGE_ESCALATION
TXN_010515,0,NONE,NONE
TXN_010243,0,NONE,NONE
TXN_009014,0,NONE,NONE
TXN_001313,0,NONE,NONE
TXN_002447,0,NONE,NONE
TXN_007045,0,NONE,NONE
TXN_007936,0,NONE,NONE
TXN_004237,0,NONE,NONE
TXN_011199,0,NONE,NONE
TXN_000698,0,NONE,NONE
TXN_002008,0,NONE,NONE
TXN_000494,0,NONE,NONE
TXN_004036,0,NONE,NONE
TXN_008108,0,NONE,NONE
TXN_001498,0,NONE,NONE
TXN_005538,0,NONE,NONE
TXN_001785,0,NONE,NONE
TXN_002530,0,NONE,NONE
TXN_011040,0,NONE,NONE
TXN_011538,0,NONE,NONE
TXN_013311,0,NONE,NONE
TXN_002527,0,NONE,NONE
TXN_001882,0,NONE,NONE
TXN_006789,0,NONE,NONE
TXN_001565,0,NONE,NONE
TXN_010436,0,NONE,NONE
TXN_012232,0,NONE,NONE
TXN_000327,0,NONE,NONE
TXN_000549,0,NONE,NONE
TXN_000176,0,NONE,NONE
TXN_010138,1,TIME_ANOMALY,UNUSUAL_HOUR
TXN_013427,0,NONE,NONE
TXN_004898,0,NONE,NONE
TXN_012954,0,NONE,NONE
TXN_013240,0,NONE,NONE
TXN_003116,0,NONE,NONE
TXN_008840,0,NONE,NONE
TXN_003362,0,NONE,NONE
TXN_007150,0,NONE,NONE
TXN_006020,0,NONE,NONE
TXN_000879,0,NONE,NONE
TXN_006534,0,NONE,NONE
TXN_000645,0,NONE,NONE
TXN_003109,0,NONE,NONE
TXN_001665,0,NONE,NONE
TXN_003779,1,SEQUENTIAL,MICRO_TO_LARGE_ESCALATION
TXN_012317,0,NONE,NONE
TXN_012192,0,NONE,NONE
TXN_001263,0,NONE,NONE
TXN_010540,0,NONE,NONE
TXN_012112,0,NONE,NONE
TXN_006375,0,NONE,NONE
TXN_013993,0,NONE,NONE
TXN_002273,0,NONE,NONE
TXN_013048,0,NONE,NONE
TXN_003812,0,NONE,NONE
TXN_007807,0,NONE,NONE
TXN_014182,1,SEQUENTIAL,MICRO_TO_LARGE_ESCALATION
TXN_006457,0,NONE,NONE
TXN_008772,0,NONE,NONE
TXN_011309,0,NONE,NONE
TXN_002188,0,NONE,NONE
TXN_000670,0,NONE,NONE
TXN_000807,0,NONE,NONE
TXN_014901,0,NONE,NONE
TXN_003905,0,NONE,NONE
TXN_007653,0,NONE,NONE
TXN_008466,0,NONE,NONE
TXN_008506,0,NONE,NONE
TXN_001112,0,NONE,NONE
TXN_010074,0,NONE,NONE
TXN_008510,0,NONE,NONE
TXN_001946,0,NONE,NONE
TXN_008538,1,AMOUNT_ANOMALY,SUDDEN_HIGH_VALUE
TXN_002583,0,NONE,NONE
TXN_013524,0,NONE,NONE
TXN_002013,0,NONE,NONE
TXN_000976,0,NONE,NONE
TXN_013445,0,NONE,NONE
TXN_002318,0,NONE,NONE
TXN_012163,0,NONE,NONE
TXN_011976,1,NETWORK,SHARED_DEVICE
TXN_001592,0,NONE,NONE
TXN_001222,0,NONE,NONE
TXN_009608,0,NONE,NONE
TXN_011629,0,NONE,NONE
TXN_011402,0,NONE,NONE
TXN_004877,1,MERCHANT,UNUSUAL_MERCHANT
TXN_002892,0,NONE,NONE
TXN_006019,0,NONE,NONE
TXN_009640,0,NONE,NONE
TXN_000238,0,NONE,NONE
TXN_012663,0,NONE,NONE
TXN_004197,0,NONE,NONE
TXN_003120,0,NONE,NONE
TXN_014885,0,NONE,NONE
TXN_014846,1,DEVICE,NEW_DEVICE
TXN_012234,0,NONE,NONE
TXN_002233,0,NONE,NONE
TXN_010702,0,NONE,NONE
TXN_006280,0,NONE,NONE
TXN_003337,0,NONE,NONE
TXN_005591,0,NONE,NONE
TXN_007161,0,NONE,NONE
TXN_013314,0,NONE,NONE
TXN_006323,0,NONE,NONE
TXN_012309,0,NONE,NONE
TXN_006162,0,NONE,NONE
TXN_012259,0,NONE,NONE
TXN_010759,0,NONE,NONE
TXN_008200,0,NONE,NONE
TXN_014372,0,NONE,NONE
TXN_006199,0,NONE,NONE
TXN_004655,0,NONE,NONE
TXN_009308,1,BEHAVIORAL,SPENDING_PATTERN_SHIFT
TXN_002221,1,SEQUENTIAL,MICRO_TO_LARGE_ESCALATION
TXN_008879,0,NONE,NONE
TXN_010734,1,GEOGRAPHIC,IMPOSSIBLE_TRAVEL
TXN_014449,0,NONE,NONE
TXN_005678,0,NONE,NONE
TXN_011191,0,NONE,NONE
TXN_001217,0,NONE,NONE
TXN_007758,0,NONE,NONE
TXN_000496,0,NONE,NONE
TXN_003493,0,NONE,NONE
TXN_005555,0,NONE,NONE
TXN_011261,0,NONE,NONE
TXN_004255,0,NONE,NONE
TXN_006106,0,NONE,NONE
TXN_005198,1,DEVICE,NEW_DEVICE
TXN_005381,0,NONE,NONE
TXN_003086,0,NONE,NONE
TXN_005267,0,NONE,NONE
TXN_001795,0,NONE,NONE
TXN_012131,0,NONE,NONE
TXN_010383,0,NONE,NONE
TXN_011163,0,NONE,NONE
TXN_011700,0,NONE,NONE
TXN_001453,0,NONE,NONE
TXN_012936,0,NONE,NONE
TXN_010782,0,NONE,NONE
TXN_008734,0,NONE,NONE
TXN_000775,0,NONE,NONE
TXN_013856,0,NONE,NONE
TXN_004384,0,NONE,NONE
TXN_000604,0,NONE,NONE
TXN_007656,0,NONE,NONE
TXN_012511,0,NONE,NONE
TXN_002891,0,NONE,NONE
TXN_010546,0,NONE,NONE
TXN_008955,0,NONE,NONE
TXN_011251,0,NONE,NONE
TXN_007360,0,NONE,NONE
TXN_014075,0,NONE,NONE
TXN_009317,1,MERCHANT,UNUSUAL_MERCHANT
TXN_010447,0,NONE,NONE
TXN_001993,0,NONE,NONE
TXN_004041,0,NONE,NONE
TXN_000618,0,NONE,NONE
TXN_000711,0,NONE,NONE
TXN_011982,0,NONE,NONE
TXN_001543,0,NONE,NONE
TXN_012800,0,NONE,NONE
TXN_003108,0,NONE,NONE
TXN_007422,0,NONE,NONE
TXN_009859,0,NONE,NONE
TXN_007679,0,NONE,NONE
TXN_010835,0,NONE,NONE
TXN_007096,0,NONE,NONE
TXN_008693,0,NONE,NONE
TXN_005121,0,NONE,NONE
TXN_009123,0,NONE,NONE
TXN_009879,0,NONE,NONE
TXN_001406,0,NONE,NONE
TXN_013408,0,NONE,NONE
TXN_001623,0,NONE,NONE
TXN_008590,0,NONE,NONE
TXN_013451,0,NONE,NONE
TXN_007975,0,NONE,NONE
TXN_002195,0,NONE,NONE
TXN_002132,0,NONE,NONE
TXN_014116,1,VELOCITY,RAPID_TRANSACTIONS
TXN_002461,0,NONE,NONE
TXN_005218,0,NONE,NONE
TXN_007990,0,NONE,NONE
TXN_000653,0,NONE,NONE
TXN_003473,0,NONE,NONE
TXN_010796,0,NONE,NONE
TXN_012558,0,NONE,NONE
TXN_002864,0,NONE,NONE
TXN_009197,0,NONE,NONE
TXN_001332,0,NONE,NONE
TXN_000085,0,NONE,NONE
TXN_012095,0,NONE,NONE
TXN_009938,0,NONE,NONE
TXN_013792,0,NONE,NONE
TXN_000951,0,NONE,NONE
TXN_014409,0,NONE,NONE
TXN_005431,0,NONE,NONE
TXN_012668,1,BEHAVIORAL,SPENDING_PATTERN_SHIFT
TXN_005392,0,NONE,NONE
TXN_006430,1,NETWORK,SHARED_DEVICE
TXN_013393,1,SEQUENTIAL,MICRO_TO_LARGE_ESCALATION
TXN_003232,0,NONE,NONE
TXN_009862,0,NONE,NONE
TXN_004411,0,NONE,NONE
TXN_008548,0,NONE,NONE
TXN_002369,0,NONE,NONE
TXN_004658,0,NONE,NONE
TXN_008823,0,NONE,NONE
TXN_008523,0,NONE,NONE
TXN_012931,0,NONE,NONE
TXN_010816,0,NONE,NONE
TXN_001155,0,NONE,NONE
TXN_009845,0,NONE,NONE
TXN_005453,1,AMOUNT_ANOMALY,SUDDEN_HIGH_VALUE
TXN_008908,0,NONE,NONE
TXN_006220,0,NONE,NONE
TXN_004311,1,AMOUNT_ANOMALY,SUDDEN_HIGH_VALUE
TXN_003687,0,NONE,NONE
TXN_012749,0,NONE,NONE
TXN_012565,0,NONE,NONE
TXN_004208,0,NONE,NONE
TXN_002028,0,NONE,NONE
TXN_009969,0,NONE,NONE
TXN_000250,0,NONE,NONE
TXN_010700,0,NONE,NONE
TXN_007578,1,SEQUENTIAL,MICRO_TO_LARGE_ESCALATION
TXN_000480,0,NONE,NONE
TXN_004305,0,NONE,NONE
TXN_005084,0,NONE,NONE
TXN_010331,0,NONE,NONE
TXN_012878,1,VELOCITY,RAPID_TRANSACTIONS
TXN_014775,0,NONE,NONE
TXN_013635,0,NONE,NONE
TXN_000413,0,NONE,NONE
TXN_014711,0,NONE,NONE
TXN_003728,0,NONE,NONE
TXN_011904,0,NONE,NONE
TXN_004610,0,NONE,NONE
TXN_004595,1,SEQUENTIAL,MICRO_TO_LARGE_ESCALATION
TXN_013305,0,NONE,NONE
TXN_006244,0,NONE,NONE
TXN_008593,0,NONE,NONE
TXN_004774,0,NONE,NONE
TXN_002566,1,GEOGRAPHIC,IMPOSSIBLE_TRAVEL
TXN_011412,0,NONE,NONE
TXN_011305,1,DEVICE,NEW_DEVICE
TXN_009694,0,NONE,NONE
TXN_012833,0,NONE,NONE
TXN_014059,0,NONE,NONE
TXN_011684,0,NONE,NONE
TXN_001100,0,NONE,NONE
TXN_014946,0,NONE,NONE
TXN_004896,0,NONE,NONE
TXN_009782,0,NONE,NONE
TXN_001732,0,NONE,NONE
TXN_001471,0,NONE,NONE
TXN_005983,0,NONE,NONE
TXN_004882,0,NONE,NONE
TXN_002317,0,NONE,NONE
TXN_011288,0,NONE,NONE
TXN_012117,0,NONE,NONE
TXN_007822,0,NONE,NONE
TXN_009130,0,NONE,NONE
TXN_008392,0,NONE,NONE
TXN_006392,0,NONE,NONE
TXN_013733,1,BEHAVIORAL,SPENDING_PATTERN_SHIFT
TXN_000099,1,DEVICE,NEW_DEVICE
TXN_011171,0,NONE,NONE
TXN_014842,0,NONE,NONE
TXN_001865,0,NONE,NONE
TXN_008018,0,NONE,NONE
TXN_002238,0,NONE,NONE
TXN_008588,0,NONE,NONE
TXN_002072,0,NONE,NONE
TXN_010399,0,NONE,NONE
TXN_000649,0,NONE,NONE
TXN_008797,0,NONE,NONE
TXN_001169,0,NONE,NONE
TXN_006126,0,NONE,NONE
TXN_014398,0,NONE,NONE
TXN_004193,0,NONE,NONE
TXN_013960,1,BEHAVIORAL,SPENDING_PATTERN_SHIFT
TXN_010240,0,NONE,NONE
TXN_009917,0,NONE,NONE
TXN_005183,0,NONE,NONE
TXN_012708,1,CARD_TESTING,MICRO_TRANSACTIONS
TXN_010089,0,NONE,NONE
TXN_006494,0,NONE,NONE
TXN_000302,0,NONE,NONE
TXN_013349,0,NONE,NONE
TXN_007083,0,NONE,NONE
TXN_003141,0,NONE,NONE
TXN_009200,0,NONE,NONE
TXN_008411,0,NONE,NONE
TXN_003653,0,NONE,NONE
TXN_007919,0,NONE,NONE
TXN_004037,0,NONE,NONE
TXN_010738,0,NONE,NONE
TXN_003190,1,AMOUNT_ANOMALY,SUDDEN_HIGH_VALUE
TXN_003972,0,NONE,NONE
TXN_011219,0,NONE,NONE
TXN_010959,0,NONE,NONE
TXN_012125,0,NONE,NONE
TXN_003924,0,NONE,NONE
TXN_004593,0,NONE,NONE
TXN_012654,0,NONE,NONE
TXN_008156,0,NONE,NONE
TXN_008090,0,NONE,NONE
TXN_013072,0,NONE,NONE
TXN_011826,0,NONE,NONE
TXN_006305,0,NONE,NONE
TXN_008011,0,NONE,NONE
TXN_003478,0,NONE,NONE
TXN_002322,0,NONE,NONE
TXN_000223,0,NONE,NONE
TXN_008407,0,NONE,NONE
TXN_012174,0,NONE,NONE
TXN_004556,0,NONE,NONE
TXN_007180,0,NONE,NONE
TXN_013075,0,NONE,NONE
TXN_006270,1,MERCHANT,UNUSUAL_MERCHANT
TXN_008852,0,NONE,NONE
TXN_006163,0,NONE,NONE
TXN_012983,0,NONE,NONE
TXN_007311,1,TIME_ANOMALY,UNUSUAL_HOUR
TXN_009623,0,NONE,NONE
TXN_000509,0,NONE,NONE
TXN_011898,1,CARD_TESTING,MICRO_TRANSACTIONS
TXN_014566,0,NONE,NONE
TXN_001463,1,BEHAVIORAL,SPENDING_PATTERN_SHIFT
TXN_005224,0,NONE,NONE
TXN_011123,0,NONE,NONE
TXN_014687,0,NONE,NONE
TXN_009013,0,NONE,NONE
TXN_005737,0,NONE,NONE
TXN_001910,0,NONE,NONE
TXN_003300,0,NONE,NONE
TXN_001209,0,NONE,NONE
TXN_005961,0,NONE,NONE
TXN_009618,1,CARD_TESTING,MICRO_TRANSACTIONS
TXN_009460,0,NONE,NONE
TXN_006443,0,NONE,NONE
TXN_000969,0,NONE,NONE
TXN_002355,0,NONE,NONE
TXN_009319,0,NONE,NONE
TXN_011434,0,NONE,NONE
TXN_001770,0,NONE,NONE
TXN_003194,0,NONE,NONE
TXN_003603,0,NONE,NONE
TXN_002526,0,NONE,NONE
TXN_009873,0,NONE,NONE
TXN_001953,1,GEOGRAPHIC,IMPOSSIBLE_TRAVEL
TXN_002403,0,NONE,NONE
TXN_006165,0,NONE,NONE
TXN_012240,0,NONE,NONE
TXN_005903,0,NONE,NONE
TXN_010636,0,NONE,NONE
TXN_002356,0,NONE,NONE
TXN_006486,0,NONE,NONE
TXN_004940,0,NONE,NONE
TXN_008386,0,NONE,NONE
TXN_012427,0,NONE,NONE
TXN_011956,0,NONE,NONE
TXN_009057,0,NONE,NONE
TXN_005425,0,NONE,NONE
TXN_014348,0,NONE,NONE
TXN_013983,0,NONE,NONE
TXN_001007,0,NONE,NONE
TXN_012230,0,NONE,NONE
TXN_000936,0,NONE,NONE
TXN_005287,1,CARD_TESTING,MICRO_TRANSACTIONS
TXN_008489,0,NONE,NONE
TXN_010274,0,NONE,NONE
TXN_013708,0,NONE,NONE
TXN_008342,0,NONE,NONE
TXN_007932,0,NONE,NONE
TXN_007711,0,NONE,NONE
TXN_012165,0,NONE,NONE
TXN_003042,0,NONE,NONE
TXN_009768,0,NONE,NONE
TXN_011370,1,AMOUNT_ANOMALY,SUDDEN_HIGH_VALUE
TXN_013099,0,NONE,NONE
TXN_012302,0,NONE,NONE
TXN_014745,0,NONE,NONE
TXN_004624,0,NONE,NONE
TXN_009834,1,BEHAVIORAL,SPENDING_PATTERN_SHIFT
TXN_004400,0,NONE,NONE
TXN_010148,0,NONE,NONE
TXN_013794,0,NONE,NONE
TXN_003927,1,DEVICE,NEW_DEVICE
TXN_001280,0,NONE,NONE
TXN_000819,1,CARD_TESTING,MICRO_TRANSACTIONS
TXN_013328,0,NONE,NONE
TXN_008963,0,NONE,NONE
TXN_002658,0,NONE,NONE
TXN_008344,0,NONE,NONE
TXN_001067,0,NONE,NONE
TXN_005529,0,NONE,NONE
TXN_011812,0,NONE,NONE
TXN_003204,0,NONE,NONE
TXN_011470,0,NONE,NONE
TXN_008546,0,NONE,NONE
TXN_001468,0,NONE,NONE
TXN_004026,0,NONE,NONE
TXN_004007,0,NONE,NONE
TXN_012905,0,NONE,NONE
TXN_007346,0,NONE,NONE
TXN_003943,0,NONE,NONE
TXN_006783,0,NONE,NONE
TXN_001269,0,NONE,NONE
TXN_011245,0,NONE,NONE
TXN_013935,1,BEHAVIORAL,SPENDING_PATTERN_SHIFT
TXN_008213,0,NONE,NONE
TXN_014999,0,NONE,NONE
TXN_003234,0,NONE,NONE
TXN_012813,0,NONE,NONE
TXN_014756,0,NONE,NONE
TXN_011226,0,NONE,NONE
TXN_006483,0,NONE,NONE
TXN_003652,0,NONE,NONE
TXN_003807,0,NONE,NONE
TXN_008118,0,NONE,NONE
TXN_012061,0,NONE,NONE
TXN_005296,0,NONE,NONE
TXN_005168,0,NONE,NONE
TXN_014916,1,GEOGRAPHIC,IMPOSSIBLE_TRAVEL
TXN_012837,0,NONE,NONE
TXN_011626,0,NONE,NONE
TXN_007632,1,GEOGRAPHIC,IMPOSSIBLE_TRAVEL
TXN_003693,0,NONE,NONE
TXN_004230,0,NONE,NONE
TXN_005926,0,NONE,NONE
TXN_002511,0,NONE,NONE
TXN_000810,0,NONE,NONE
TXN_011482,1,GEOGRAPHIC,IMPOSSIBLE_TRAVEL
TXN_014121,0,NONE,NONE
TXN_007252,0,NONE,NONE
TXN_005523,1,TIME_ANOMALY,UNUSUAL_HOUR
TXN_012026,0,NONE,NONE
TXN_013331,0,NONE,NONE
TXN_010231,0,NONE,NONE
TXN_011479,0,NONE,NONE
TXN_002582,0,NONE,NONE
TXN_002433,0,NONE,NONE
TXN_007760,0,NONE,NONE
TXN_010380,1,SEQUENTIAL,MICRO_TO_LARGE_ESCALATION
TXN_007391,1,MERCHANT,UNUSUAL_MERCHANT
TXN_014629,0,NONE,NONE
TXN_011058,0,NONE,NONE
TXN_001828,0,NONE,NONE
TXN_007574,0,NONE,NONE
TXN_003994,0,NONE,NONE
TXN_011148,0,NONE,NONE
TXN_003171,0,NONE,NONE
TXN_000911,0,NONE,NONE
TXN_003322,0,NONE,NONE
TXN_008855,0,NONE,NONE
TXN_009978,0,NONE,NONE
TXN_008267,0,NONE,NONE
TXN_006848,0,NONE,NONE
TXN_006216,0,NONE,NONE
TXN_003475,0,NONE,NONE
TXN_006676,0,NONE,NONE
TXN_001299,1,NETWORK,SHARED_DEVICE
TXN_011723,0,NONE,NONE
TXN_009048,1,AMOUNT_ANOMALY,SUDDEN_HIGH_VALUE
TXN_003514,0,NONE,NONE
TXN_010416,0,NONE,NONE
TXN_003956,0,NONE,NONE
TXN_005830,0,NONE,NONE
TXN_006051,0,NONE,NONE
TXN_000106,0,NONE,NONE
TXN_014356,0,NONE,NONE
TXN_013269,0,NONE,NONE
TXN_011967,0,NONE,NONE
TXN_002060,0,NONE,NONE
TXN_014113,0,NONE,NONE
TXN_000686,0,NONE,NONE
TXN_000150,1,MERCHANT,UNUSUAL_MERCHANT
TXN_004433,0,NONE,NONE
TXN_013675,0,NONE,NONE
TXN_002942,1,BEHAVIORAL,SPENDING_PATTERN_SHIFT
TXN_006636,0,NONE,NONE
TXN_010889,0,NONE,NONE
TXN_009995,0,NONE,NONE
TXN_004082,0,NONE,NONE
TXN_007624,0,NONE,NONE
TXN_007043,0,NONE,NONE
TXN_014571,0,NONE,NONE
TXN_012287,0,NONE,NONE
TXN_011287,0,NONE,NONE
TXN_009325,0,NONE,NONE
TXN_013327,0,NONE,NONE
TXN_006716,0,NONE,NONE
TXN_008251,0,NONE,NONE
TXN_002954,1,VELOCITY,RAPID_TRANSACTIONS
TXN_000403,0,NONE,NONE
TXN_004269,0,NONE,NONE
TXN_000016,0,NONE,NONE
TXN_005042,0,NONE,NONE
TXN_003845,0,NONE,NONE
TXN_002984,0,NONE,NONE
TXN_004261,0,NONE,NONE
TXN_005390,0,NONE,NONE
TXN_012463,0,NONE,NONE
TXN_008333,0,NONE,NONE
TXN_010250,1,GEOGRAPHIC,IMPOSSIBLE_TRAVEL
TXN_014347,0,NONE,NONE
TXN_004128,0,NONE,NONE
TXN_012499,1,CARD_TESTING,MICRO_TRANSACTIONS
TXN_001147,0,NONE,NONE
TXN_008910,0,NONE,NONE
TXN_012037,0,NONE,NONE
TXN_000314,0,NONE,NONE
TXN_008984,1,SEQUENTIAL,MICRO_TO_LARGE_ESCALATION
TXN_010608,0,NONE,NONE
TXN_006371,0,NONE,NONE
TXN_006295,0,NONE,NONE
TXN_001287,1,CARD_TESTING,MICRO_TRANSACTIONS
TXN_002226,0,NONE,NONE
TXN_009530,0,NONE,NONE
TXN_002584,0,NONE,NONE
TXN_012221,0,NONE,NONE
TXN_009056,0,NONE,NONE
TXN_007006,0,NONE,NONE
TXN_001568,0,NONE,NONE
TXN_010188,0,NONE,NONE
TXN_001245,0,NONE,NONE
TXN_004866,0,NONE,NONE
TXN_006351,0,NONE,NONE
TXN_003953,0,NONE,NONE
TXN_014170,0,NONE,NONE
TXN_008493,0,NONE,NONE
TXN_009043,0,NONE,NONE
TXN_000793,0,NONE,NONE
TXN_013324,0,NONE,NONE
TXN_011165,1,DEVICE,NEW_DEVICE
TXN_008850,0,NONE,NONE
TXN_002071,0,NONE,NONE
TXN_000812,0,NONE,NONE
TXN_000292,0,NONE,NONE
TXN_001472,0,NONE,NONE
TXN_013032,0,NONE,NONE
TXN_010337,0,NONE,NONE
TXN_000166,0,NONE,NONE
TXN_002694,0,NONE,NONE
TXN_006525,0,NONE,NONE
TXN_007772,0,NONE,NONE
TXN_010808,0,NONE,NONE
TXN_010266,0,NONE,NONE
TXN_004787,0,NONE,NONE
TXN_014659,0,NONE,NONE
TXN_011286,0,NONE,NONE
TXN_003317,1,DEVICE,NEW_DEVICE
TXN_003136,0,NONE,NONE
TXN_008711,0,NONE,NONE
TXN_007682,0,NONE,NONE
TXN_011161,0,NONE,NONE
TXN_010427,0,NONE,NONE
TXN_001906,0,NONE,NONE
TXN_014507,0,NONE,NONE
TXN_010312,0,NONE,NONE
TXN_010237,1,CARD_TESTING,MICRO_TRANSACTIONS
TXN_008563,0,NONE,NONE
TXN_010125,0,NONE,NONE
TXN_005534,0,NONE,NONE
TXN_008919,0,NONE,NONE
TXN_000714,0,NONE,NONE
TXN_011295,0,NONE,NONE
TXN_001528,0,NONE,NONE
TXN_014608,1,NETWORK,SHARED_DEVICE
TXN_005341,0,NONE,NONE
TXN_002655,1,TIME_ANOMALY,UNUSUAL_HOUR
TXN_004184,0,NONE,NONE
TXN_007858,0,NONE,NONE
TXN_002185,0,NONE,NONE
TXN_012079,0,NONE,NONE
TXN_011655,0,NONE,NONE
TXN_003414,0,NONE,NONE
TXN_007865,0,NONE,NONE
TXN_012767,0,NONE,NONE
TXN_005138,1,NETWORK,SHARED_DEVICE
TXN_013845,0,NONE,NONE
TXN_006036,0,NONE,NONE
TXN_014903,0,NONE,NONE
TXN_007886,0,NONE,NONE
TXN_002652,0,NONE,NONE
TXN_001601,0,NONE,NONE
TXN_013367,0,NONE,NONE
TXN_004175,0,NONE,NONE
TXN_015000,0,NONE,NONE
TXN_012089,0,NONE,NONE
TXN_003974,0,NONE,NONE
TXN_008525,1,MERCHANT,UNUSUAL_MERCHANT
TXN_009219,0,NONE,NONE
TXN_010675,0,NONE,NONE
TXN_008255,1,GEOGRAPHIC,IMPOSSIBLE_TRAVEL
TXN_003397,0,NONE,NONE
TXN_011278,1,CARD_TESTING,MICRO_TRANSACTIONS
TXN_005805,0,NONE,NONE
TXN_002953,0,NONE,NONE
TXN_012501,0,NONE,NONE
TXN_006198,0,NONE,NONE
TXN_001057,0,NONE,NONE
TXN_001456,0,NONE,NONE
TXN_010220,0,NONE,NONE
TXN_010699,0,NONE,NONE
TXN_009055,0,NONE,NONE
TXN_005464,0,NONE,NONE
TXN_004283,0,NONE,NONE
TXN_007496,0,NONE,NONE
TXN_004979,0,NONE,NONE
TXN_008299,0,NONE,NONE
TXN_005528,0,NONE,NONE
TXN_008504,0,NONE,NONE
TXN_011201,0,NONE,NONE
TXN_001288,0,NONE,NONE
TXN_011730,0,NONE,NONE
TXN_002365,0,NONE,NONE
TXN_005677,0,NONE,NONE
TXN_013282,0,NONE,NONE
TXN_002498,0,NONE,NONE
TXN_003174,1,NETWORK,SHARED_DEVICE
TXN_000404,0,NONE,NONE
TXN_002145,1,DEVICE,NEW_DEVICE
TXN_005836,0,NONE,NONE
TXN_004409,1,TIME_ANOMALY,UNUSUAL_HOUR
TXN_008500,0,NONE,NONE
TXN_006408,0,NONE,NONE
TXN_003977,0,NONE,NONE
TXN_009461,0,NONE,NONE
TXN_006025,0,NONE,NONE
TXN_001794,0,NONE,NONE
TXN_003394,0,NONE,NONE
TXN_006568,0,NONE,NONE
TXN_011848,0,NONE,NONE
TXN_002165,1,TIME_ANOMALY,UNUSUAL_HOUR
TXN_005167,0,NONE,NONE
TXN_013920,0,NONE,NONE
TXN_006304,1,NETWORK,SHARED_DEVICE
TXN_008977,0,NONE,NONE
TXN_002770,0,NONE,NONE
TXN_000151,0,NONE,NONE
TXN_005840,0,NONE,NONE
TXN_007324,1,BEHAVIORAL,SPENDING_PATTERN_SHIFT
TXN_006694,0,NONE,NONE
TXN_007559,0,NONE,NONE
TXN_012065,0,NONE,NONE
TXN_009883,0,NONE,NONE
TXN_005483,0,NONE,NONE
TXN_009412,0,NONE,NONE
TXN_014306,0,NONE,NONE
TXN_006797,1,MERCHANT,UNUSUAL_MERCHANT
TXN_013694,0,NONE,NONE
TXN_010691,0,NONE,NONE
TXN_003386,0,NONE,NONE
TXN_003128,0,NONE,NONE
TXN_004967,0,NONE,NONE
TXN_009980,0,NONE,NONE
TXN_004558,0,NONE,NONE
TXN_012821,0,NONE,NONE
TXN_013341,0,NONE,NONE
TXN_004473,0,NONE,NONE
TXN_000489,0,NONE,NONE
TXN_010985,0,NONE,NONE
TXN_006681,0,NONE,NONE
TXN_007458,0,NONE,NONE
TXN_005113,0,NONE,NONE
TXN_008568,0,NONE,NONE
TXN_002502,0,NONE,NONE
TXN_004711,0,NONE,NONE
TXN_003052,0,NONE,NONE
TXN_003920,0,NONE,NONE
TXN_008426,0,NONE,NONE
TXN_006182,0,NONE,NONE
TXN_009229,0,NONE,NONE
TXN_014828,0,NONE,NONE
TXN_008338,0,NONE,NONE
TXN_001812,0,NONE,NONE
TXN_003103,0,NONE,NONE
TXN_009465,0,NONE,NONE
TXN_014240,0,NONE,NONE
TXN_011105,0,NONE,NONE
TXN_006987,0,NONE,NONE
TXN_014597,0,NONE,NONE
TXN_011751,0,NONE,NONE
TXN_006780,0,NONE,NONE
TXN_008215,0,NONE,NONE
TXN_001115,0,NONE,NONE
TXN_006294,0,NONE,NONE
TXN_006402,0,NONE,NONE
TXN_003539,1,TIME_ANOMALY,UNUSUAL_HOUR
TXN_013714,0,NONE,NONE
TXN_009397,0,NONE,NONE
TXN_010663,0,NONE,NONE
TXN_006094,0,NONE,NONE
TXN_011559,0,NONE,NONE
TXN_013295,1,TIME_ANOMALY,UNUSUAL_HOUR
TXN_005185,0,NONE,NONE
TXN_001073,1,CARD_TESTING,MICRO_TRANSACTIONS
TXN_001509,0,NONE,NONE
TXN_005572,0,NONE,NONE
TXN_012783,0,NONE,NONE
TXN_001904,0,NONE,NONE
TXN_004983,0,NONE,NONE
TXN_006084,0,NONE,NONE
TXN_014637,0,NONE,NONE
TXN_008294,0,NONE,NONE
TXN_012737,0,NONE,NONE
TXN_004358,0,NONE,NONE
TXN_002069,0,NONE,NONE
TXN_002819,0,NONE,NONE
TXN_004611,0,NONE,NONE
TXN_003753,0,NONE,NONE
TXN_005619,0,NONE,NONE
TXN_001322,0,NONE,NONE
TXN_009660,1,AMOUNT_ANOMALY,SUDDEN_HIGH_VALUE
TXN_004577,0,NONE,NONE
TXN_007256,0,NONE,NONE
TXN_010555,0,NONE,NONE
TXN_009386,0,NONE,NONE
TXN_001416,0,NONE,NONE
TXN_003214,0,NONE,NONE
TXN_008898,0,NONE,NONE
TXN_003225,1,NETWORK,SHARED_DEVICE
TXN_009944,0,NONE,NONE
TXN_013274,0,NONE,NONE
TXN_002790,0,NONE,NONE
TXN_003702,1,CARD_TESTING,MICRO_TRANSACTIONS
TXN_012007,0,NONE,NONE
TXN_006469,0,NONE,NONE
TXN_014814,0,NONE,NONE
TXN_001082,0,NONE,NONE
TXN_009643,0,NONE,NONE
TXN_014543,0,NONE,NONE
TXN_011170,0,NONE,NONE
TXN_003365,0,NONE,NONE
TXN_002243,0,NONE,NONE
TXN_005542,0,NONE,NONE
TXN_006246,0,NONE,NONE
TXN_007390,1,MERCHANT,UNUSUAL_MERCHANT
TXN_010580,0,NONE,NONE
TXN_002272,0,NONE,NONE
TXN_002702,0,NONE,NONE
TXN_009961,1,GEOGRAPHIC,IMPOSSIBLE_TRAVEL
TXN_014093,1,DEVICE,NEW_DEVICE
TXN_011852,0,NONE,NONE
TXN_006946,0,NONE,NONE
TXN_003039,0,NONE,NONE
TXN_001235,0,NONE,NONE
TXN_001307,0,NONE,NONE
TXN_006286,1,TIME_ANOMALY,UNUSUAL_HOUR
TXN_001445,0,NONE,NONE
TXN_008335,0,NONE,NONE
TXN_010625,0,NONE,NONE
TXN_007707,1,TIME_ANOMALY,UNUSUAL_HOUR
TXN_012559,1,VELOCITY,RAPID_TRANSACTIONS
TXN_001144,0,NONE,NONE
TXN_000688,0,NONE,NONE
TXN_004462,1,BEHAVIORAL,SPENDING_PATTERN_SHIFT
TXN_011748,0,NONE,NONE
TXN_014282,0,NONE,NONE
TXN_008871,0,NONE,NONE
TXN_012206,0,NONE,NONE
TXN_007242,0,NONE,NONE
TXN_003095,0,NONE,NONE
TXN_006772,0,NONE,NONE
TXN_012528,0,NONE,NONE
TXN_002539,0,NONE,NONE
TXN_000463,0,NONE,NONE
TXN_005056,0,NONE,NONE
TXN_001746,0,NONE,NONE
TXN_009122,0,NONE,NONE
TXN_009723,0,NONE,NONE
TXN_007571,0,NONE,NONE
TXN_011584,0,NONE,NONE
TXN_007146,0,NONE,NONE
TXN_007793,0,NONE,NONE
TXN_007864,0,NONE,NONE
TXN_004831,0,NONE,NONE
TXN_007770,0,NONE,NONE
TXN_013712,1,NETWORK,SHARED_DEVICE
TXN_000335,0,NONE,NONE
TXN_005487,0,NONE,NONE
TXN_004320,0,NONE,NONE
TXN_014168,0,NONE,NONE
TXN_000701,0,NONE,NONE
TXN_010763,1,MERCHANT,UNUSUAL_MERCHANT
TXN_002932,1,BEHAVIORAL,SPENDING_PATTERN_SHIFT
TXN_013051,0,NONE,NONE
TXN_008705,0,NONE,NONE
TXN_001514,0,NONE,NONE
TXN_008168,0,NONE,NONE
TXN_013413,0,NONE,NONE
TXN_011213,0,NONE,NONE
TXN_006346,0,NONE,NONE
TXN_014562,0,NONE,NONE
TXN_008598,0,NONE,NONE
TXN_004546,0,NONE,NONE
TXN_014759,0,NONE,NONE
TXN_001379,0,NONE,NONE
TXN_003817,0,NONE,NONE
TXN_014738,0,NONE,NONE
TXN_003722,0,NONE,NONE
TXN_011389,0,NONE,NONE
TXN_004346,0,NONE,NONE
TXN_007178,0,NONE,NONE
TXN_014337,0,NONE,NONE
TXN_009015,0,NONE,NONE
TXN_007455,0,NONE,NONE
TXN_010390,0,NONE,NONE
TXN_011836,0,NONE,NONE
TXN_004488,0,NONE,NONE
TXN_001626,0,NONE,NONE
TXN_012891,0,NONE,NONE
TXN_000422,0,NONE,NONE
TXN_013106,0,NONE,NONE
TXN_011341,0,NONE,NONE
TXN_012704,0,NONE,NONE
TXN_010487,0,NONE,NONE
TXN_006119,0,NONE,NONE
TXN_010687,0,NONE,NONE
TXN_004754,0,NONE,NONE
TXN_005919,0,NONE,NONE
TXN_000959,1,CARD_TESTING,MICRO_TRANSACTIONS
TXN_013517,0,NONE,NONE
TXN_001734,0,NONE,NONE
TXN_011181,0,NONE,NONE
TXN_002495,0,NONE,NONE
TXN_004035,0,NONE,NONE
TXN_013834,0,NONE,NONE
TXN_001477,0,NONE,NONE
TXN_012289,0,NONE,NONE
TXN_012115,0,NONE,NONE
TXN_007130,0,NONE,NONE
TXN_010659,0,NONE,NONE
TXN_009040,0,NONE,NONE
TXN_012001,0,NONE,NONE
TXN_011760,0,NONE,NONE
TXN_000730,0,NONE,NONE
TXN_011517,0,NONE,NONE
TXN_013904,1,GEOGRAPHIC,IMPOSSIBLE_TRAVEL
TXN_005854,1,MERCHANT,UNUSUAL_MERCHANT
TXN_003299,0,NONE,NONE
TXN_011624,0,NONE,NONE
TXN_003111,0,NONE,NONE
TXN_012898,0,NONE,NONE
TXN_005519,0,NONE,NONE
TXN_004530,0,NONE,NONE
TXN_000871,0,NONE,NONE
TXN_005294,0,NONE,NONE
TXN_001455,0,NONE,NONE
TXN_001878,0,NONE,NONE
TXN_009554,0,NONE,NONE
TXN_004537,0,NONE,NONE
TXN_014894,0,NONE,NONE
TXN_009633,0,NONE,NONE
TXN_000019,1,CARD_TESTING,MICRO_TRANSACTIONS
TXN_013501,0,NONE,NONE
TXN_008748,0,NONE,NONE
TXN_000290,0,NONE,NONE
TXN_001105,0,NONE,NONE
TXN_002522,0,NONE,NONE
TXN_007480,0,NONE,NONE
TXN_007240,0,NONE,NONE
TXN_007712,1,VELOCITY,RAPID_TRANSACTIONS
TXN_000257,0,NONE,NONE
TXN_003666,1,MERCHANT,UNUSUAL_MERCHANT
TXN_000631,0,NONE,NONE
TXN_012630,0,NONE,NONE
TXN_005472,0,NONE,NONE
TXN_006102,0,NONE,NONE
TXN_001861,0,NONE,NONE
TXN_014097,0,NONE,NONE
TXN_011613,0,NONE,NONE
TXN_011270,0,NONE,NONE
TXN_005280,1,MERCHANT,UNUSUAL_MERCHANT
TXN_006608,0,NONE,NONE
TXN_010749,0,NONE,NONE
TXN_011973,0,NONE,NONE
TXN_003308,0,NONE,NONE
TXN_000766,0,NONE,NONE
TXN_004247,0,NONE,NONE
TXN_007859,0,NONE,NONE
TXN_005307,1,AMOUNT_ANOMALY,SUDDEN_HIGH_VALUE
TXN_007817,0,NONE,NONE
TXN_000155,0,NONE,NONE
TXN_006702,0,NONE,NONE
TXN_008427,0,NONE,NONE
TXN_001952,0,NONE,NONE
TXN_011647,0,NONE,NONE
TXN_007700,0,NONE,NONE
TXN_004975,0,NONE,NONE
TXN_002855,0,NONE,NONE
TXN_010209,0,NONE,NONE
TXN_000862,0,NONE,NONE
TXN_001091,0,NONE,NONE
TXN_002843,0,NONE,NONE
TXN_010500,0,NONE,NONE
TXN_003911,0,NONE,NONE
TXN_012461,0,NONE,NONE
TXN_003670,0,NONE,NONE
TXN_007644,0,NONE,NONE
TXN_002009,0,NONE,NONE
TXN_003509,0,NONE,NONE
TXN_001827,0,NONE,NONE
TXN_003717,1,BEHAVIORAL,SPENDING_PATTERN_SHIFT
TXN_008080,0,NONE,NONE
TXN_007921,0,NONE,NONE
TXN_013260,1,AMOUNT_ANOMALY,SUDDEN_HIGH_VALUE
TXN_003636,0,NONE,NONE
TXN_002385,0,NONE,NONE
TXN_012388,0,NONE,NONE
TXN_003330,0,NONE,NONE
TXN_001936,1,NETWORK,SHARED_DEVICE
TXN_011180,0,NONE,NONE
TXN_007278,1,CARD_TESTING,MICRO_TRANSACTIONS
TXN_014063,0,NONE,NONE
TXN_006453,0,NONE,NONE
TXN_011241,1,MERCHANT,UNUSUAL_MERCHANT
TXN_011971,0,NONE,NONE
TXN_013988,0,NONE,NONE
TXN_010630,0,NONE,NONE
TXN_014370,0,NONE,NONE
TXN_012897,0,NONE,NONE
TXN_001727,0,NONE,NONE
TXN_013487,0,NONE,NONE
TXN_002268,0,NONE,NONE
TXN_007266,0,NONE,NONE
TXN_009398,0,NONE,NONE
TXN_009165,0,NONE,NONE
TXN_000024,0,NONE,NONE
TXN_000056,0,NONE,NONE
TXN_007263,0,NONE,NONE
TXN_013852,0,NONE,NONE
TXN_011414,1,DEVICE,NEW_DEVICE
TXN_006135,0,NONE,NONE
TXN_005238,0,NONE,NONE
TXN_010053,0,NONE,NONE
TXN_001061,0,NONE,NONE
TXN_002121,0,NONE,NONE
TXN_000383,1,TIME_ANOMALY,UNUSUAL_HOUR
TXN_005021,0,NONE,NONE
TXN_011012,0,NONE,NONE
TXN_002748,0,NONE,NONE
TXN_001264,0,NONE,NONE
TXN_008151,0,NONE,NONE
TXN_008451,1,AMOUNT_ANOMALY,SUDDEN_HIGH_VALUE
TXN_014967,0,NONE,NONE
TXN_004696,0,NONE,NONE
TXN_014130,1,BEHAVIORAL,SPENDING_PATTERN_SHIFT
TXN_012566,0,NONE,NONE
TXN_009764,0,NONE,NONE
TXN_003764,0,NONE,NONE
TXN_012276,0,NONE,NONE
TXN_007239,1,SEQUENTIAL,MICRO_TO_LARGE_ESCALATION
TXN_009679,0,NONE,NONE
TXN_008096,0,NONE,NONE
TXN_007882,0,NONE,NONE
TXN_011910,0,NONE,NONE
TXN_000269,0,NONE,NONE
TXN_007005,0,NONE,NONE
TXN_013871,0,NONE,NONE
TXN_011057,0,NONE,NONE
TXN_005753,0,NONE,NONE
TXN_004470,0,NONE,NONE
TXN_007392,0,NONE,NONE
TXN_001017,0,NONE,NONE
TXN_008175,0,NONE,NONE
TXN_006546,0,NONE,NONE
TXN_008975,0,NONE,NONE
TXN_000468,0,NONE,NONE
TXN_006626,0,NONE,NONE
TXN_007849,0,NONE,NONE
TXN_003671,0,NONE,NONE
TXN_011337,0,NONE,NONE
TXN_005334,0,NONE,NONE
TXN_000756,0,NONE,NONE
TXN_008511,1,DEVICE,NEW_DEVICE
TXN_003678,0,NONE,NONE
TXN_010996,0,NONE,NONE
TXN_010718,0,NONE,NONE
TXN_008366,0,NONE,NONE
TXN_012772,0,NONE,NONE
TXN_006771,0,NONE,NONE
TXN_013976,1,MERCHANT,UNUSUAL_MERCHANT
TXN_013514,0,NONE,NONE
TXN_004973,0,NONE,NONE
TXN_007599,0,NONE,NONE
TXN_002031,0,NONE,NONE
TXN_001869,0,NONE,NONE
TXN_011253,0,NONE,NONE
TXN_002793,0,NONE,NONE
TXN_014969,0,NONE,NONE
TXN_007174,0,NONE,NONE
TXN_006942,0,NONE,NONE
TXN_007992,0,NONE,NONE
TXN_014477,0,NONE,NONE
TXN_002094,0,NONE,NONE
TXN_010872,0,NONE,NONE
TXN_002695,0,NONE,NONE
TXN_006227,0,NONE,NONE
TXN_005164,0,NONE,NONE
TXN_000940,0,NONE,NONE
TXN_012613,0,NONE,NONE
TXN_002628,0,NONE,NONE
TXN_014061,0,NONE,NONE
TXN_004086,0,NONE,NONE
TXN_009198,0,NONE,NONE
TXN_014491,0,NONE,NONE
TXN_005908,0,NONE,NONE
TXN_000964,0,NONE,NONE
TXN_008076,1,NETWORK,SHARED_DEVICE
TXN_010583,1,CARD_TESTING,MICRO_TRANSACTIONS
TXN_003747,0,NONE,NONE
TXN_000987,0,NONE,NONE
TXN_004585,0,NONE,NONE
TXN_001909,0,NONE,NONE
TXN_003949,0,NONE,NONE
TXN_005612,1,AMOUNT_ANOMALY,SUDDEN_HIGH_VALUE
TXN_007549,0,NONE,NONE
TXN_008721,0,NONE,NONE
TXN_007044,0,NONE,NONE
TXN_010411,0,NONE,NONE
TXN_008163,0,NONE,NONE
TXN_010795,0,NONE,NONE
TXN_003729,0,NONE,NONE
TXN_000351,0,NONE,NONE
TXN_008712,0,NONE,NONE
TXN_008496,0,NONE,NONE
TXN_013018,0,NONE,NONE
TXN_001172,1,SEQUENTIAL,MICRO_TO_LARGE_ESCALATION
TXN_005053,0,NONE,NONE
TXN_010033,0,NONE,NONE
TXN_008319,0,NONE,NONE
TXN_001702,0,NONE,NONE
TXN_013529,0,NONE,NONE
TXN_009702,0,NONE,NONE
TXN_005516,0,NONE,NONE
TXN_014716,0,NONE,NONE
TXN_012771,0,NONE,NONE
TXN_013424,0,NONE,NONE
TXN_004924,0,NONE,NONE
TXN_014476,0,NONE,NONE
TXN_004264,1,SEQUENTIAL,MICRO_TO_LARGE_ESCALATION
TXN_001323,1,DEVICE,NEW_DEVICE
TXN_007469,0,NONE,NONE
TXN_012231,0,NONE,NONE
TXN_003009,0,NONE,NONE
TXN_011645,0,NONE,NONE
TXN_001492,0,NONE,NONE
TXN_013814,0,NONE,NONE
TXN_006517,0,NONE,NONE
TXN_001929,0,NONE,NONE
TXN_011934,0,NONE,NONE
TXN_012129,0,NONE,NONE
TXN_007535,0,NONE,NONE
TXN_013484,0,NONE,NONE
TXN_003435,0,NONE,NONE
TXN_011521,0,NONE,NONE
TXN_003203,0,NONE,NONE
TXN_007421,0,NONE,NONE
TXN_010596,0,NONE,NONE
TXN_003716,0,NONE,NONE
TXN_010422,0,NONE,NONE
TXN_003639,0,NONE,NONE
TXN_014126,0,NONE,NONE
TXN_012727,0,NONE,NONE
TXN_011115,0,NONE,NONE
TXN_004602,0,NONE,NONE
TXN_008859,0,NONE,NONE
TXN_004685,0,NONE,NONE
TXN_005135,0,NONE,NONE
TXN_012585,0,NONE,NONE
TXN_007197,0,NONE,NONE
TXN_000182,0,NONE,NONE
TXN_005960,0,NONE,NONE
TXN_004266,0,NONE,NONE
TXN_013069,0,NONE,NONE
TXN_000625,1,NETWORK,SHARED_DEVICE
TXN_010006,0,NONE,NONE
TXN_003348,0,NONE,NONE
TXN_014448,0,NONE,NONE
TXN_010087,0,NONE,NONE
TXN_002784,0,NONE,NONE
TXN_000100,0,NONE,NONE
TXN_005055,0,NONE,NONE
TXN_014331,1,GEOGRAPHIC,IMPOSSIBLE_TRAVEL
TXN_003935,0,NONE,NONE
TXN_006257,0,NONE,NONE
TXN_003886,0,NONE,NONE
TXN_008038,0,NONE,NONE
TXN_014580,0,NONE,NONE
TXN_001537,0,NONE,NONE
TXN_001740,0,NONE,NONE
TXN_007938,0,NONE,NONE
TXN_008233,0,NONE,NONE
TXN_004527,0,NONE,NONE
TXN_009266,0,NONE,NONE
TXN_003865,0,NONE,NONE
TXN_001374,0,NONE,NONE
TXN_005045,0,NONE,NONE
TXN_013504,0,NONE,NONE
TXN_012402,0,NONE,NONE
TXN_010393,1,BEHAVIORAL,SPENDING_PATTERN_SHIFT
TXN_005781,0,NONE,NONE
TXN_000788,0,NONE,NONE
TXN_001402,0,NONE,NONE
TXN_011338,0,NONE,NONE
TXN_011197,0,NONE,NONE
TXN_000015,0,NONE,NONE
TXN_005459,0,NONE,NONE
TXN_005244,0,NONE,NONE
TXN_010913,1,VELOCITY,RAPID_TRANSACTIONS
TXN_007885,0,NONE,NONE
TXN_004251,0,NONE,NONE
TXN_006161,0,NONE,NONE
TXN_003707,0,NONE,NONE
TXN_013911,0,NONE,NONE
TXN_014227,0,NONE,NONE
TXN_007751,0,NONE,NONE
TXN_014474,0,NONE,NONE
TXN_007429,0,NONE,NONE
TXN_014912,0,NONE,NONE
TXN_011079,0,NONE,NONE
TXN_009698,0,NONE,NONE
TXN_009348,0,NONE,NONE
TXN_003690,0,NONE,NONE
TXN_008309,0,NONE,NONE
TXN_014742,0,NONE,NONE
TXN_006431,0,NONE,NONE
TXN_005403,0,NONE,NONE
TXN_014031,0,NONE,NONE
TXN_006909,0,NONE,NONE
TXN_001825,0,NONE,NONE
TXN_000559,0,NONE,NONE
TXN_004359,0,NONE,NONE
TXN_000433,0,NONE,NONE
TXN_012222,0,NONE,NONE
TXN_003512,1,DEVICE,NEW_DEVICE
TXN_009842,0,NONE,NONE
TXN_007731,0,NONE,NONE
TXN_012736,0,NONE,NONE
TXN_006349,0,NONE,NONE
TXN_014540,0,NONE,NONE
TXN_002668,0,NONE,NONE
TXN_010716,0,NONE,NONE
TXN_006736,0,NONE,NONE
TXN_010792,0,NONE,NONE
TXN_006309,0,NONE,NONE
TXN_014685,0,NONE,NONE
TXN_014475,1,GEOGRAPHIC,IMPOSSIBLE_TRAVEL
TXN_009624,0,NONE,NONE
TXN_006319,0,NONE,NONE
TXN_011767,1,TIME_ANOMALY,UNUSUAL_HOUR
TXN_010272,1,TIME_ANOMALY,UNUSUAL_HOUR
TXN_013567,0,NONE,NONE
TXN_010860,0,NONE,NONE
TXN_002660,0,NONE,NONE
TXN_008019,1,CARD_TESTING,MICRO_TRANSACTIONS
TXN_004922,0,NONE,NONE
TXN_004631,0,NONE,NONE
TXN_005660,0,NONE,NONE
TXN_002122,0,NONE,NONE
TXN_002255,0,NONE,NONE
TXN_006195,0,NONE,NONE
TXN_013300,0,NONE,NONE
TXN_001789,0,NONE,NONE
TXN_006703,0,NONE,NONE
TXN_001650,0,NONE,NONE
TXN_007876,0,NONE,NONE
TXN_005585,0,NONE,NONE
TXN_011481,0,NONE,NONE
TXN_009310,0,NONE,NONE
TXN_005012,0,NONE,NONE
TXN_013510,0,NONE,NONE
TXN_001799,1,AMOUNT_ANOMALY,SUDDEN_HIGH_VALUE
TXN_002440,1,GEOGRAPHIC,IMPOSSIBLE_TRAVEL
TXN_010778,0,NONE,NONE
TXN_003658,0,NONE,NONE
TXN_010623,0,NONE,NONE
TXN_013060,0,NONE,NONE
TXN_003998,0,NONE,NONE
TXN_012088,0,NONE,NONE
TXN_003497,0,NONE,NONE
TXN_002691,0,NONE,NONE
TXN_013769,0,NONE,NONE
TXN_006751,1,SEQUENTIAL,MICRO_TO_LARGE_ESCALATION
TXN_009106,1,DEVICE,NEW_DEVICE
TXN_014991,0,NONE,NONE
TXN_010545,0,NONE,NONE
TXN_008242,0,NONE,NONE
TXN_014622,0,NONE,NONE
TXN_006233,0,NONE,NONE
TXN_004091,0,NONE,NONE
TXN_011424,1,GEOGRAPHIC,IMPOSSIBLE_TRAVEL
TXN_014236,0,NONE,NONE
TXN_001797,0,NONE,NONE
TXN_002147,0,NONE,NONE
TXN_009631,0,NONE,NONE
TXN_004998,0,NONE,NONE
TXN_006865,0,NONE,NONE
TXN_006560,0,NONE,NONE
TXN_005613,0,NONE,NONE
TXN_004746,0,NONE,NONE
TXN_000932,0,NONE,NONE
TXN_003338,1,DEVICE,NEW_DEVICE
TXN_011695,0,NONE,NONE
TXN_010450,0,NONE,NONE
TXN_013452,0,NONE,NONE
TXN_008868,0,NONE,NONE
TXN_010975,0,NONE,NONE
TXN_010593,1,TIME_ANOMALY,UNUSUAL_HOUR
TXN_005208,0,NONE,NONE
TXN_000946,0,NONE,NONE
TXN_003680,0,NONE,NONE
TXN_006459,0,NONE,NONE
TXN_001511,1,BEHAVIORAL,SPENDING_PATTERN_SHIFT
TXN_003649,1,TIME_ANOMALY,UNUSUAL_HOUR
TXN_008415,0,NONE,NONE
TXN_006474,0,NONE,NONE
TXN_004006,0,NONE,NONE
TXN_010476,0,NONE,NONE
TXN_013159,1,NETWORK,SHARED_DEVICE
TXN_012281,0,NONE,NONE
TXN_006552,0,NONE,NONE
TXN_004935,0,NONE,NONE
TXN_006835,0,NONE,NONE
TXN_003466,0,NONE,NONE
TXN_000251,1,GEOGRAPHIC,IMPOSSIBLE_TRAVEL
TXN_010282,0,NONE,NONE
TXN_003855,0,NONE,NONE
TXN_002384,0,NONE,NONE
TXN_004463,0,NONE,NONE
TXN_014725,0,NONE,NONE
TXN_001973,0,NONE,NONE
TXN_013556,0,NONE,NONE
TXN_012892,0,NONE,NONE
TXN_008049,0,NONE,NONE
TXN_003067,0,NONE,NONE
TXN_008137,0,NONE,NONE
TXN_012521,1,NETWORK,SHARED_DEVICE
TXN_012722,0,NONE,NONE
TXN_006333,0,NONE,NONE
TXN_010641,0,NONE,NONE
TXN_014615,0,NONE,NONE
TXN_000197,0,NONE,NONE
TXN_010639,0,NONE,NONE
TXN_009514,0,NONE,NONE
TXN_001403,0,NONE,NONE
TXN_008613,0,NONE,NONE
TXN_010361,0,NONE,NONE
TXN_003613,0,NONE,NONE
TXN_003115,0,NONE,NONE
TXN_013766,0,NONE,NONE
TXN_003367,0,NONE,NONE
TXN_008664,0,NONE,NONE
TXN_002554,0,NONE,NONE
TXN_001126,0,NONE,NONE
TXN_004543,0,NONE,NONE
TXN_001157,0,NONE,NONE
TXN_004323,0,NONE,NONE
TXN_009746,0,NONE,NONE
TXN_010173,1,BEHAVIORAL,SPENDING_PATTERN_SHIFT
TXN_014699,0,NONE,NONE
TXN_014218,0,NONE,NONE
TXN_011927,0,NONE,NONE
TXN_007241,0,NONE,NONE
TXN_014607,0,NONE,NONE
TXN_005559,0,NONE,NONE
TXN_003071,1,NETWORK,SHARED_DEVICE
TXN_010442,0,NONE,NONE
TXN_002055,0,NONE,NONE
TXN_007408,0,NONE,NONE
TXN_012832,0,NONE,NONE
TXN_008749,0,NONE,NONE
TXN_012315,0,NONE,NONE
TXN_000975,0,NONE,NONE
TXN_004835,0,NONE,NONE
TXN_001200,0,NONE,NONE
TXN_001767,0,NONE,NONE
TXN_008478,0,NONE,NONE
TXN_004277,0,NONE,NONE
TXN_002969,0,NONE,NONE
TXN_005606,1,NETWORK,SHARED_DEVICE
TXN_005088,0,NONE,NONE
TXN_001034,0,NONE,NONE
TXN_000224,0,NONE,NONE
TXN_008404,0,NONE,NONE
TXN_010276,0,NONE,NONE
TXN_007397,0,NONE,NONE
TXN_006660,0,NONE,NONE
TXN_007583,0,NONE,NONE
TXN_013843,0,NONE,NONE
TXN_004737,0,NONE,NONE
TXN_008765,0,NONE,NONE
TXN_014501,1,NETWORK,SHARED_DEVICE
TXN_010194,0,NONE,NONE
TXN_004186,0,NONE,NONE
TXN_009753,0,NONE,NONE
TXN_009171,0,NONE,NONE
TXN_007722,0,NONE,NONE
TXN_002386,0,NONE,NONE
TXN_013239,0,NONE,NONE
TXN_013312,1,NETWORK,SHARED_DEVICE
TXN_012039,0,NONE,NONE
TXN_001274,1,CARD_TESTING,MICRO_TRANSACTIONS
TXN_000744,1,BEHAVIORAL,SPENDING_PATTERN_SHIFT
TXN_002438,0,NONE,NONE
TXN_012776,0,NONE,NONE
TXN_007899,0,NONE,NONE
TXN_006840,0,NONE,NONE
TXN_004902,0,NONE,NONE
TXN_004482,0,NONE,NONE
TXN_006834,0,NONE,NONE
TXN_005298,0,NONE,NONE
TXN_005129,1,BEHAVIORAL,SPENDING_PATTERN_SHIFT
TXN_001098,0,NONE,NONE
TXN_014260,1,VELOCITY,RAPID_TRANSACTIONS
TXN_013113,0,NONE,NONE
TXN_009919,0,NONE,NONE
TXN_012236,0,NONE,NONE
TXN_014237,0,NONE,NONE
TXN_004314,0,NONE,NONE
TXN_014652,0,NONE,NONE
TXN_002766,0,NONE,NONE
TXN_002269,1,CARD_TESTING,MICRO_TRANSACTIONS
TXN_000553,0,NONE,NONE
TXN_013739,0,NONE,NONE
TXN_012048,0,NONE,NONE
TXN_007001,0,NONE,NONE
TXN_014129,0,NONE,NONE
TXN_004434,0,NONE,NONE
TXN_005357,0,NONE,NONE
TXN_013198,0,NONE,NONE
TXN_010004,0,NONE,NONE
TXN_013826,0,NONE,NONE
TXN_002706,0,NONE,NONE
TXN_003389,0,NONE,NONE
TXN_013496,0,NONE,NONE
TXN_002665,0,NONE,NONE
TXN_011571,0,NONE,NONE
TXN_000806,0,NONE,NONE
TXN_009282,0,NONE,NONE
TXN_002504,0,NONE,NONE
TXN_004259,0,NONE,NONE
TXN_001499,0,NONE,NONE
TXN_001524,0,NONE,NONE
TXN_011802,0,NONE,NONE
TXN_003217,0,NONE,NONE
TXN_012738,0,NONE,NONE
TXN_013058,0,NONE,NONE
TXN_004949,0,NONE,NONE
TXN_012380,0,NONE,NONE
TXN_002944,0,NONE,NONE
TXN_006757,0,NONE,NONE
TXN_007527,0,NONE,NONE
TXN_000408,0,NONE,NONE
TXN_012375,0,NONE,NONE
TXN_007120,0,NONE,NONE
TXN_013607,0,NONE,NONE
TXN_010554,0,NONE,NONE
TXN_009472,0,NONE,NONE
TXN_003528,0,NONE,NONE
TXN_002850,0,NONE,NONE
TXN_010757,0,NONE,NONE
TXN_010587,0,NONE,NONE
TXN_000852,0,NONE,NONE
TXN_008594,0,NONE,NONE
TXN_001666,0,NONE,NONE
TXN_012886,0,NONE,NONE
TXN_009408,0,NONE,NONE
TXN_006129,0,NONE,NONE
TXN_012224,0,NONE,NONE
TXN_003187,0,NONE,NONE
TXN_000286,0,NONE,NONE
TXN_005502,0,NONE,NONE
TXN_008208,0,NONE,NONE
TXN_002915,0,NONE,NONE
TXN_002216,0,NONE,NONE
TXN_007282,0,NONE,NONE
TXN_004407,0,NONE,NONE
TXN_012935,0,NONE,NONE
TXN_001963,0,NONE,NONE
TXN_000977,0,NONE,NONE
TXN_012626,0,NONE,NONE
TXN_014755,1,NETWORK,SHARED_DEVICE
TXN_002510,0,NONE,NONE
TXN_014730,0,NONE,NONE
TXN_011087,1,BEHAVIORAL,SPENDING_PATTERN_SHIFT
TXN_012426,0,NONE,NONE
TXN_011574,0,NONE,NONE
TXN_014831,0,NONE,NONE
TXN_003643,1,TIME_ANOMALY,UNUSUAL_HOUR
TXN_003274,0,NONE,NONE
TXN_001648,0,NONE,NONE
TXN_010180,0,NONE,NONE
TXN_006075,0,NONE,NONE
TXN_005455,1,AMOUNT_ANOMALY,SUDDEN_HIGH_VALUE
TXN_011228,0,NONE,NONE
TXN_014153,0,NONE,NONE
TXN_014147,0,NONE,NONE
TXN_013844,0,NONE,NONE
TXN_001194,0,NONE,NONE
TXN_012318,0,NONE,NONE
TXN_011313,1,GEOGRAPHIC,IMPOSSIBLE_TRAVEL
TXN_014504,0,NONE,NONE
TXN_002244,0,NONE,NONE
TXN_000660,0,NONE,NONE
TXN_001052,0,NONE,NONE
TXN_012066,0,NONE,NONE
TXN_008996,0,NONE,NONE
TXN_004328,0,NONE,NONE
TXN_007092,0,NONE,NONE
TXN_000550,0,NONE,NONE
TXN_006977,0,NONE,NONE
TXN_000048,0,NONE,NONE
TXN_010524,0,NONE,NONE
TXN_009898,0,NONE,NONE
TXN_014747,0,NONE,NONE
TXN_010548,0,NONE,NONE
TXN_005349,0,NONE,NONE
TXN_010499,0,NONE,NONE
TXN_013549,0,NONE,NONE
TXN_002769,1,SEQUENTIAL,MICRO_TO_LARGE_ESCALATION
TXN_002759,0,NONE,NONE
TXN_011845,0,NONE,NONE
TXN_001527,0,NONE,NONE
TXN_010519,0,NONE,NONE
TXN_007140,0,NONE,NONE
TXN_014262,0,NONE,NONE
TXN_002033,0,NONE,NONE
TXN_008188,0,NONE,NONE
TXN_007703,0,NONE,NONE
TXN_013270,0,NONE,NONE
TXN_001779,0,NONE,NONE
TXN_002878,1,NETWORK,SHARED_DEVICE
TXN_001917,0,NONE,NONE
TXN_006854,0,NONE,NONE
TXN_014559,0,NONE,NONE
TXN_004645,0,NONE,NONE
TXN_004379,0,NONE,NONE
TXN_005389,0,NONE,NONE
TXN_011396,0,NONE,NONE
TXN_003979,1,VELOCITY,RAPID_TRANSACTIONS
TXN_013346,0,NONE,NONE
TXN_010896,0,NONE,NONE
TXN_014035,0,NONE,NONE
TXN_010930,0,NONE,NONE
TXN_012449,0,NONE,NONE
TXN_005394,0,NONE,NONE
TXN_010455,0,NONE,NONE
TXN_003980,0,NONE,NONE
TXN_011881,0,NONE,NONE
TXN_002465,0,NONE,NONE
TXN_007621,0,NONE,NONE
TXN_013432,0,NONE,NONE
TXN_005982,0,NONE,NONE
TXN_012540,0,NONE,NONE
TXN_013262,0,NONE,NONE
TXN_011048,0,NONE,NONE
TXN_014335,0,NONE,NONE
TXN_005446,0,NONE,NONE
TXN_003340,0,NONE,NONE
TXN_010960,1,VELOCITY,RAPID_TRANSACTIONS
TXN_003672,0,NONE,NONE
TXN_007655,0,NONE,NONE
TXN_005101,0,NONE,NONE
TXN_000595,0,NONE,NONE
TXN_002703,0,NONE,NONE
TXN_001175,0,NONE,NONE
TXN_014799,0,NONE,NONE
TXN_008405,0,NONE,NONE
TXN_005181,0,NONE,NONE
TXN_011508,0,NONE,NONE
TXN_011642,0,NONE,NONE
TXN_008419,0,NONE,NONE
TXN_009329,0,NONE,NONE
TXN_012223,1,CARD_TESTING,MICRO_TRANSACTIONS
TXN_014985,0,NONE,NONE
TXN_014355,0,NONE,NONE
TXN_004723,0,NONE,NONE
TXN_014375,0,NONE,NONE
TXN_000485,0,NONE,NONE
TXN_008681,0,NONE,NONE
TXN_010739,0,NONE,NONE
TXN_014362,0,NONE,NONE
TXN_010740,0,NONE,NONE
TXN_001967,0,NONE,NONE
TXN_000582,0,NONE,NONE
TXN_003971,0,NONE,NONE
TXN_000501,0,NONE,NONE
TXN_003181,0,NONE,NONE
TXN_004954,1,SEQUENTIAL,MICRO_TO_LARGE_ESCALATION
TXN_007949,0,NONE,NONE
TXN_000583,0,NONE,NONE
TXN_008486,0,NONE,NONE
TXN_004761,0,NONE,NONE
TXN_004515,0,NONE,NONE
TXN_004942,0,NONE,NONE
TXN_009497,0,NONE,NONE
TXN_012676,0,NONE,NONE
TXN_009355,0,NONE,NONE
TXN_005824,0,NONE,NONE
TXN_002933,0,NONE,NONE
TXN_012728,0,NONE,NONE
TXN_005658,0,NONE,NONE
TXN_011975,0,NONE,NONE
TXN_009526,0,NONE,NONE
TXN_011398,0,NONE,NONE
TXN_004380,0,NONE,NONE
TXN_010688,0,NONE,NONE
TXN_010081,0,NONE,NONE
TXN_011507,0,NONE,NONE
TXN_003795,0,NONE,NONE
TXN_004510,0,NONE,NONE
TXN_005634,1,DEVICE,NEW_DEVICE
TXN_014454,1,DEVICE,NEW_DEVICE
TXN_001491,0,NONE,NONE
TXN_005839,1,VELOCITY,RAPID_TRANSACTIONS
TXN_001972,0,NONE,NONE
TXN_003594,1,VELOCITY,RAPID_TRANSACTIONS
TXN_004526,0,NONE,NONE
TXN_007914,0,NONE,NONE
TXN_010673,0,NONE,NONE
TXN_013236,0,NONE,NONE
TXN_007608,1,CARD_TESTING,MICRO_TRANSACTIONS
TXN_002414,0,NONE,NONE
TXN_008247,0,NONE,NONE
TXN_007059,0,NONE,NONE
TXN_000673,0,NONE,NONE
TXN_011712,0,NONE,NONE
TXN_007184,0,NONE,NONE
TXN_005285,0,NONE,NONE
TXN_006205,0,NONE,NONE
TXN_013021,0,NONE,NONE
TXN_010174,0,NONE,NONE
TXN_012847,0,NONE,NONE
TXN_006028,0,NONE,NONE
TXN_012925,1,DEVICE,NEW_DEVICE
TXN_010867,1,VELOCITY,RAPID_TRANSACTIONS
TXN_011796,1,VELOCITY,RAPID_TRANSACTIONS
TXN_005977,0,NONE,NONE
TXN_002895,0,NONE,NONE
TXN_004418,0,NONE,NONE
TXN_010802,0,NONE,NONE
TXN_001106,0,NONE,NONE
TXN_011224,0,NONE,NONE
TXN_001433,0,NONE,NONE
TXN_009225,0,NONE,NONE
TXN_010628,0,NONE,NONE
TXN_010909,0,NONE,NONE
TXN_014479,0,NONE,NONE
TXN_008530,1,NETWORK,SHARED_DEVICE
TXN_005416,0,NONE,NONE
TXN_014396,0,NONE,NONE
TXN_008272,0,NONE,NONE
TXN_005837,0,NONE,NONE
TXN_011120,0,NONE,NONE
TXN_014995,0,NONE,NONE
TXN_013079,1,AMOUNT_ANOMALY,SUDDEN_HIGH_VALUE
TXN_001076,0,NONE,NONE
TXN_003737,0,NONE,NONE
TXN_006108,0,NONE,NONE
TXN_012362,0,NONE,NONE
TXN_013492,0,NONE,NONE
TXN_000573,0,NONE,NONE
TXN_008631,0,NONE,NONE
TXN_009498,1,MERCHANT,UNUSUAL_MERCHANT
TXN_004816,0,NONE,NONE
TXN_013851,0,NONE,NONE
TXN_010060,0,NONE,NONE
TXN_003525,0,NONE,NONE
TXN_014683,0,NONE,NONE
TXN_005539,0,NONE,NONE
TXN_006109,0,NONE,NONE
TXN_007890,0,NONE,NONE
TXN_009761,0,NONE,NONE
TXN_004227,0,NONE,NONE
TXN_001731,0,NONE,NONE
TXN_003889,0,NONE,NONE
TXN_014471,0,NONE,NONE
TXN_007917,0,NONE,NONE
TXN_003838,0,NONE,NONE
TXN_009445,0,NONE,NONE
TXN_007982,0,NONE,NONE
TXN_011390,0,NONE,NONE
TXN_006432,0,NONE,NONE
TXN_011397,0,NONE,NONE
TXN_013046,0,NONE,NONE
TXN_013455,1,NETWORK,SHARED_DEVICE
TXN_006419,0,NONE,NONE
TXN_007598,0,NONE,NONE
TXN_006505,0,NONE,NONE
TXN_013250,0,NONE,NONE
TXN_005901,0,NONE,NONE
TXN_011778,0,NONE,NONE
TXN_006960,0,NONE,NONE
TXN_005067,0,NONE,NONE
TXN_003644,0,NONE,NONE
TXN_000338,0,NONE,NONE
TXN_000226,0,NONE,NONE
TXN_012045,0,NONE,NONE
TXN_011817,0,NONE,NONE
TXN_014134,1,GEOGRAPHIC,IMPOSSIBLE_TRAVEL
TXN_002310,0,NONE,NONE
TXN_014027,0,NONE,NONE
TXN_002760,0,NONE,NONE
TXN_012990,0,NONE,NONE
TXN_013956,0,NONE,NONE
TXN_008771,0,NONE,NONE
TXN_006312,0,NONE,NONE
TXN_014732,0,NONE,NONE
TXN_009568,0,NONE,NONE
TXN_001239,0,NONE,NONE
TXN_007666,1,AMOUNT_ANOMALY,SUDDEN_HIGH_VALUE
TXN_009252,0,NONE,NONE
TXN_002920,0,NONE,NONE
TXN_010391,0,NONE,NONE
TXN_003248,0,NONE,NONE
TXN_008901,0,NONE,NONE
TXN_000724,1,TIME_ANOMALY,UNUSUAL_HOUR
TXN_007901,1,TIME_ANOMALY,UNUSUAL_HOUR
TXN_014653,0,NONE,NONE
TXN_008229,1,VELOCITY,RAPID_TRANSACTIONS
TXN_001855,0,NONE,NONE
TXN_013088,1,CARD_TESTING,MICRO_TRANSACTIONS
TXN_003268,1,BEHAVIORAL,SPENDING_PATTERN_SHIFT
TXN_005131,1,MERCHANT,UNUSUAL_MERCHANT
TXN_014872,0,NONE,NONE
TXN_014111,0,NONE,NONE
TXN_014371,0,NONE,NONE
TXN_005176,0,NONE,NONE
TXN_012252,0,NONE,NONE
TXN_006167,1,VELOCITY,RAPID_TRANSACTIONS
TXN_002481,0,NONE,NONE
TXN_001447,1,NETWORK,SHARED_DEVICE
TXN_008791,0,NONE,NONE
TXN_007831,0,NONE,NONE
TXN_013611,0,NONE,NONE
TXN_011661,0,NONE,NONE
TXN_005826,0,NONE,NONE
TXN_008176,0,NONE,NONE
TXN_004335,0,NONE,NONE
TXN_012573,0,NONE,NONE
TXN_009037,0,NONE,NONE
TXN_003328,0,NONE,NONE
TXN_008362,0,NONE,NONE
TXN_001198,0,NONE,NONE
TXN_002715,0,NONE,NONE
TXN_014948,0,NONE,NONE
TXN_001927,1,MERCHANT,UNUSUAL_MERCHANT
TXN_000716,0,NONE,NONE
TXN_007014,0,NONE,NONE
TXN_009552,0,NONE,NONE
TXN_003727,0,NONE,NONE
TXN_014727,1,DEVICE,NEW_DEVICE
TXN_013655,0,NONE,NONE
TXN_012490,0,NONE,NONE
TXN_001173,1,BEHAVIORAL,SPENDING_PATTERN_SHIFT
TXN_014648,0,NONE,NONE
TXN_007115,0,NONE,NONE
TXN_013493,0,NONE,NONE
TXN_007735,0,NONE,NONE
TXN_003651,0,NONE,NONE
TXN_003329,0,NONE,NONE
TXN_011651,0,NONE,NONE
TXN_000899,0,NONE,NONE
TXN_004739,0,NONE,NONE
TXN_008204,0,NONE,NONE
TXN_012509,0,NONE,NONE
TXN_011010,0,NONE,NONE
TXN_013726,0,NONE,NONE
TXN_013992,1,MERCHANT,UNUSUAL_MERCHANT
TXN_013676,1,DEVICE,NEW_DEVICE
TXN_000405,0,NONE,NONE
TXN_014701,0,NONE,NONE
TXN_000914,0,NONE,NONE
TXN_006912,0,NONE,NONE
TXN_008911,0,NONE,NONE
TXN_014709,1,VELOCITY,RAPID_TRANSACTIONS
TXN_012784,0,NONE,NONE
TXN_006145,0,NONE,NONE
TXN_000860,0,NONE,NONE
TXN_012319,0,NONE,NONE
TXN_014346,0,NONE,NONE
TXN_001985,0,NONE,NONE
TXN_013648,0,NONE,NONE
TXN_007187,1,MERCHANT,UNUSUAL_MERCHANT
TXN_002392,0,NONE,NONE
TXN_014547,0,NONE,NONE
TXN_011500,0,NONE,NONE
TXN_012492,0,NONE,NONE
TXN_008036,0,NONE,NONE
TXN_011697,1,MERCHANT,UNUSUAL_MERCHANT
TXN_003564,0,NONE,NONE
TXN_001675,0,NONE,NONE
TXN_006705,0,NONE,NONE
TXN_014868,0,NONE,NONE
TXN_005759,0,NONE,NONE
TXN_004990,0,NONE,NONE
TXN_010293,0,NONE,NONE
TXN_014972,0,NONE,NONE
TXN_004627,0,NONE,NONE
TXN_012672,0,NONE,NONE
TXN_009276,0,NONE,NONE
TXN_002237,0,NONE,NONE
TXN_000169,0,NONE,NONE
TXN_005537,0,NONE,NONE
TXN_005322,0,NONE,NONE
TXN_009010,0,NONE,NONE
TXN_008897,0,NONE,NONE
TXN_004496,0,NONE,NONE
TXN_010219,0,NONE,NONE
TXN_012210,0,NONE,NONE
TXN_003309,0,NONE,NONE
TXN_007041,0,NONE,NONE
TXN_001850,0,NONE,NONE
TXN_006940,0,NONE,NONE
TXN_002110,0,NONE,NONE
TXN_008268,0,NONE,NONE
TXN_007841,0,NONE,NONE
TXN_014016,0,NONE,NONE
TXN_000240,0,NONE,NONE
TXN_012974,0,NONE,NONE
TXN_000908,0,NONE,NONE
TXN_006279,0,NONE,NONE
TXN_009787,0,NONE,NONE
TXN_007600,0,NONE,NONE
TXN_001369,0,NONE,NONE
TXN_011107,1,SEQUENTIAL,MICRO_TO_LARGE_ESCALATION
TXN_000189,0,NONE,NONE
TXN_001277,0,NONE,NONE
TXN_009369,0,NONE,NONE
TXN_006275,0,NONE,NONE
TXN_009832,0,NONE,NONE
TXN_007336,0,NONE,NONE
TXN_006930,0,NONE,NONE
TXN_004415,0,NONE,NONE
TXN_005213,0,NONE,NONE
TXN_010067,0,NONE,NONE
TXN_001398,0,NONE,NONE
TXN_004481,0,NONE,NONE
TXN_008254,0,NONE,NONE
TXN_007564,0,NONE,NONE
TXN_014026,0,NONE,NONE
TXN_001765,0,NONE,NONE
TXN_012123,0,NONE,NONE
TXN_007676,0,NONE,NONE
TXN_010189,0,NONE,NONE
TXN_009929,0,NONE,NONE
TXN_003917,0,NONE,NONE
TXN_009528,0,NONE,NONE
TXN_007944,0,NONE,NONE
TXN_010693,0,NONE,NONE
TXN_011292,0,NONE,NONE
TXN_002994,0,NONE,NONE
TXN_011874,0,NONE,NONE
TXN_011308,0,NONE,NONE
TXN_006391,1,BEHAVIORAL,SPENDING_PATTERN_SHIFT
TXN_010758,0,NONE,NONE
TXN_011554,0,NONE,NONE
TXN_012171,0,NONE,NONE
TXN_014249,0,NONE,NONE
TXN_006629,0,NONE,NONE
TXN_007797,0,NONE,NONE
TXN_010382,0,NONE,NONE
TXN_006366,0,NONE,NONE
TXN_004959,0,NONE,NONE
TXN_007004,1,NETWORK,SHARED_DEVICE
TXN_001247,0,NONE,NONE
TXN_014676,0,NONE,NONE
TXN_007419,0,NONE,NONE
TXN_004966,0,NONE,NONE
TXN_013365,0,NONE,NONE
TXN_009505,0,NONE,NONE
TXN_013884,1,VELOCITY,RAPID_TRANSACTIONS
TXN_005744,0,NONE,NONE
TXN_009164,0,NONE,NONE
TXN_002361,0,NONE,NONE
TXN_003281,0,NONE,NONE
TXN_006990,0,NONE,NONE
TXN_010502,1,BEHAVIORAL,SPENDING_PATTERN_SHIFT
TXN_013968,0,NONE,NONE
TXN_000438,0,NONE,NONE
TXN_008851,0,NONE,NONE
TXN_011149,0,NONE,NONE
TXN_001821,0,NONE,NONE
TXN_000704,0,NONE,NONE
TXN_004279,0,NONE,NONE
TXN_007064,0,NONE,NONE
TXN_008907,0,NONE,NONE
TXN_013967,0,NONE,NONE
TXN_009288,0,NONE,NONE
TXN_001053,0,NONE,NONE
TXN_006207,0,NONE,NONE
TXN_004641,0,NONE,NONE
TXN_009098,0,NONE,NONE
TXN_000460,0,NONE,NONE
TXN_009312,0,NONE,NONE
TXN_009315,0,NONE,NONE
TXN_008136,0,NONE,NONE
TXN_013848,0,NONE,NONE
TXN_001657,0,NONE,NONE
TXN_006317,0,NONE,NONE
TXN_006006,0,NONE,NONE
TXN_013536,0,NONE,NONE
TXN_002284,0,NONE,NONE
TXN_014625,0,NONE,NONE
TXN_010629,1,DEVICE,NEW_DEVICE
TXN_007062,0,NONE,NONE
TXN_009262,0,NONE,NONE
TXN_001776,0,NONE,NONE
TXN_010873,0,NONE,NONE
TXN_012365,1,NETWORK,SHARED_DEVICE
TXN_010218,0,NONE,NONE
TXN_000837,0,NONE,NONE
TXN_006292,0,NONE,NONE
TXN_012547,0,NONE,NONE
TXN_012901,0,NONE,NONE
TXN_001117,0,NONE,NONE
TXN_002814,0,NONE,NONE
TXN_009984,0,NONE,NONE
TXN_014297,0,NONE,NONE
TXN_008416,0,NONE,NONE
TXN_004603,1,VELOCITY,RAPID_TRANSACTIONS
TXN_007007,0,NONE,NONE
TXN_009728,0,NONE,NONE
TXN_009735,0,NONE,NONE
TXN_000102,0,NONE,NONE
TXN_013316,0,NONE,NONE
TXN_009758,0,NONE,NONE
TXN_014410,0,NONE,NONE
TXN_009815,0,NONE,NONE
TXN_006498,0,NONE,NONE
TXN_004591,1,AMOUNT_ANOMALY,SUDDEN_HIGH_VALUE
TXN_014816,0,NONE,NONE
TXN_013638,0,NONE,NONE
TXN_003197,0,NONE,NONE
TXN_008864,0,NONE,NONE
TXN_009506,0,NONE,NONE
TXN_003298,0,NONE,NONE
TXN_001975,1,AMOUNT_ANOMALY,SUDDEN_HIGH_VALUE
TXN_004403,0,NONE,NONE
TXN_012578,1,SEQUENTIAL,MICRO_TO_LARGE_ESCALATION
TXN_002170,0,NONE,NONE
TXN_009790,1,GEOGRAPHIC,IMPOSSIBLE_TRAVEL
TXN_006345,0,NONE,NONE
TXN_009721,0,NONE,NONE
TXN_009340,1,BEHAVIORAL,SPENDING_PATTERN_SHIFT
TXN_005981,0,NONE,NONE
TXN_008786,0,NONE,NONE
TXN_011129,0,NONE,NONE
TXN_005782,0,NONE,NONE
TXN_006110,1,BEHAVIORAL,SPENDING_PATTERN_SHIFT
TXN_004453,0,NONE,NONE
TXN_009485,1,SEQUENTIAL,MICRO_TO_LARGE_ESCALATION
TXN_008869,0,NONE,NONE
TXN_013125,0,NONE,NONE
TXN_001437,0,NONE,NONE
TXN_007119,0,NONE,NONE
TXN_010384,0,NONE,NONE
TXN_002515,0,NONE,NONE
TXN_004170,0,NONE,NONE
TXN_001964,0,NONE,NONE
TXN_005652,0,NONE,NONE
TXN_013759,0,NONE,NONE
TXN_004316,0,NONE,NONE
TXN_005714,0,NONE,NONE
TXN_000136,0,NONE,NONE
TXN_004181,0,NONE,NONE
TXN_000720,0,NONE,NONE
TXN_009435,0,NONE,NONE
TXN_005124,0,NONE,NONE
TXN_010935,0,NONE,NONE
TXN_010183,0,NONE,NONE
TXN_004751,0,NONE,NONE
TXN_005089,0,NONE,NONE
TXN_010179,0,NONE,NONE
TXN_008121,0,NONE,NONE
TXN_007308,0,NONE,NONE
TXN_002827,0,NONE,NONE
TXN_010104,0,NONE,NONE
TXN_010124,0,NONE,NONE
TXN_008553,0,NONE,NONE
TXN_008830,0,NONE,NONE
TXN_003363,0,NONE,NONE
TXN_006916,0,NONE,NONE
TXN_004555,0,NONE,NONE
TXN_012046,0,NONE,NONE
TXN_004945,0,NONE,NONE
TXN_005507,0,NONE,NONE
TXN_007762,0,NONE,NONE
TXN_006768,0,NONE,NONE
TXN_000120,0,NONE,NONE
TXN_013958,0,NONE,NONE
TXN_007020,0,NONE,NONE
TXN_013612,0,NONE,NONE
TXN_002451,0,NONE,NONE
TXN_002552,0,NONE,NONE
TXN_003319,0,NONE,NONE
TXN_014217,0,NONE,NONE
TXN_006088,0,NONE,NONE
TXN_010539,0,NONE,NONE
TXN_002689,0,NONE,NONE
TXN_012014,0,NONE,NONE
TXN_010809,0,NONE,NONE
TXN_002775,0,NONE,NONE
TXN_004107,0,NONE,NONE
TXN_005471,0,NONE,NONE
TXN_002725,0,NONE,NONE
TXN_002576,0,NONE,NONE
TXN_007493,0,NONE,NONE
TXN_011917,0,NONE,NONE
TXN_002371,0,NONE,NONE
TXN_011544,0,NONE,NONE
TXN_009543,0,NONE,NONE
TXN_014305,0,NONE,NONE
TXN_009949,0,NONE,NONE
TXN_002781,1,VELOCITY,RAPID_TRANSACTIONS
TXN_003413,0,NONE,NONE
TXN_007906,0,NONE,NONE
TXN_000367,0,NONE,NONE
TXN_014259,0,NONE,NONE
TXN_006774,0,NONE,NONE
TXN_002102,0,NONE,NONE
TXN_011467,0,NONE,NONE
TXN_013279,0,NONE,NONE
TXN_000469,0,NONE,NONE
TXN_005941,0,NONE,NONE
TXN_004278,0,NONE,NONE
TXN_010504,0,NONE,NONE
TXN_003246,0,NONE,NONE
TXN_013481,0,NONE,NONE
TXN_004494,0,NONE,NONE
TXN_001480,0,NONE,NONE
TXN_009482,0,NONE,NONE
TXN_006053,0,NONE,NONE
TXN_010108,0,NONE,NONE
TXN_010428,1,MERCHANT,UNUSUAL_MERCHANT
TXN_001845,0,NONE,NONE
TXN_002802,0,NONE,NONE
TXN_001630,0,NONE,NONE
TXN_014715,0,NONE,NONE
TXN_011644,0,NONE,NONE
TXN_007467,0,NONE,NONE
TXN_004752,0,NONE,NONE
TXN_012642,1,DEVICE,NEW_DEVICE
TXN_009855,0,NONE,NONE
TXN_003834,0,NONE,NONE
TXN_006273,0,NONE,NONE
TXN_014369,0,NONE,NONE
TXN_011043,0,NONE,NONE
TXN_009422,0,NONE,NONE
TXN_005875,0,NONE,NONE
TXN_000876,0,NONE,NONE
TXN_003159,0,NONE,NONE
TXN_005500,0,NONE,NONE
TXN_004185,0,NONE,NONE
TXN_011096,0,NONE,NONE
TXN_004684,0,NONE,NONE
TXN_008042,0,NONE,NONE
TXN_003191,0,NONE,NONE
TXN_004028,0,NONE,NONE
TXN_012263,1,CARD_TESTING,MICRO_TRANSACTIONS
TXN_009281,0,NONE,NONE
TXN_011601,0,NONE,NONE
TXN_004149,0,NONE,NONE
TXN_001830,0,NONE,NONE
TXN_008101,0,NONE,NONE
TXN_009220,1,AMOUNT_ANOMALY,SUDDEN_HIGH_VALUE
TXN_008296,0,NONE,NONE
TXN_005100,0,NONE,NONE
TXN_005065,0,NONE,NONE
TXN_012067,0,NONE,NONE
TXN_012616,0,NONE,NONE
TXN_003122,0,NONE,NONE
TXN_000381,0,NONE,NONE
TXN_010076,0,NONE,NONE
TXN_000901,0,NONE,NONE
TXN_014497,0,NONE,NONE
TXN_012643,0,NONE,NONE
TXN_004583,0,NONE,NONE
TXN_012818,0,NONE,NONE
TXN_008194,0,NONE,NONE
TXN_013356,0,NONE,NONE
TXN_004674,0,NONE,NONE
TXN_013538,0,NONE,NONE
TXN_005153,0,NONE,NONE
TXN_004597,0,NONE,NONE
TXN_003515,0,NONE,NONE
TXN_008766,0,NONE,NONE
TXN_007945,0,NONE,NONE
TXN_006175,0,NONE,NONE
TXN_013474,0,NONE,NONE
TXN_005788,0,NONE,NONE
TXN_003819,0,NONE,NONE
TXN_005315,1,CARD_TESTING,MICRO_TRANSACTIONS
TXN_002000,1,CARD_TESTING,MICRO_TRANSACTIONS
TXN_006725,0,NONE,NONE
TXN_010920,0,NONE,NONE
TXN_007372,0,NONE,NONE
TXN_001486,0,NONE,NONE
TXN_008829,0,NONE,NONE
TXN_014087,0,NONE,NONE
TXN_000570,0,NONE,NONE
TXN_010661,0,NONE,NONE
TXN_005986,0,NONE,NONE
TXN_006211,0,NONE,NONE
TXN_006714,0,NONE,NONE
TXN_011814,0,NONE,NONE
TXN_009153,0,NONE,NONE
TXN_014515,0,NONE,NONE
TXN_011385,0,NONE,NONE
TXN_013943,0,NONE,NONE
TXN_009574,0,NONE,NONE
TXN_010485,0,NONE,NONE
TXN_006087,0,NONE,NONE
TXN_005159,1,DEVICE,NEW_DEVICE
TXN_006851,0,NONE,NONE
TXN_000785,0,NONE,NONE
TXN_013389,0,NONE,NONE
TXN_002700,0,NONE,NONE
TXN_005700,0,NONE,NONE
TXN_001791,0,NONE,NONE
TXN_003650,0,NONE,NONE
TXN_006010,0,NONE,NONE
TXN_003655,0,NONE,NONE
TXN_003712,0,NONE,NONE
TXN_014884,0,NONE,NONE
TXN_012293,0,NONE,NONE
TXN_007904,0,NONE,NONE
TXN_012412,0,NONE,NONE
TXN_004239,0,NONE,NONE
TXN_008794,0,NONE,NONE
TXN_011913,0,NONE,NONE
TXN_013667,0,NONE,NONE
TXN_001554,1,SEQUENTIAL,MICRO_TO_LARGE_ESCALATION
TXN_003573,0,NONE,NONE
TXN_004173,0,NONE,NONE
TXN_011597,0,NONE,NONE
TXN_001982,0,NONE,NONE
TXN_005178,0,NONE,NONE
TXN_008820,0,NONE,NONE
TXN_004217,0,NONE,NONE
TXN_011579,0,NONE,NONE
TXN_002799,0,NONE,NONE
TXN_000968,0,NONE,NONE
TXN_004594,0,NONE,NONE
TXN_006820,0,NONE,NONE
TXN_013458,0,NONE,NONE
TXN_011577,0,NONE,NONE
TXN_005495,0,NONE,NONE
TXN_008131,0,NONE,NONE
TXN_004368,1,MERCHANT,UNUSUAL_MERCHANT
TXN_003088,0,NONE,NONE
TXN_003568,0,NONE,NONE
TXN_010258,0,NONE,NONE
TXN_014833,0,NONE,NONE
TXN_005245,0,NONE,NONE
TXN_009000,0,NONE,NONE
TXN_007972,0,NONE,NONE
TXN_012678,0,NONE,NONE
TXN_011880,0,NONE,NONE
TXN_014180,0,NONE,NONE
TXN_002690,0,NONE,NONE
TXN_005947,0,NONE,NONE
TXN_004444,0,NONE,NONE
TXN_005332,1,GEOGRAPHIC,IMPOSSIBLE_TRAVEL
TXN_000513,1,GEOGRAPHIC,IMPOSSIBLE_TRAVEL
TXN_013006,0,NONE,NONE
TXN_007512,0,NONE,NONE
TXN_004708,0,NONE,NONE
TXN_010852,0,NONE,NONE
TXN_012706,0,NONE,NONE
TXN_012514,0,NONE,NONE
TXN_001912,1,AMOUNT_ANOMALY,SUDDEN_HIGH_VALUE
TXN_009427,0,NONE,NONE
TXN_013573,0,NONE,NONE
TXN_009332,0,NONE,NONE
TXN_011704,0,NONE,NONE
TXN_013348,1,AMOUNT_ANOMALY,SUDDEN_HIGH_VALUE
TXN_013041,1,DEVICE,NEW_DEVICE
TXN_001230,0,NONE,NONE
TXN_005752,0,NONE,NONE
TXN_010092,0,NONE,NONE
TXN_006821,1,GEOGRAPHIC,IMPOSSIBLE_TRAVEL
TXN_006222,0,NONE,NONE
TXN_005594,1,AMOUNT_ANOMALY,SUDDEN_HIGH_VALUE
TXN_003903,1,TIME_ANOMALY,UNUSUAL_HOUR
TXN_014645,0,NONE,NONE
TXN_006249,1,TIME_ANOMALY,UNUSUAL_HOUR
TXN_006683,1,VELOCITY,RAPID_TRANSACTIONS
TXN_009925,0,NONE,NONE
TXN_009810,0,NONE,NONE
TXN_000369,0,NONE,NONE
TXN_001559,0,NONE,NONE
TXN_011162,0,NONE,NONE
TXN_001697,0,NONE,NONE
TXN_014317,0,NONE,NONE
TXN_005311,1,VELOCITY,RAPID_TRANSACTIONS
TXN_009850,0,NONE,NONE
TXN_009678,0,NONE,NONE
TXN_000157,0,NONE,NONE
TXN_012296,0,NONE,NONE
TXN_003867,0,NONE,NONE
TXN_012563,0,NONE,NONE
TXN_000355,1,CARD_TESTING,MICRO_TRANSACTIONS
TXN_009931,0,NONE,NONE
TXN_014057,0,NONE,NONE
TXN_010401,0,NONE,NONE
TXN_008958,0,NONE,NONE
TXN_012002,0,NONE,NONE
TXN_009629,0,NONE,NONE
TXN_008446,0,NONE,NONE
TXN_009150,0,NONE,NONE
TXN_010726,0,NONE,NONE
TXN_014187,0,NONE,NONE
TXN_006050,0,NONE,NONE
TXN_012510,0,NONE,NONE
TXN_009802,0,NONE,NONE
TXN_001389,0,NONE,NONE
TXN_010914,0,NONE,NONE
TXN_006291,0,NONE,NONE
TXN_013518,0,NONE,NONE
TXN_006352,0,NONE,NONE
TXN_011026,0,NONE,NONE
TXN_011641,0,NONE,NONE
TXN_006479,0,NONE,NONE
TXN_012075,0,NONE,NONE
TXN_007314,0,NONE,NONE
TXN_009246,0,NONE,NONE
TXN_014611,0,NONE,NONE
TXN_009854,0,NONE,NONE
TXN_000903,0,NONE,NONE
TXN_000441,0,NONE,NONE
TXN_010929,0,NONE,NONE
TXN_009371,0,NONE,NONE
TXN_004965,0,NONE,NONE
TXN_002494,1,TIME_ANOMALY,UNUSUAL_HOUR
TXN_002219,0,NONE,NONE
TXN_007209,0,NONE,NONE
TXN_013399,0,NONE,NONE
TXN_013530,0,NONE,NONE
TXN_006516,0,NONE,NONE
TXN_011044,0,NONE,NONE
TXN_003593,0,NONE,NONE
TXN_006058,0,NONE,NONE
TXN_006339,0,NONE,NONE
TXN_006934,0,NONE,NONE
TXN_013753,0,NONE,NONE
TXN_005161,1,BEHAVIORAL,SPENDING_PATTERN_SHIFT
TXN_013005,1,AMOUNT_ANOMALY,SUDDEN_HIGH_VALUE
TXN_008109,0,NONE,NONE
TXN_012604,0,NONE,NONE
TXN_001421,0,NONE,NONE
TXN_010352,0,NONE,NONE
TXN_009596,0,NONE,NONE
TXN_003419,0,NONE,NONE
TXN_002057,0,NONE,NONE
TXN_001411,0,NONE,NONE
TXN_013472,0,NONE,NONE
TXN_007968,0,NONE,NONE
TXN_001306,0,NONE,NONE
TXN_010938,0,NONE,NONE
TXN_010678,0,NONE,NONE
TXN_012806,0,NONE,NONE
TXN_013942,0,NONE,NONE
TXN_005949,0,NONE,NONE
TXN_008408,0,NONE,NONE
TXN_012395,0,NONE,NONE
TXN_013027,0,NONE,NONE
TXN_011119,0,NONE,NONE
TXN_000715,0,NONE,NONE
TXN_000662,0,NONE,NONE
TXN_004971,0,NONE,NONE
TXN_012921,0,NONE,NONE
TXN_013855,0,NONE,NONE
TXN_000841,0,NONE,NONE
TXN_013221,0,NONE,NONE
TXN_011926,0,NONE,NONE
TXN_014443,0,NONE,NONE
TXN_004625,0,NONE,NONE
TXN_011183,0,NONE,NONE
TXN_006842,0,NONE,NONE
TXN_002082,0,NONE,NONE
TXN_001035,1,GEOGRAPHIC,IMPOSSIBLE_TRAVEL
TXN_007873,0,NONE,NONE
TXN_010805,0,NONE,NONE
TXN_004843,0,NONE,NONE
TXN_011134,0,NONE,NONE
TXN_014230,0,NONE,NONE
TXN_011545,0,NONE,NONE
TXN_000598,0,NONE,NONE
TXN_003632,0,NONE,NONE
TXN_000742,0,NONE,NONE
TXN_006961,0,NONE,NONE
TXN_001816,0,NONE,NONE
TXN_011436,0,NONE,NONE
TXN_007891,0,NONE,NONE
TXN_009541,0,NONE,NONE
TXN_012909,1,DEVICE,NEW_DEVICE
TXN_014694,0,NONE,NONE
TXN_005736,0,NONE,NONE
TXN_001852,0,NONE,NONE
TXN_014120,0,NONE,NONE
TXN_002464,0,NONE,NONE
TXN_010366,0,NONE,NONE
TXN_007782,0,NONE,NONE
TXN_014841,0,NONE,NONE
TXN_012202,0,NONE,NONE
TXN_004878,0,NONE,NONE
TXN_002338,0,NONE,NONE
TXN_007696,1,NETWORK,SHARED_DEVICE
TXN_003544,0,NONE,NONE
TXN_013624,0,NONE,NONE
TXN_010892,0,NONE,NONE
TXN_004743,1,VELOCITY,RAPID_TRANSACTIONS
TXN_014032,0,NONE,NONE
TXN_006243,0,NONE,NONE
TXN_006203,0,NONE,NONE
TXN_009242,0,NONE,NONE
TXN_004350,0,NONE,NONE
TXN_002780,0,NONE,NONE
TXN_001676,0,NONE,NONE
TXN_009843,0,NONE,NONE
TXN_007285,0,NONE,NONE
TXN_008885,0,NONE,NONE
TXN_012284,0,NONE,NONE
TXN_013368,0,NONE,NONE
TXN_005149,0,NONE,NONE
TXN_001512,0,NONE,NONE
TXN_007382,0,NONE,NONE
TXN_014940,0,NONE,NONE
TXN_010065,1,MERCHANT,UNUSUAL_MERCHANT
TXN_004300,1,DEVICE,NEW_DEVICE
TXN_013090,0,NONE,NONE
TXN_002753,0,NONE,NONE
TXN_010814,0,NONE,NONE
TXN_009441,0,NONE,NONE
TXN_005232,0,NONE,NONE
TXN_010014,0,NONE,NONE
TXN_009313,1,VELOCITY,RAPID_TRANSACTIONS
TXN_009178,0,NONE,NONE
TXN_003321,0,NONE,NONE
TXN_002380,0,NONE,NONE
TXN_001295,0,NONE,NONE
TXN_009070,0,NONE,NONE
TXN_005628,0,NONE,NONE
TXN_014202,0,NONE,NONE
TXN_014283,0,NONE,NONE
TXN_006988,0,NONE,NONE
TXN_009393,0,NONE,NONE
TXN_003766,1,BEHAVIORAL,SPENDING_PATTERN_SHIFT
TXN_009347,0,NONE,NONE
TXN_008205,1,MERCHANT,UNUSUAL_MERCHANT
TXN_014270,0,NONE,NONE
TXN_008189,0,NONE,NONE
TXN_005360,0,NONE,NONE
TXN_010079,0,NONE,NONE
TXN_005324,0,NONE,NONE
TXN_012831,0,NONE,NONE
TXN_008572,0,NONE,NONE
TXN_009016,0,NONE,NONE
TXN_000843,0,NONE,NONE
TXN_014470,0,NONE,NONE
TXN_011710,0,NONE,NONE
TXN_012764,0,NONE,NONE
TXN_003401,0,NONE,NONE
TXN_008781,0,NONE,NONE
TXN_003436,0,NONE,NONE
TXN_001920,0,NONE,NONE
TXN_013104,1,GEOGRAPHIC,IMPOSSIBLE_TRAVEL
TXN_005525,0,NONE,NONE
TXN_014922,0,NONE,NONE
TXN_000850,0,NONE,NONE
TXN_011246,0,NONE,NONE
TXN_009630,0,NONE,NONE
TXN_012110,0,NONE,NONE
TXN_011631,1,NETWORK,SHARED_DEVICE
TXN_004192,0,NONE,NONE
TXN_003448,0,NONE,NONE
TXN_002592,0,NONE,NONE
TXN_007588,0,NONE,NONE
TXN_007488,0,NONE,NONE
TXN_002871,0,NONE,NONE
TXN_010598,0,NONE,NONE
TXN_007348,0,NONE,NONE
TXN_003471,0,NONE,NONE
TXN_010965,0,NONE,NONE
TXN_003439,0,NONE,NONE
TXN_014349,0,NONE,NONE
TXN_001532,0,NONE,NONE
TXN_007050,0,NONE,NONE
TXN_008773,0,NONE,NONE
TXN_000263,0,NONE,NONE
TXN_003640,1,MERCHANT,UNUSUAL_MERCHANT
TXN_014136,0,NONE,NONE
TXN_004207,0,NONE,NONE
TXN_006256,0,NONE,NONE
TXN_007269,0,NONE,NONE
TXN_006638,0,NONE,NONE
TXN_000612,0,NONE,NONE
TXN_013497,0,NONE,NONE
TXN_007250,0,NONE,NONE
TXN_008291,1,MERCHANT,UNUSUAL_MERCHANT
TXN_014746,0,NONE,NONE
TXN_008041,0,NONE,NONE
TXN_008462,0,NONE,NONE
TXN_005711,0,NONE,NONE
TXN_001758,1,DEVICE,NEW_DEVICE
TXN_011005,1,TIME_ANOMALY,UNUSUAL_HOUR
TXN_013347,0,NONE,NONE
TXN_013332,0,NONE,NONE
TXN_011901,0,NONE,NONE
TXN_004917,0,NONE,NONE
TXN_013232,0,NONE,NONE
TXN_008916,0,NONE,NONE
TXN_003843,1,BEHAVIORAL,SPENDING_PATTERN_SHIFT
TXN_008015,0,NONE,NONE
TXN_009861,0,NONE,NONE
TXN_003336,0,NONE,NONE
TXN_014149,0,NONE,NONE
TXN_014114,1,NETWORK,SHARED_DEVICE
TXN_001960,1,GEOGRAPHIC,IMPOSSIBLE_TRAVEL
TXN_008316,0,NONE,NONE
TXN_010923,0,NONE,NONE
TXN_000999,0,NONE,NONE
TXN_003353,0,NONE,NONE
TXN_013084,0,NONE,NONE
TXN_013771,0,NONE,NONE
TXN_002735,0,NONE,NONE
TXN_000885,0,NONE,NONE
TXN_014704,0,NONE,NONE
TXN_013700,0,NONE,NONE
TXN_001516,0,NONE,NONE
TXN_001275,0,NONE,NONE
TXN_006727,0,NONE,NONE
TXN_004646,0,NONE,NONE
TXN_012815,0,NONE,NONE
TXN_013212,0,NONE,NONE
TXN_012199,0,NONE,NONE
TXN_006385,0,NONE,NONE
TXN_010333,0,NONE,NONE
TXN_003521,0,NONE,NONE
TXN_008976,0,NONE,NONE
TXN_002601,0,NONE,NONE
TXN_010981,0,NONE,NONE
TXN_007453,0,NONE,NONE
TXN_011886,0,NONE,NONE
TXN_012584,0,NONE,NONE
TXN_011919,0,NONE,NONE
TXN_005397,1,VELOCITY,RAPID_TRANSACTIONS
TXN_005892,1,CARD_TESTING,MICRO_TRANSACTIONS
TXN_008225,0,NONE,NONE
TXN_002124,0,NONE,NONE
TXN_008713,0,NONE,NONE
TXN_011884,0,NONE,NONE
TXN_001293,0,NONE,NONE
TXN_006939,0,NONE,NONE
TXN_005082,0,NONE,NONE
TXN_001376,1,CARD_TESTING,MICRO_TRANSACTIONS
TXN_009818,0,NONE,NONE
TXN_004293,0,NONE,NONE
TXN_003050,0,NONE,NONE
TXN_004213,0,NONE,NONE
TXN_008005,1,MERCHANT,UNUSUAL_MERCHANT
TXN_008755,0,NONE,NONE
TXN_010605,0,NONE,NONE
TXN_009118,0,NONE,NONE
TXN_013446,1,NETWORK,SHARED_DEVICE
TXN_007634,0,NONE,NONE
TXN_014530,0,NONE,NONE
TXN_013486,0,NONE,NONE
TXN_012471,1,BEHAVIORAL,SPENDING_PATTERN_SHIFT
TXN_012080,0,NONE,NONE
TXN_014703,0,NONE,NONE
TXN_003574,0,NONE,NONE
TXN_005785,0,NONE,NONE
TXN_010192,0,NONE,NONE
TXN_001593,1,TIME_ANOMALY,UNUSUAL_HOUR
TXN_008620,0,NONE,NONE
TXN_013178,0,NONE,NONE
TXN_007118,0,NONE,NONE
TXN_013929,0,NONE,NONE
TXN_000341,0,NONE,NONE
TXN_014140,0,NONE,NONE
TXN_000554,0,NONE,NONE
TXN_003703,0,NONE,NONE
TXN_014439,0,NONE,NONE
TXN_009432,0,NONE,NONE
TXN_009644,0,NONE,NONE
TXN_004168,0,NONE,NONE
TXN_009985,0,NONE,NONE
TXN_012782,0,NONE,NONE
TXN_000683,0,NONE,NONE
TXN_002357,0,NONE,NONE
TXN_003633,1,MERCHANT,UNUSUAL_MERCHANT
TXN_004138,1,DEVICE,NEW_DEVICE
TXN_009020,0,NONE,NONE
TXN_000593,0,NONE,NONE
TXN_003596,0,NONE,NONE
TXN_005912,0,NONE,NONE
TXN_011815,0,NONE,NONE
TXN_000970,0,NONE,NONE
TXN_013083,0,NONE,NONE
TXN_002923,0,NONE,NONE
TXN_009395,0,NONE,NONE
TXN_001178,0,NONE,NONE
TXN_010096,0,NONE,NONE
TXN_010532,0,NONE,NONE
TXN_004698,0,NONE,NONE
TXN_012130,0,NONE,NONE
TXN_001180,0,NONE,NONE
TXN_007506,0,NONE,NONE
TXN_012587,0,NONE,NONE
TXN_000094,0,NONE,NONE
TXN_007474,0,NONE,NONE
TXN_013657,0,NONE,NONE
TXN_004451,0,NONE,NONE
TXN_000464,0,NONE,NONE
TXN_012844,0,NONE,NONE
TXN_001871,0,NONE,NONE
TXN_010874,0,NONE,NONE
TXN_007530,0,NONE,NONE
TXN_005119,0,NONE,NONE
TXN_013345,0,NONE,NONE
TXN_009166,0,NONE,NONE
TXN_006540,0,NONE,NONE
TXN_012883,1,TIME_ANOMALY,UNUSUAL_HOUR
TXN_000296,0,NONE,NONE
TXN_008669,1,TIME_ANOMALY,UNUSUAL_HOUR
TXN_002632,0,NONE,NONE
TXN_013790,1,DEVICE,NEW_DEVICE
TXN_003522,0,NONE,NONE
TXN_002131,0,NONE,NONE
TXN_000859,1,TIME_ANOMALY,UNUSUAL_HOUR
TXN_001974,0,NONE,NONE
TXN_012177,0,NONE,NONE
TXN_006065,1,MERCHANT,UNUSUAL_MERCHANT
TXN_004069,1,VELOCITY,RAPID_TRANSACTIONS
TXN_000188,0,NONE,NONE
TXN_000121,0,NONE,NONE
TXN_001883,0,NONE,NONE
TXN_012705,0,NONE,NONE
TXN_007828,0,NONE,NONE
TXN_004690,0,NONE,NONE
TXN_002882,0,NONE,NONE
TXN_014216,0,NONE,NONE
TXN_011070,0,NONE,NONE
TXN_005557,0,NONE,NONE
TXN_009082,0,NONE,NONE
TXN_005806,1,DEVICE,NEW_DEVICE
TXN_010463,0,NONE,NONE
TXN_014710,0,NONE,NONE
TXN_006574,0,NONE,NONE
TXN_000717,0,NONE,NONE
TXN_004235,0,NONE,NONE
TXN_009214,0,NONE,NONE
TXN_002166,0,NONE,NONE
TXN_001903,0,NONE,NONE
TXN_011565,0,NONE,NONE
TXN_006160,0,NONE,NONE
TXN_008792,0,NONE,NONE
TXN_003045,0,NONE,NONE
TXN_011302,0,NONE,NONE
TXN_008351,0,NONE,NONE
TXN_010368,0,NONE,NONE
TXN_000135,0,NONE,NONE
TXN_013061,0,NONE,NONE
TXN_007420,0,NONE,NONE
TXN_008274,0,NONE,NONE
TXN_004431,0,NONE,NONE
TXN_011575,0,NONE,NONE
TXN_010729,0,NONE,NONE
TXN_011252,0,NONE,NONE
TXN_013642,0,NONE,NONE
TXN_011890,0,NONE,NONE
TXN_003829,0,NONE,NONE
TXN_004519,0,NONE,NONE
TXN_011229,1,BEHAVIORAL,SPENDING_PATTERN_SHIFT
TXN_006223,0,NONE,NONE
TXN_008126,0,NONE,NONE
TXN_004721,0,NONE,NONE
TXN_006936,0,NONE,NONE
TXN_011822,0,NONE,NONE
TXN_008193,0,NONE,NONE
TXN_002260,0,NONE,NONE
TXN_005549,0,NONE,NONE
TXN_012489,0,NONE,NONE
TXN_000681,0,NONE,NONE
TXN_010768,0,NONE,NONE
TXN_007358,0,NONE,NONE
TXN_012641,0,NONE,NONE
TXN_010894,0,NONE,NONE
TXN_001792,0,NONE,NONE
TXN_003546,0,NONE,NONE
TXN_005122,0,NONE,NONE
TXN_003418,0,NONE,NONE
TXN_011860,0,NONE,NONE
TXN_007296,1,TIME_ANOMALY,UNUSUAL_HOUR
TXN_006299,1,TIME_ANOMALY,UNUSUAL_HOUR
TXN_008595,0,NONE,NONE
TXN_004544,1,VELOCITY,RAPID_TRANSACTIONS
TXN_002363,0,NONE,NONE
TXN_009592,0,NONE,NONE
TXN_004059,0,NONE,NONE
TXN_004580,0,NONE,NONE
TXN_000057,0,NONE,NONE
TXN_001404,0,NONE,NONE
TXN_011233,1,VELOCITY,RAPID_TRANSACTIONS
TXN_012541,0,NONE,NONE
TXN_002692,0,NONE,NONE
TXN_010091,0,NONE,NONE
TXN_003572,0,NONE,NONE
TXN_003387,0,NONE,NONE
TXN_005179,0,NONE,NONE
TXN_007284,0,NONE,NONE
TXN_007463,0,NONE,NONE
TXN_004479,0,NONE,NONE
TXN_010980,0,NONE,NONE
TXN_014919,0,NONE,NONE
TXN_006320,1,DEVICE,NEW_DEVICE
TXN_000735,0,NONE,NONE
TXN_001279,0,NONE,NONE
TXN_008682,0,NONE,NONE
TXN_003021,0,NONE,NONE
TXN_007218,0,NONE,NONE
TXN_000267,0,NONE,NONE
TXN_003255,1,VELOCITY,RAPID_TRANSACTIONS
TXN_008629,0,NONE,NONE
TXN_013639,0,NONE,NONE
TXN_009490,0,NONE,NONE
TXN_011668,0,NONE,NONE
TXN_013872,0,NONE,NONE
TXN_005907,0,NONE,NONE
TXN_013116,0,NONE,NONE
TXN_003689,0,NONE,NONE
TXN_006844,0,NONE,NONE
TXN_012029,0,NONE,NONE
TXN_013625,1,AMOUNT_ANOMALY,SUDDEN_HIGH_VALUE
TXN_012179,0,NONE,NONE
TXN_003560,0,NONE,NONE
TXN_013932,1,GEOGRAPHIC,IMPOSSIBLE_TRAVEL
TXN_012475,0,NONE,NONE
TXN_003831,0,NONE,NONE
TXN_006185,0,NONE,NONE
TXN_008778,0,NONE,NONE
TXN_009292,1,NETWORK,SHARED_DEVICE
TXN_014572,0,NONE,NONE
TXN_001552,1,NETWORK,SHARED_DEVICE
TXN_009328,0,NONE,NONE
TXN_011426,0,NONE,NONE
TXN_006707,1,SEQUENTIAL,MICRO_TO_LARGE_ESCALATION
TXN_004855,0,NONE,NONE
TXN_004718,0,NONE,NONE
TXN_001462,0,NONE,NONE
TXN_006788,0,NONE,NONE
TXN_009209,0,NONE,NONE
TXN_011706,0,NONE,NONE
TXN_008264,0,NONE,NONE
TXN_003304,1,NETWORK,SHARED_DEVICE
TXN_006152,0,NONE,NONE
TXN_003541,0,NONE,NONE
TXN_010438,0,NONE,NONE
TXN_009320,0,NONE,NONE
TXN_000026,0,NONE,NONE
TXN_004129,1,TIME_ANOMALY,UNUSUAL_HOUR
TXN_007526,0,NONE,NONE
TXN_007170,0,NONE,NONE
TXN_007109,0,NONE,NONE
TXN_002572,0,NONE,NONE
TXN_004153,0,NONE,NONE
TXN_005992,0,NONE,NONE
TXN_006311,0,NONE,NONE
TXN_013749,1,AMOUNT_ANOMALY,SUDDEN_HIGH_VALUE
TXN_001502,0,NONE,NONE
TXN_001899,0,NONE,NONE
TXN_004756,0,NONE,NONE
TXN_012099,1,VELOCITY,RAPID_TRANSACTIONS
TXN_008685,0,NONE,NONE
TXN_000005,0,NONE,NONE
TXN_004005,0,NONE,NONE
TXN_007078,0,NONE,NONE
TXN_002982,0,NONE,NONE
TXN_000061,0,NONE,NONE
TXN_009045,0,NONE,NONE
TXN_000687,0,NONE,NONE
TXN_010925,0,NONE,NONE
TXN_014387,0,NONE,NONE
TXN_010998,0,NONE,NONE
TXN_014302,0,NONE,NONE
TXN_005032,1,MERCHANT,UNUSUAL_MERCHANT
TXN_001465,0,NONE,NONE
TXN_001617,0,NONE,NONE
TXN_011106,0,NONE,NONE
TXN_013707,0,NONE,NONE
TXN_004742,1,MERCHANT,UNUSUAL_MERCHANT
TXN_014656,0,NONE,NONE
TXN_009158,0,NONE,NONE
TXN_011319,0,NONE,NONE
TXN_013961,1,VELOCITY,RAPID_TRANSACTIONS
TXN_009286,0,NONE,NONE
TXN_011152,0,NONE,NONE
TXN_014183,0,NONE,NONE
TXN_010855,0,NONE,NONE
TXN_001311,0,NONE,NONE
TXN_006807,0,NONE,NONE
TXN_003221,0,NONE,NONE
TXN_010945,0,NONE,NONE
TXN_003477,0,NONE,NONE
TXN_003851,0,NONE,NONE
TXN_004094,0,NONE,NONE
TXN_005567,0,NONE,NONE
TXN_011797,0,NONE,NONE
TXN_002300,1,MERCHANT,UNUSUAL_MERCHANT
TXN_011269,0,NONE,NONE
TXN_009539,0,NONE,NONE
TXN_002739,0,NONE,NONE
TXN_008968,0,NONE,NONE
TXN_010588,0,NONE,NONE
TXN_000917,0,NONE,NONE
TXN_000599,0,NONE,NONE
TXN_003548,0,NONE,NONE
TXN_003860,0,NONE,NONE
TXN_008944,0,NONE,NONE
TXN_011893,0,NONE,NONE
TXN_001733,0,NONE,NONE
TXN_003402,0,NONE,NONE
TXN_000164,1,CARD_TESTING,MICRO_TRANSACTIONS
TXN_006399,0,NONE,NONE
TXN_009380,0,NONE,NONE
TXN_006076,0,NONE,NONE
TXN_010917,0,NONE,NONE
TXN_003462,0,NONE,NONE
TXN_009977,0,NONE,NONE
TXN_014422,1,NETWORK,SHARED_DEVICE
TXN_003569,0,NONE,NONE
TXN_010937,0,NONE,NONE
TXN_009274,0,NONE,NONE
TXN_009616,0,NONE,NONE
TXN_005461,0,NONE,NONE
TXN_011236,0,NONE,NONE
TXN_000002,0,NONE,NONE
TXN_007349,0,NONE,NONE
TXN_013064,0,NONE,NONE
TXN_002096,0,NONE,NONE
TXN_007867,0,NONE,NONE
TXN_009955,0,NONE,NONE
TXN_014917,0,NONE,NONE
TXN_007183,0,NONE,NONE
TXN_006052,1,GEOGRAPHIC,IMPOSSIBLE_TRAVEL
TXN_006906,0,NONE,NONE
TXN_010656,0,NONE,NONE
TXN_010574,0,NONE,NONE
TXN_004987,0,NONE,NONE
TXN_013210,0,NONE,NONE
TXN_014825,0,NONE,NONE
TXN_011929,0,NONE,NONE
TXN_001575,0,NONE,NONE
TXN_006644,0,NONE,NONE
TXN_014345,0,NONE,NONE
TXN_013136,0,NONE,NONE
TXN_014304,0,NONE,NONE
TXN_007815,0,NONE,NONE
TXN_013076,0,NONE,NONE
TXN_004609,0,NONE,NONE
TXN_013165,0,NONE,NONE
TXN_007310,0,NONE,NONE
TXN_009466,0,NONE,NONE
TXN_009928,0,NONE,NONE
TXN_002575,0,NONE,NONE
TXN_009496,0,NONE,NONE
TXN_003802,0,NONE,NONE
TXN_005204,0,NONE,NONE
TXN_004114,0,NONE,NONE
TXN_007036,0,NONE,NONE
TXN_007791,0,NONE,NONE
TXN_009007,0,NONE,NONE
TXN_007681,0,NONE,NONE
TXN_011771,0,NONE,NONE
TXN_010928,0,NONE,NONE
TXN_004408,0,NONE,NONE
TXN_012793,0,NONE,NONE
TXN_010141,0,NONE,NONE
TXN_007139,0,NONE,NONE
TXN_014056,0,NONE,NONE
TXN_002328,0,NONE,NONE
TXN_004423,0,NONE,NONE
TXN_000161,0,NONE,NONE
TXN_001587,1,CARD_TESTING,MICRO_TRANSACTIONS
TXN_010834,0,NONE,NONE
TXN_004355,0,NONE,NONE
TXN_006436,0,NONE,NONE
TXN_007309,0,NONE,NONE
TXN_004156,0,NONE,NONE
TXN_001494,0,NONE,NONE
TXN_009188,1,VELOCITY,RAPID_TRANSACTIONS
TXN_007594,0,NONE,NONE
TXN_008866,0,NONE,NONE
TXN_009080,1,VELOCITY,RAPID_TRANSACTIONS
TXN_007185,1,VELOCITY,RAPID_TRANSACTIONS
TXN_000797,1,TIME_ANOMALY,UNUSUAL_HOUR
TXN_004592,0,NONE,NONE
TXN_012632,0,NONE,NONE
TXN_000693,0,NONE,NONE
TXN_008495,0,NONE,NONE
TXN_007788,0,NONE,NONE
TXN_007780,0,NONE,NONE
TXN_012378,1,MERCHANT,UNUSUAL_MERCHANT
TXN_000839,1,DEVICE,NEW_DEVICE
TXN_000497,0,NONE,NONE
TXN_004672,0,NONE,NONE
TXN_007802,0,NONE,NONE
TXN_003842,0,NONE,NONE
TXN_006411,0,NONE,NONE
TXN_007787,0,NONE,NONE
TXN_007846,0,NONE,NONE
TXN_012077,0,NONE,NONE
TXN_001888,0,NONE,NONE
TXN_009272,0,NONE,NONE
TXN_003037,0,NONE,NONE
TXN_001653,0,NONE,NONE
TXN_002512,1,SEQUENTIAL,MICRO_TO_LARGE_ESCALATION
TXN_009075,0,NONE,NONE
TXN_000347,0,NONE,NONE
TXN_004327,0,NONE,NONE
TXN_001980,0,NONE,NONE
TXN_004825,0,NONE,NONE
TXN_007851,0,NONE,NONE
TXN_014583,0,NONE,NONE
TXN_009494,0,NONE,NONE
TXN_007198,1,BEHAVIORAL,SPENDING_PATTERN_SHIFT
TXN_012601,0,NONE,NONE
TXN_013823,0,NONE,NONE
TXN_001010,0,NONE,NONE
TXN_013970,0,NONE,NONE
TXN_009974,0,NONE,NONE
TXN_004312,1,CARD_TESTING,MICRO_TRANSACTIONS
TXN_003535,0,NONE,NONE
TXN_011285,0,NONE,NONE
TXN_005563,0,NONE,NONE
TXN_002143,0,NONE,NONE
TXN_004705,0,NONE,NONE
TXN_000795,1,CARD_TESTING,MICRO_TRANSACTIONS
TXN_006113,0,NONE,NONE
TXN_013410,0,NONE,NONE
TXN_009309,0,NONE,NONE
TXN_007628,0,NONE,NONE
TXN_012410,0,NONE,NONE
TXN_004869,0,NONE,NONE
TXN_001925,0,NONE,NONE
TXN_003277,1,VELOCITY,RAPID_TRANSACTIONS
TXN_003459,0,NONE,NONE
TXN_004242,0,NONE,NONE
TXN_005041,0,NONE,NONE
TXN_000336,0,NONE,NONE
TXN_008843,0,NONE,NONE
TXN_013045,0,NONE,NONE
TXN_007978,0,NONE,NONE
TXN_013440,0,NONE,NONE
TXN_012762,0,NONE,NONE
TXN_008308,0,NONE,NONE
TXN_007188,0,NONE,NONE
TXN_014978,0,NONE,NONE
TXN_012350,0,NONE,NONE
TXN_005449,0,NONE,NONE
TXN_000507,0,NONE,NONE
TXN_001908,0,NONE,NONE
TXN_003620,0,NONE,NONE
TXN_003411,0,NONE,NONE
TXN_001159,0,NONE,NONE
TXN_010610,0,NONE,NONE
TXN_001668,0,NONE,NONE
TXN_005503,0,NONE,NONE
TXN_002605,1,TIME_ANOMALY,UNUSUAL_HOUR
TXN_013596,0,NONE,NONE
TXN_014106,0,NONE,NONE
TXN_013223,1,MERCHANT,UNUSUAL_MERCHANT
TXN_000392,0,NONE,NONE
TXN_005801,0,NONE,NONE
TXN_007383,0,NONE,NONE
TXN_004550,0,NONE,NONE
TXN_005352,0,NONE,NONE
TXN_009575,1,DEVICE,NEW_DEVICE
TXN_002220,0,NONE,NONE
TXN_012962,0,NONE,NONE
TXN_005466,0,NONE,NONE
TXN_013615,0,NONE,NONE
TXN_001426,0,NONE,NONE
TXN_002791,0,NONE,NONE
TXN_011133,0,NONE,NONE
TXN_007883,0,NONE,NONE
TXN_000010,0,NONE,NONE
TXN_001926,0,NONE,NONE
TXN_014856,0,NONE,NONE
TXN_004802,0,NONE,NONE
TXN_012156,0,NONE,NONE
TXN_000183,0,NONE,NONE
TXN_004786,0,NONE,NONE
TXN_006437,0,NONE,NONE
TXN_009140,0,NONE,NONE
TXN_010247,0,NONE,NONE
TXN_000321,0,NONE,NONE
TXN_000200,0,NONE,NONE
TXN_009105,0,NONE,NONE
TXN_000576,0,NONE,NONE
TXN_005484,0,NONE,NONE
TXN_000225,0,NONE,NONE
TXN_008551,0,NONE,NONE
TXN_014953,1,MERCHANT,UNUSUAL_MERCHANT
TXN_014119,0,NONE,NONE
TXN_005499,0,NONE,NONE
TXN_013414,0,NONE,NONE
TXN_011101,0,NONE,NONE
TXN_011121,0,NONE,NONE
TXN_006597,0,NONE,NONE
TXN_001265,0,NONE,NONE
TXN_012912,0,NONE,NONE
TXN_002822,0,NONE,NONE
TXN_010082,0,NONE,NONE
TXN_005596,0,NONE,NONE
TXN_007943,0,NONE,NONE
TXN_012742,0,NONE,NONE
TXN_005976,0,NONE,NONE
TXN_010251,0,NONE,NONE
TXN_007181,0,NONE,NONE
TXN_011809,0,NONE,NONE
TXN_012036,0,NONE,NONE
TXN_000052,0,NONE,NONE
TXN_012879,0,NONE,NONE
TXN_002073,0,NONE,NONE
TXN_009893,0,NONE,NONE
TXN_000046,0,NONE,NONE
TXN_004342,0,NONE,NONE
TXN_004055,0,NONE,NONE
TXN_014158,0,NONE,NONE
TXN_006037,0,NONE,NONE
TXN_014785,1,SEQUENTIAL,MICRO_TO_LARGE_ESCALATION
TXN_001636,1,MERCHANT,UNUSUAL_MERCHANT
TXN_001206,0,NONE,NONE
TXN_009134,0,NONE,NONE
TXN_006674,0,NONE,NONE
TXN_013461,0,NONE,NONE
TXN_002778,0,NONE,NONE
TXN_004804,0,NONE,NONE
TXN_010976,0,NONE,NONE
TXN_002247,1,NETWORK,SHARED_DEVICE
TXN_007946,0,NONE,NONE
TXN_002683,0,NONE,NONE
TXN_010640,0,NONE,NONE
TXN_002409,0,NONE,NONE
TXN_009352,1,AMOUNT_ANOMALY,SUDDEN_HIGH_VALUE
TXN_004709,0,NONE,NONE
TXN_012770,0,NONE,NONE
TXN_006742,0,NONE,NONE
TXN_007357,0,NONE,NONE
TXN_001950,0,NONE,NONE
TXN_010538,0,NONE,NONE
TXN_011298,0,NONE,NONE
TXN_006754,0,NONE,NONE
TXN_008896,0,NONE,NONE
TXN_009797,0,NONE,NONE
TXN_010047,1,NETWORK,SHARED_DEVICE
TXN_008810,0,NONE,NONE
TXN_009973,0,NONE,NONE
TXN_004501,0,NONE,NONE
TXN_007157,0,NONE,NONE
TXN_007079,0,NONE,NONE
TXN_014257,0,NONE,NONE
TXN_009651,0,NONE,NONE
TXN_008814,0,NONE,NONE
TXN_004535,0,NONE,NONE
TXN_000754,0,NONE,NONE
TXN_014965,0,NONE,NONE
TXN_001947,0,NONE,NONE
TXN_001918,0,NONE,NONE
TXN_006672,0,NONE,NONE
TXN_011194,0,NONE,NONE
TXN_006557,0,NONE,NONE
TXN_006201,0,NONE,NONE
TXN_006259,0,NONE,NONE
TXN_001107,0,NONE,NONE
TXN_007855,0,NONE,NONE
TXN_008691,1,GEOGRAPHIC,IMPOSSIBLE_TRAVEL
TXN_003433,0,NONE,NONE
TXN_014006,0,NONE,NONE
TXN_014959,0,NONE,NONE
TXN_011879,1,DEVICE,NEW_DEVICE
TXN_000854,0,NONE,NONE
TXN_014512,0,NONE,NONE
TXN_002659,0,NONE,NONE
TXN_005930,0,NONE,NONE
TXN_001692,0,NONE,NONE
TXN_012444,1,NETWORK,SHARED_DEVICE
TXN_003135,0,NONE,NONE
TXN_010790,1,BEHAVIORAL,SPENDING_PATTERN_SHIFT
TXN_003982,0,NONE,NONE
TXN_005968,0,NONE,NONE
TXN_007258,0,NONE,NONE
TXN_009987,0,NONE,NONE
TXN_012689,1,TIME_ANOMALY,UNUSUAL_HOUR
TXN_001557,0,NONE,NONE
TXN_007777,0,NONE,NONE
TXN_012765,0,NONE,NONE
TXN_005140,0,NONE,NONE
TXN_004098,1,CARD_TESTING,MICRO_TRANSACTIONS
TXN_001513,0,NONE,NONE
TXN_009885,1,TIME_ANOMALY,UNUSUAL_HOUR
TXN_001690,0,NONE,NONE
TXN_003695,0,NONE,NONE
TXN_004759,0,NONE,NONE
TXN_009059,0,NONE,NONE
TXN_005509,0,NONE,NONE
TXN_014983,0,NONE,NONE
TXN_011948,0,NONE,NONE
TXN_002938,0,NONE,NONE
TXN_008367,0,NONE,NONE
TXN_006769,0,NONE,NONE
TXN_013020,1,VELOCITY,RAPID_TRANSACTIONS
TXN_011981,0,NONE,NONE
TXN_006601,0,NONE,NONE
TXN_010445,0,NONE,NONE
TXN_012941,0,NONE,NONE
TXN_010107,0,NONE,NONE
TXN_012455,0,NONE,NONE
TXN_005935,0,NONE,NONE
TXN_007525,0,NONE,NONE
TXN_003993,0,NONE,NONE
TXN_013604,0,NONE,NONE
TXN_003384,0,NONE,NONE
TXN_009521,0,NONE,NONE
TXN_009756,0,NONE,NONE
TXN_014558,0,NONE,NONE
TXN_006868,0,NONE,NONE
TXN_014459,0,NONE,NONE
TXN_005704,0,NONE,NONE
TXN_000034,0,NONE,NONE
TXN_014871,0,NONE,NONE
TXN_011463,0,NONE,NONE
TXN_010313,0,NONE,NONE
TXN_013315,0,NONE,NONE
TXN_009562,0,NONE,NONE
TXN_003921,0,NONE,NONE
TXN_008423,0,NONE,NONE
TXN_012848,0,NONE,NONE
TXN_011334,0,NONE,NONE
TXN_014078,0,NONE,NONE
TXN_000457,0,NONE,NONE
TXN_006600,0,NONE,NONE
TXN_009611,0,NONE,NONE
TXN_011300,0,NONE,NONE
TXN_002885,0,NONE,NONE
TXN_008528,0,NONE,NONE
TXN_006394,0,NONE,NONE
TXN_008393,0,NONE,NONE
TXN_006252,0,NONE,NONE
TXN_011281,0,NONE,NONE
TXN_013421,0,NONE,NONE
TXN_012950,0,NONE,NONE
TXN_013227,1,AMOUNT_ANOMALY,SUDDEN_HIGH_VALUE
TXN_005207,1,DEVICE,NEW_DEVICE
TXN_013359,0,NONE,NONE
TXN_011112,1,TIME_ANOMALY,UNUSUAL_HOUR
TXN_007487,0,NONE,NONE
TXN_005004,0,NONE,NONE
TXN_003551,1,SEQUENTIAL,MICRO_TO_LARGE_ESCALATION
TXN_014858,0,NONE,NONE
TXN_006894,0,NONE,NONE
TXN_001350,0,NONE,NONE
TXN_012282,0,NONE,NONE
TXN_014923,1,TIME_ANOMALY,UNUSUAL_HOUR
TXN_013129,0,NONE,NONE
TXN_014127,1,SEQUENTIAL,MICRO_TO_LARGE_ESCALATION
TXN_001329,0,NONE,NONE
TXN_011566,0,NONE,NONE
TXN_004647,0,NONE,NONE
TXN_008934,1,TIME_ANOMALY,UNUSUAL_HOUR
TXN_001325,0,NONE,NONE
TXN_014712,0,NONE,NONE
TXN_004219,0,NONE,NONE
TXN_000985,0,NONE,NONE
TXN_008054,0,NONE,NONE
TXN_010856,0,NONE,NONE
TXN_003040,0,NONE,NONE
TXN_010553,1,AMOUNT_ANOMALY,SUDDEN_HIGH_VALUE
TXN_000427,0,NONE,NONE
TXN_008079,0,NONE,NONE
TXN_013386,0,NONE,NONE
TXN_000888,0,NONE,NONE
TXN_013491,0,NONE,NONE
TXN_001185,0,NONE,NONE
TXN_003399,0,NONE,NONE
TXN_002351,0,NONE,NONE
TXN_006337,0,NONE,NONE
TXN_005054,0,NONE,NONE
TXN_005399,0,NONE,NONE
TXN_014754,0,NONE,NONE
TXN_004557,0,NONE,NONE
TXN_011960,1,MERCHANT,UNUSUAL_MERCHANT
TXN_007498,0,NONE,NONE
TXN_001683,0,NONE,NONE
TXN_002190,0,NONE,NONE
TXN_009442,0,NONE,NONE
TXN_000138,0,NONE,NONE
TXN_010178,0,NONE,NONE
TXN_011318,0,NONE,NONE
TXN_000332,0,NONE,NONE
TXN_001139,0,NONE,NONE
TXN_001624,0,NONE,NONE
TXN_003755,0,NONE,NONE
TXN_007333,1,VELOCITY,RAPID_TRANSACTIONS
TXN_003758,0,NONE,NONE
TXN_005148,0,NONE,NONE
TXN_005838,0,NONE,NONE
TXN_001018,0,NONE,NONE
TXN_000537,0,NONE,NONE
TXN_012930,1,AMOUNT_ANOMALY,SUDDEN_HIGH_VALUE
TXN_006330,1,SEQUENTIAL,MICRO_TO_LARGE_ESCALATION
TXN_007767,0,NONE,NONE
TXN_012432,0,NONE,NONE
TXN_003878,0,NONE,NONE
TXN_011580,0,NONE,NONE
TXN_003944,0,NONE,NONE
TXN_000815,0,NONE,NONE
TXN_002758,0,NONE,NONE
TXN_012873,0,NONE,NONE
TXN_003244,0,NONE,NONE
TXN_009868,0,NONE,NONE
TXN_008343,0,NONE,NONE
TXN_006303,0,NONE,NONE
TXN_005423,0,NONE,NONE
TXN_014407,0,NONE,NONE
TXN_013539,0,NONE,NONE
TXN_011088,0,NONE,NONE
TXN_005602,0,NONE,NONE
TXN_004946,0,NONE,NONE
TXN_003883,0,NONE,NONE
TXN_010280,0,NONE,NONE
TXN_010898,0,NONE,NONE
TXN_003772,0,NONE,NONE
TXN_001725,1,DEVICE,NEW_DEVICE
TXN_010765,0,NONE,NONE
TXN_001487,0,NONE,NONE
TXN_008913,0,NONE,NONE
TXN_010877,0,NONE,NONE
TXN_006761,0,NONE,NONE
TXN_002888,0,NONE,NONE
TXN_000294,0,NONE,NONE
TXN_002794,1,BEHAVIORAL,SPENDING_PATTERN_SHIFT
TXN_011247,0,NONE,NONE
TXN_000772,1,VELOCITY,RAPID_TRANSACTIONS
TXN_009916,0,NONE,NONE
TXN_006578,0,NONE,NONE
TXN_005877,0,NONE,NONE
TXN_001497,0,NONE,NONE
TXN_008515,0,NONE,NONE
TXN_004908,1,VELOCITY,RAPID_TRANSACTIONS
TXN_011351,1,BEHAVIORAL,SPENDING_PATTERN_SHIFT
TXN_013201,0,NONE,NONE
TXN_007856,0,NONE,NONE
TXN_009247,0,NONE,NONE
TXN_013758,0,NONE,NONE
TXN_002309,0,NONE,NONE
TXN_012523,1,NETWORK,SHARED_DEVICE
TXN_005048,0,NONE,NONE
TXN_001070,0,NONE,NONE
TXN_009060,0,NONE,NONE
TXN_006846,0,NONE,NONE
TXN_003082,0,NONE,NONE
TXN_010028,0,NONE,NONE
TXN_012989,0,NONE,NONE
TXN_000165,0,NONE,NONE
TXN_013383,0,NONE,NONE
TXN_013636,0,NONE,NONE
TXN_002970,1,BEHAVIORAL,SPENDING_PATTERN_SHIFT
TXN_012035,0,NONE,NONE
TXN_008922,0,NONE,NONE
TXN_005400,0,NONE,NONE
TXN_004306,0,NONE,NONE
TXN_004272,0,NONE,NONE
TXN_011504,0,NONE,NONE
TXN_009407,0,NONE,NONE
TXN_004020,0,NONE,NONE
TXN_002626,0,NONE,NONE
TXN_002429,0,NONE,NONE
TXN_006735,0,NONE,NONE
TXN_011916,0,NONE,NONE
TXN_004257,1,NETWORK,SHARED_DEVICE
TXN_000453,1,CARD_TESTING,MICRO_TRANSACTIONS
TXN_009384,0,NONE,NONE
TXN_007651,0,NONE,NONE
TXN_007752,0,NONE,NONE
TXN_002900,0,NONE,NONE
TXN_007082,0,NONE,NONE
TXN_010394,0,NONE,NONE
TXN_011714,0,NONE,NONE
TXN_011014,0,NONE,NONE
TXN_010644,0,NONE,NONE
TXN_008518,0,NONE,NONE
TXN_002112,0,NONE,NONE
TXN_010549,0,NONE,NONE
TXN_001820,0,NONE,NONE
TXN_011307,0,NONE,NONE
TXN_000436,0,NONE,NONE
TXN_003975,0,NONE,NONE
TXN_010290,0,NONE,NONE
TXN_003127,0,NONE,NONE
TXN_006954,1,GEOGRAPHIC,IMPOSSIBLE_TRAVEL
TXN_000680,0,NONE,NONE
TXN_011004,0,NONE,NONE
TXN_012203,0,NONE,NONE
TXN_011847,1,VELOCITY,RAPID_TRANSACTIONS
TXN_003378,0,NONE,NONE
TXN_012885,0,NONE,NONE
TXN_014290,0,NONE,NONE
TXN_010437,0,NONE,NONE
TXN_004871,0,NONE,NONE
TXN_009291,1,VELOCITY,RAPID_TRANSACTIONS
TXN_011223,0,NONE,NONE
TXN_006067,0,NONE,NONE
TXN_002606,0,NONE,NONE
TXN_011303,0,NONE,NONE
TXN_002930,0,NONE,NONE
TXN_014013,0,NONE,NONE
TXN_014137,0,NONE,NONE
TXN_003150,0,NONE,NONE
TXN_008487,0,NONE,NONE
TXN_003499,1,NETWORK,SHARED_DEVICE
TXN_009941,0,NONE,NONE
TXN_001970,0,NONE,NONE
TXN_003726,0,NONE,NONE
TXN_008891,0,NONE,NONE
TXN_007459,0,NONE,NONE
TXN_003292,0,NONE,NONE
TXN_011540,0,NONE,NONE
TXN_008895,0,NONE,NONE
TXN_006837,0,NONE,NONE
TXN_004154,0,NONE,NONE
TXN_013837,0,NONE,NONE
TXN_008318,1,GEOGRAPHIC,IMPOSSIBLE_TRAVEL
TXN_004201,0,NONE,NONE
TXN_007247,0,NONE,NONE
TXN_007925,0,NONE,NONE
TXN_013040,1,SEQUENTIAL,MICRO_TO_LARGE_ESCALATION
TXN_007565,0,NONE,NONE
TXN_009889,0,NONE,NONE
TXN_014285,0,NONE,NONE
TXN_002203,0,NONE,NONE
TXN_006938,0,NONE,NONE
TXN_004205,1,CARD_TESTING,MICRO_TRANSACTIONS
TXN_007880,0,NONE,NONE
TXN_013237,1,TIME_ANOMALY,UNUSUAL_HOUR
TXN_013651,0,NONE,NONE
TXN_004500,0,NONE,NONE
TXN_011515,0,NONE,NONE
TXN_014586,0,NONE,NONE
TXN_003619,0,NONE,NONE
TXN_003710,0,NONE,NONE
TXN_009594,0,NONE,NONE
TXN_007517,0,NONE,NONE
TXN_002319,1,AMOUNT_ANOMALY,SUDDEN_HIGH_VALUE
TXN_001750,0,NONE,NONE
TXN_007746,0,NONE,NONE
TXN_011022,1,DEVICE,NEW_DEVICE
TXN_012468,0,NONE,NONE
TXN_006653,0,NONE,NONE
TXN_006764,0,NONE,NONE
TXN_008185,0,NONE,NONE
TXN_009706,0,NONE,NONE
TXN_005895,0,NONE,NONE
TXN_009704,0,NONE,NONE
TXN_003955,0,NONE,NONE
TXN_014105,1,MERCHANT,UNUSUAL_MERCHANT
TXN_005326,1,VELOCITY,RAPID_TRANSACTIONS
TXN_001051,0,NONE,NONE
TXN_001055,0,NONE,NONE
TXN_007413,0,NONE,NONE
TXN_002444,0,NONE,NONE
TXN_013211,1,GEOGRAPHIC,IMPOSSIBLE_TRAVEL
TXN_007786,0,NONE,NONE
TXN_002474,0,NONE,NONE
TXN_014224,0,NONE,NONE
TXN_007805,0,NONE,NONE
TXN_013886,0,NONE,NONE
TXN_005886,0,NONE,NONE
TXN_010993,1,DEVICE,NEW_DEVICE
TXN_013808,0,NONE,NONE
TXN_002844,0,NONE,NONE
TXN_014734,0,NONE,NONE
TXN_000319,0,NONE,NONE
TXN_007235,0,NONE,NONE
TXN_013743,0,NONE,NONE
TXN_013599,0,NONE,NONE
TXN_011232,0,NONE,NONE
TXN_006021,0,NONE,NONE
TXN_000216,0,NONE,NONE
TXN_014769,0,NONE,NONE
TXN_005505,0,NONE,NONE
TXN_002825,0,NONE,NONE
TXN_000764,0,NONE,NONE
TXN_014646,0,NONE,NONE
TXN_011094,0,NONE,NONE
TXN_003489,0,NONE,NONE
TXN_000430,0,NONE,NONE
TXN_002148,0,NONE,NONE
TXN_003763,0,NONE,NONE
TXN_013044,0,NONE,NONE
TXN_007404,0,NONE,NONE
TXN_007520,0,NONE,NONE
TXN_013241,0,NONE,NONE
TXN_001213,0,NONE,NONE
TXN_000401,0,NONE,NONE
TXN_002448,0,NONE,NONE
TXN_010482,0,NONE,NONE
TXN_007374,0,NONE,NONE
TXN_011095,0,NONE,NONE
TXN_002823,0,NONE,NONE
TXN_007613,0,NONE,NONE
TXN_007288,0,NONE,NONE
TXN_014064,0,NONE,NONE
TXN_012160,1,MERCHANT,UNUSUAL_MERCHANT
TXN_005289,0,NONE,NONE
TXN_006706,0,NONE,NONE
TXN_006461,0,NONE,NONE
TXN_014582,0,NONE,NONE
TXN_003861,0,NONE,NONE
TXN_007058,0,NONE,NONE
TXN_007371,0,NONE,NONE
TXN_006218,0,NONE,NONE
TXN_004332,0,NONE,NONE
TXN_004502,0,NONE,NONE
TXN_002288,0,NONE,NONE
TXN_007692,0,NONE,NONE
TXN_000477,0,NONE,NONE
TXN_006238,0,NONE,NONE
TXN_014292,0,NONE,NONE
TXN_009525,0,NONE,NONE
TXN_005823,0,NONE,NONE
TXN_004304,0,NONE,NONE
TXN_009571,1,GEOGRAPHIC,IMPOSSIBLE_TRAVEL
TXN_013561,0,NONE,NONE
TXN_008813,0,NONE,NONE
TXN_009890,0,NONE,NONE
TXN_008381,0,NONE,NONE
TXN_000853,0,NONE,NONE
TXN_007205,0,NONE,NONE
TXN_014384,0,NONE,NONE
TXN_007271,0,NONE,NONE
TXN_002513,1,AMOUNT_ANOMALY,SUDDEN_HIGH_VALUE
TXN_007602,0,NONE,NONE
TXN_002316,0,NONE,NONE
TXN_007362,0,NONE,NONE
TXN_010915,0,NONE,NONE
TXN_011204,0,NONE,NONE
TXN_006264,0,NONE,NONE
TXN_012949,0,NONE,NONE
TXN_009555,0,NONE,NONE
TXN_008107,0,NONE,NONE
TXN_003799,0,NONE,NONE
TXN_014655,0,NONE,NONE
TXN_008537,0,NONE,NONE
TXN_009783,0,NONE,NONE
TXN_008158,0,NONE,NONE
TXN_014993,0,NONE,NONE
TXN_000546,0,NONE,NONE
TXN_005195,1,TIME_ANOMALY,UNUSUAL_HOUR
TXN_011296,1,NETWORK,SHARED_DEVICE
TXN_002497,0,NONE,NONE
TXN_009065,1,VELOCITY,RAPID_TRANSACTIONS
TXN_013121,0,NONE,NONE
TXN_013195,0,NONE,NONE
TXN_008516,1,NETWORK,SHARED_DEVICE
TXN_010715,1,AMOUNT_ANOMALY,SUDDEN_HIGH_VALUE
TXN_006920,0,NONE,NONE
TXN_014802,0,NONE,NONE
TXN_010771,1,MERCHANT,UNUSUAL_MERCHANT
TXN_014839,0,NONE,NONE
TXN_002946,0,NONE,NONE
TXN_005196,0,NONE,NONE
TXN_004491,0,NONE,NONE
TXN_000913,0,NONE,NONE
TXN_006978,0,NONE,NONE
TXN_004707,0,NONE,NONE
TXN_008990,0,NONE,NONE
TXN_000372,0,NONE,NONE
TXN_001266,0,NONE,NONE
TXN_003048,0,NONE,NONE
TXN_012275,0,NONE,NONE
TXN_004970,0,NONE,NONE
TXN_011083,1,AMOUNT_ANOMALY,SUDDEN_HIGH_VALUE
TXN_000836,0,NONE,NONE
TXN_000591,0,NONE,NONE
TXN_011820,0,NONE,NONE
TXN_003524,0,NONE,NONE
TXN_011708,0,NONE,NONE
TXN_014462,0,NONE,NONE
TXN_004172,1,SEQUENTIAL,MICRO_TO_LARGE_ESCALATION
TXN_004309,0,NONE,NONE
TXN_010819,0,NONE,NONE
TXN_005454,0,NONE,NONE
TXN_000941,0,NONE,NONE
TXN_008569,0,NONE,NONE
TXN_000881,0,NONE,NONE
TXN_005020,0,NONE,NONE
TXN_004941,0,NONE,NONE
TXN_008403,0,NONE,NONE
TXN_008997,0,NONE,NONE
TXN_004876,0,NONE,NONE
TXN_011310,1,AMOUNT_ANOMALY,SUDDEN_HIGH_VALUE
TXN_002412,0,NONE,NONE
TXN_005894,0,NONE,NONE
TXN_010658,0,NONE,NONE
TXN_002808,0,NONE,NONE
TXN_008471,0,NONE,NONE
TXN_002543,0,NONE,NONE
TXN_010048,0,NONE,NONE
TXN_001860,0,NONE,NONE
TXN_004716,0,NONE,NONE
TXN_006071,0,NONE,NONE
TXN_010199,0,NONE,NONE
TXN_007719,1,CARD_TESTING,MICRO_TRANSACTIONS
TXN_013287,0,NONE,NONE
TXN_009053,0,NONE,NONE
TXN_008585,0,NONE,NONE
TXN_003725,0,NONE,NONE
TXN_009990,0,NONE,NONE
TXN_013193,0,NONE,NONE
TXN_007291,0,NONE,NONE
TXN_003220,1,SEQUENTIAL,MICRO_TO_LARGE_ESCALATION
TXN_010009,0,NONE,NONE
TXN_003719,1,GEOGRAPHIC,IMPOSSIBLE_TRAVEL
TXN_003375,0,NONE,NONE
TXN_006530,0,NONE,NONE
TXN_007497,0,NONE,NONE
TXN_007737,0,NONE,NONE
TXN_005691,0,NONE,NONE
TXN_009418,0,NONE,NONE
TXN_013080,0,NONE,NONE
TXN_010508,0,NONE,NONE
TXN_004890,0,NONE,NONE
TXN_005091,0,NONE,NONE
TXN_006422,0,NONE,NONE
TXN_002922,0,NONE,NONE
TXN_005418,0,NONE,NONE
TXN_011715,0,NONE,NONE
TXN_009131,0,NONE,NONE
TXN_007434,1,SEQUENTIAL,MICRO_TO_LARGE_ESCALATION
TXN_000818,0,NONE,NONE
TXN_007306,0,NONE,NONE
TXN_006137,1,BEHAVIORAL,SPENDING_PATTERN_SHIFT
TXN_007845,0,NONE,NONE
TXN_012907,0,NONE,NONE
TXN_012691,0,NONE,NONE
TXN_005477,0,NONE,NONE
TXN_007195,0,NONE,NONE
TXN_002417,0,NONE,NONE
TXN_006368,0,NONE,NONE
TXN_003894,0,NONE,NONE
TXN_007730,0,NONE,NONE
TXN_010246,0,NONE,NONE
TXN_013281,1,MERCHANT,UNUSUAL_MERCHANT
TXN_014531,0,NONE,NONE
TXN_005574,0,NONE,NONE
TXN_010536,0,NONE,NONE
TXN_009563,0,NONE,NONE
TXN_003607,0,NONE,NONE
TXN_005114,0,NONE,NONE
TXN_005252,0,NONE,NONE
TXN_010119,0,NONE,NONE
TXN_007217,0,NONE,NONE
TXN_009354,0,NONE,NONE
TXN_014866,0,NONE,NONE
TXN_007646,0,NONE,NONE
TXN_000600,0,NONE,NONE
TXN_014091,0,NONE,NONE
TXN_009333,0,NONE,NONE
TXN_007211,0,NONE,NONE
TXN_001748,1,VELOCITY,RAPID_TRANSACTIONS
TXN_013292,0,NONE,NONE
TXN_009805,0,NONE,NONE
TXN_003198,0,NONE,NONE
TXN_012374,0,NONE,NONE
TXN_004103,0,NONE,NONE
TXN_011124,0,NONE,NONE
TXN_005950,0,NONE,NONE
TXN_011359,0,NONE,NONE
TXN_000930,1,BEHAVIORAL,SPENDING_PATTERN_SHIFT
TXN_013382,1,TIME_ANOMALY,UNUSUAL_HOUR
TXN_004049,0,NONE,NONE
TXN_005590,0,NONE,NONE
TXN_000209,0,NONE,NONE
TXN_010408,0,NONE,NONE
TXN_009009,0,NONE,NONE
TXN_000112,0,NONE,NONE
TXN_007589,0,NONE,NONE
TXN_009639,0,NONE,NONE
TXN_011468,0,NONE,NONE
TXN_008061,0,NONE,NONE
TXN_000739,0,NONE,NONE
TXN_009440,0,NONE,NONE
TXN_000868,0,NONE,NONE
TXN_008906,0,NONE,NONE
TXN_010145,0,NONE,NONE
TXN_000284,0,NONE,NONE
TXN_008652,0,NONE,NONE
TXN_013879,0,NONE,NONE
TXN_000933,0,NONE,NONE
TXN_003985,0,NONE,NONE
TXN_008731,0,NONE,NONE
TXN_005743,0,NONE,NONE
TXN_004216,0,NONE,NONE
TXN_013425,0,NONE,NONE
TXN_000915,0,NONE,NONE
TXN_007470,0,NONE,NONE
TXN_012926,1,SEQUENTIAL,MICRO_TO_LARGE_ESCALATION
TXN_009357,0,NONE,NONE
TXN_006538,0,NONE,NONE
TXN_008790,0,NONE,NONE
TXN_005272,0,NONE,NONE
TXN_000298,0,NONE,NONE
TXN_012583,0,NONE,NONE
TXN_012255,0,NONE,NONE
TXN_011620,0,NONE,NONE
TXN_009263,0,NONE,NONE
TXN_002460,0,NONE,NONE
TXN_002352,1,DEVICE,NEW_DEVICE
TXN_013205,0,NONE,NONE
TXN_002964,0,NONE,NONE
TXN_012195,0,NONE,NONE
TXN_005369,0,NONE,NONE
TXN_014110,0,NONE,NONE
TXN_003454,0,NONE,NONE
TXN_002682,0,NONE,NONE
TXN_008083,0,NONE,NONE
TXN_011781,0,NONE,NONE
TXN_006914,0,NONE,NONE
TXN_013703,0,NONE,NONE
TXN_013683,0,NONE,NONE
TXN_001521,0,NONE,NONE
TXN_005441,0,NONE,NONE
TXN_009417,0,NONE,NONE
TXN_006260,0,NONE,NONE
TXN_000050,0,NONE,NONE
TXN_014819,1,VELOCITY,RAPID_TRANSACTIONS
TXN_014118,0,NONE,NONE
TXN_012291,0,NONE,NONE
TXN_004730,0,NONE,NONE
TXN_012982,0,NONE,NONE
TXN_001088,0,NONE,NONE
TXN_005661,0,NONE,NONE
TXN_012755,0,NONE,NONE
TXN_003130,0,NONE,NONE
TXN_006374,0,NONE,NONE
TXN_010338,0,NONE,NONE
TXN_008686,0,NONE,NONE
TXN_007966,0,NONE,NONE
TXN_006444,0,NONE,NONE
TXN_014414,0,NONE,NONE
TXN_009646,1,MERCHANT,UNUSUAL_MERCHANT
TXN_000691,0,NONE,NONE
TXN_000062,0,NONE,NONE
TXN_002080,0,NONE,NONE
TXN_001634,0,NONE,NONE
TXN_014857,1,DEVICE,NEW_DEVICE
TXN_014161,1,GEOGRAPHIC,IMPOSSIBLE_TRAVEL
TXN_011701,1,MERCHANT,UNUSUAL_MERCHANT
TXN_007729,0,NONE,NONE
TXN_000928,0,NONE,NONE
TXN_010893,0,NONE,NONE
TXN_001761,0,NONE,NONE
TXN_012417,0,NONE,NONE
TXN_013325,0,NONE,NONE
TXN_005237,0,NONE,NONE
TXN_010300,0,NONE,NONE
TXN_013990,0,NONE,NONE
TXN_014325,0,NONE,NONE
TXN_000103,0,NONE,NONE
TXN_004122,0,NONE,NONE
TXN_004630,0,NONE,NONE
TXN_009072,0,NONE,NONE
TXN_007381,0,NONE,NONE
TXN_013722,0,NONE,NONE
TXN_009133,0,NONE,NONE
TXN_012081,0,NONE,NONE
TXN_006373,0,NONE,NONE
TXN_012995,0,NONE,NONE
TXN_007117,0,NONE,NONE
TXN_008314,0,NONE,NONE
TXN_003428,0,NONE,NONE
TXN_005692,0,NONE,NONE
TXN_010780,0,NONE,NONE
TXN_011871,0,NONE,NONE
TXN_008474,0,NONE,NONE
TXN_012057,0,NONE,NONE
TXN_013098,0,NONE,NONE
TXN_001008,0,NONE,NONE
TXN_013435,0,NONE,NONE
TXN_001753,0,NONE,NONE
TXN_003113,0,NONE,NONE
TXN_006701,0,NONE,NONE
TXN_005994,0,NONE,NONE
TXN_001033,0,NONE,NONE
TXN_011376,0,NONE,NONE
TXN_003069,1,CARD_TESTING,MICRO_TRANSACTIONS
TXN_003096,0,NONE,NONE
TXN_010296,1,NETWORK,SHARED_DEVICE
TXN_011065,0,NONE,NONE
TXN_014092,0,NONE,NONE
TXN_002015,0,NONE,NONE
TXN_013550,0,NONE,NONE
TXN_005201,0,NONE,NONE
TXN_010666,1,DEVICE,NEW_DEVICE
TXN_013352,0,NONE,NONE
TXN_007325,0,NONE,NONE
TXN_012938,0,NONE,NONE
TXN_010806,0,NONE,NONE
TXN_013230,0,NONE,NONE
TXN_001560,0,NONE,NONE
TXN_013953,0,NONE,NONE
TXN_002283,0,NONE,NONE
TXN_012135,0,NONE,NONE
TXN_013895,0,NONE,NONE
TXN_012097,0,NONE,NONE
TXN_003070,0,NONE,NONE
TXN_002151,0,NONE,NONE
TXN_014620,0,NONE,NONE
TXN_000568,0,NONE,NONE
TXN_014873,0,NONE,NONE
TXN_011173,0,NONE,NONE
TXN_002940,0,NONE,NONE
TXN_014688,0,NONE,NONE
TXN_005444,0,NONE,NONE
TXN_006080,0,NONE,NONE
TXN_003494,0,NONE,NONE
TXN_005165,0,NONE,NONE
TXN_002943,0,NONE,NONE
TXN_012408,0,NONE,NONE
TXN_007105,0,NONE,NONE
TXN_008617,0,NONE,NONE
TXN_013350,0,NONE,NONE
TXN_004031,0,NONE,NONE
TXN_001430,1,GEOGRAPHIC,IMPOSSIBLE_TRAVEL
TXN_010385,0,NONE,NONE
TXN_002919,1,AMOUNT_ANOMALY,SUDDEN_HIGH_VALUE
TXN_013609,0,NONE,NONE
TXN_012591,0,NONE,NONE
TXN_009522,0,NONE,NONE
TXN_007385,0,NONE,NONE
TXN_014324,1,NETWORK,SHARED_DEVICE
TXN_009110,0,NONE,NONE
TXN_010646,0,NONE,NONE
TXN_013394,0,NONE,NONE
TXN_001847,0,NONE,NONE
TXN_010950,0,NONE,NONE
TXN_013663,0,NONE,NONE
TXN_010256,0,NONE,NONE
TXN_008143,0,NONE,NONE
TXN_010051,0,NONE,NONE
TXN_004464,0,NONE,NONE
TXN_010030,0,NONE,NONE
TXN_006097,0,NONE,NONE
TXN_001745,0,NONE,NONE
TXN_008130,0,NONE,NONE
TXN_007790,0,NONE,NONE
TXN_002998,0,NONE,NONE
TXN_014882,0,NONE,NONE
TXN_001478,0,NONE,NONE
TXN_002810,0,NONE,NONE
TXN_013984,0,NONE,NONE
TXN_012562,0,NONE,NONE
TXN_000442,0,NONE,NONE
TXN_012934,0,NONE,NONE
TXN_003210,0,NONE,NONE
TXN_002224,0,NONE,NONE
TXN_006403,0,NONE,NONE
TXN_006567,0,NONE,NONE
TXN_006251,0,NONE,NONE
TXN_009174,0,NONE,NONE
TXN_000834,0,NONE,NONE
TXN_011657,0,NONE,NONE
TXN_000883,1,SEQUENTIAL,MICRO_TO_LARGE_ESCALATION
TXN_014239,0,NONE,NONE
TXN_001102,0,NONE,NONE
TXN_013086,0,NONE,NONE
TXN_013744,0,NONE,NONE
TXN_007034,1,BEHAVIORAL,SPENDING_PATTERN_SHIFT
TXN_013534,0,NONE,NONE
TXN_011616,0,NONE,NONE
TXN_005853,1,DEVICE,NEW_DEVICE
TXN_002349,0,NONE,NONE
TXN_001079,0,NONE,NONE
TXN_010059,0,NONE,NONE
TXN_002852,0,NONE,NONE
TXN_006556,1,SEQUENTIAL,MICRO_TO_LARGE_ESCALATION
TXN_001284,0,NONE,NONE
TXN_012020,0,NONE,NONE
TXN_010785,0,NONE,NONE
TXN_006098,0,NONE,NONE
TXN_007447,0,NONE,NONE
TXN_000107,0,NONE,NONE
TXN_014405,0,NONE,NONE
TXN_004771,0,NONE,NONE
TXN_014473,0,NONE,NONE
TXN_007697,0,NONE,NONE
TXN_004027,0,NONE,NONE
TXN_005290,0,NONE,NONE
TXN_007894,0,NONE,NONE
TXN_014737,0,NONE,NONE
TXN_007122,0,NONE,NONE
TXN_000893,0,NONE,NONE
TXN_000425,0,NONE,NONE
TXN_007351,0,NONE,NONE
TXN_014132,0,NONE,NONE
TXN_002155,0,NONE,NONE
TXN_000014,1,CARD_TESTING,MICRO_TRANSACTIONS
TXN_014272,0,NONE,NONE
TXN_013767,0,NONE,NONE
TXN_014403,0,NONE,NONE
TXN_008925,0,NONE,NONE
TXN_007741,0,NONE,NONE
TXN_014651,0,NONE,NONE
TXN_010244,0,NONE,NONE
TXN_006836,0,NONE,NONE
TXN_003264,0,NONE,NONE
TXN_013251,0,NONE,NONE
TXN_005194,0,NONE,NONE
TXN_001405,0,NONE,NONE
TXN_003280,0,NONE,NONE
TXN_003900,0,NONE,NONE
TXN_003093,0,NONE,NONE
TXN_003895,0,NONE,NONE
TXN_007136,1,BEHAVIORAL,SPENDING_PATTERN_SHIFT
TXN_001846,1,MERCHANT,UNUSUAL_MERCHANT
TXN_007991,0,NONE,NONE
TXN_001707,1,BEHAVIORAL,SPENDING_PATTERN_SHIFT
TXN_008490,0,NONE,NONE
TXN_013160,0,NONE,NONE
TXN_011581,0,NONE,NONE
TXN_006041,0,NONE,NONE
TXN_004087,0,NONE,NONE
TXN_008612,0,NONE,NONE
TXN_002250,0,NONE,NONE
TXN_014521,0,NONE,NONE
TXN_000068,1,NETWORK,SHARED_DEVICE
TXN_006596,0,NONE,NONE
TXN_014028,0,NONE,NONE
TXN_010354,0,NONE,NONE
TXN_006623,0,NONE,NONE
TXN_003830,0,NONE,NONE
TXN_012884,0,NONE,NONE
TXN_000578,0,NONE,NONE
TXN_013344,1,NETWORK,SHARED_DEVICE
TXN_013172,0,NONE,NONE
TXN_001607,0,NONE,NONE
TXN_011260,0,NONE,NONE
TXN_003629,0,NONE,NONE
TXN_009976,0,NONE,NONE
TXN_013215,0,NONE,NONE
TXN_010020,0,NONE,NONE
TXN_000838,0,NONE,NONE
TXN_010679,0,NONE,NONE
TXN_003320,0,NONE,NONE
TXN_000281,0,NONE,NONE
TXN_003952,0,NONE,NONE
TXN_011950,0,NONE,NONE
TXN_008983,1,NETWORK,SHARED_DEVICE
TXN_013388,0,NONE,NONE
TXN_011546,0,NONE,NONE
TXN_004628,0,NONE,NONE
TXN_002116,0,NONE,NONE
TXN_014621,0,NONE,NONE
TXN_014124,0,NONE,NONE
TXN_005765,0,NONE,NONE
TXN_010010,0,NONE,NONE
TXN_001892,1,MERCHANT,UNUSUAL_MERCHANT
TXN_000926,0,NONE,NONE
TXN_012352,0,NONE,NONE
TXN_000035,0,NONE,NONE
TXN_010406,0,NONE,NONE
TXN_014865,1,AMOUNT_ANOMALY,SUDDEN_HIGH_VALUE
TXN_005576,0,NONE,NONE
TXN_002607,0,NONE,NONE
TXN_005086,0,NONE,NONE
TXN_002235,0,NONE,NONE
TXN_010863,0,NONE,NONE
TXN_005410,0,NONE,NONE
TXN_014233,0,NONE,NONE
TXN_004934,0,NONE,NONE
TXN_004388,1,GEOGRAPHIC,IMPOSSIBLE_TRAVEL
TXN_011037,0,NONE,NONE
TXN_007024,0,NONE,NONE
TXN_012798,0,NONE,NONE
TXN_014988,0,NONE,NONE
TXN_013122,0,NONE,NONE
TXN_002467,1,TIME_ANOMALY,UNUSUAL_HOUR
TXN_006475,0,NONE,NONE
TXN_005884,0,NONE,NONE
TXN_010351,0,NONE,NONE
TXN_012162,1,NETWORK,SHARED_DEVICE
TXN_001161,0,NONE,NONE
TXN_013827,0,NONE,NONE
TXN_009994,0,NONE,NONE
TXN_010845,0,NONE,NONE
TXN_003933,0,NONE,NONE
TXN_000376,0,NONE,NONE
TXN_011073,0,NONE,NONE
TXN_000459,0,NONE,NONE
TXN_001304,0,NONE,NONE
TXN_011375,0,NONE,NONE
TXN_003449,0,NONE,NONE
TXN_006551,0,NONE,NONE
TXN_000419,0,NONE,NONE
TXN_004599,0,NONE,NONE
TXN_013881,0,NONE,NONE
TXN_004092,0,NONE,NONE
TXN_002858,0,NONE,NONE
TXN_004315,0,NONE,NONE
TXN_004859,0,NONE,NONE
TXN_004861,0,NONE,NONE
TXN_014606,1,CARD_TESTING,MICRO_TRANSACTIONS
TXN_010602,0,NONE,NONE
TXN_002992,0,NONE,NONE
TXN_009502,0,NONE,NONE
TXN_005568,0,NONE,NONE
TXN_008093,0,NONE,NONE
TXN_002142,0,NONE,NONE
TXN_011034,0,NONE,NONE
TXN_002901,0,NONE,NONE
TXN_013711,0,NONE,NONE
TXN_009725,1,DEVICE,NEW_DEVICE
TXN_011231,0,NONE,NONE
TXN_007173,0,NONE,NONE
TXN_011075,1,DEVICE,NEW_DEVICE
TXN_012161,1,GEOGRAPHIC,IMPOSSIBLE_TRAVEL
TXN_004214,0,NONE,NONE
TXN_012648,0,NONE,NONE
TXN_014380,0,NONE,NONE
TXN_012124,0,NONE,NONE
TXN_013071,0,NONE,NONE
TXN_013164,1,TIME_ANOMALY,UNUSUAL_HOUR
TXN_012334,0,NONE,NONE
TXN_004936,0,NONE,NONE
TXN_002240,0,NONE,NONE
TXN_010971,0,NONE,NONE
TXN_011380,1,TIME_ANOMALY,UNUSUAL_HOUR
TXN_011830,0,NONE,NONE
TXN_001949,0,NONE,NONE
TXN_012839,0,NONE,NONE
TXN_006888,0,NONE,NONE
TXN_011720,1,AMOUNT_ANOMALY,SUDDEN_HIGH_VALUE
TXN_006353,0,NONE,NONE
TXN_009501,0,NONE,NONE
TXN_004963,0,NONE,NONE
TXN_001375,0,NONE,NONE
TXN_003006,0,NONE,NONE
TXN_004167,0,NONE,NONE
TXN_010005,0,NONE,NONE
TXN_013914,0,NONE,NONE
TXN_012436,0,NONE,NONE
TXN_014328,0,NONE,NONE
TXN_006763,0,NONE,NONE
TXN_008002,0,NONE,NONE
TXN_014019,0,NONE,NONE
TXN_006669,0,NONE,NONE
TXN_001896,0,NONE,NONE
TXN_000584,0,NONE,NONE
TXN_007784,0,NONE,NONE
TXN_002647,0,NONE,NONE
TXN_011135,0,NONE,NONE
TXN_011994,0,NONE,NONE
TXN_007622,0,NONE,NONE
TXN_004178,0,NONE,NONE
TXN_014429,0,NONE,NONE
TXN_002277,0,NONE,NONE
TXN_014514,0,NONE,NONE
TXN_012932,0,NONE,NONE
TXN_003828,0,NONE,NONE
TXN_004226,0,NONE,NONE
TXN_005225,0,NONE,NONE
TXN_008994,0,NONE,NONE
TXN_011736,0,NONE,NONE
TXN_010336,0,NONE,NONE
TXN_009183,0,NONE,NONE
TXN_002997,0,NONE,NONE
TXN_009901,0,NONE,NONE
TXN_009381,0,NONE,NONE
TXN_012519,0,NONE,NONE
TXN_006830,0,NONE,NONE
TXN_008037,0,NONE,NONE
TXN_009322,0,NONE,NONE
TXN_008148,0,NONE,NONE
TXN_003415,0,NONE,NONE
TXN_012824,0,NONE,NONE
TXN_004131,1,VELOCITY,RAPID_TRANSACTIONS
TXN_002482,0,NONE,NONE
TXN_007837,0,NONE,NONE
TXN_001327,0,NONE,NONE
TXN_014023,0,NONE,NONE
TXN_014252,0,NONE,NONE
TXN_010775,0,NONE,NONE
TXN_012087,0,NONE,NONE
TXN_012577,0,NONE,NONE
TXN_012328,0,NONE,NONE
TXN_008072,0,NONE,NONE
TXN_008422,0,NONE,NONE
TXN_001236,1,VELOCITY,RAPID_TRANSACTIONS
TXN_007910,1,AMOUNT_ANOMALY,SUDDEN_HIGH_VALUE
TXN_008597,0,NONE,NONE
TXN_009061,1,DEVICE,NEW_DEVICE
TXN_001474,0,NONE,NONE
TXN_009762,0,NONE,NONE
TXN_006641,1,TIME_ANOMALY,UNUSUAL_HOUR
TXN_006478,1,BEHAVIORAL,SPENDING_PATTERN_SHIFT
TXN_006849,0,NONE,NONE
TXN_007159,0,NONE,NONE
TXN_010703,0,NONE,NONE
TXN_014952,0,NONE,NONE
TXN_009224,0,NONE,NONE
TXN_011493,0,NONE,NONE
TXN_008550,1,BEHAVIORAL,SPENDING_PATTERN_SHIFT
TXN_003800,0,NONE,NONE
TXN_001508,0,NONE,NONE
TXN_008674,0,NONE,NONE
TXN_002795,0,NONE,NONE
TXN_014146,0,NONE,NONE
TXN_007406,0,NONE,NONE
TXN_000540,0,NONE,NONE
TXN_012477,0,NONE,NONE
TXN_004886,0,NONE,NONE
TXN_005928,0,NONE,NONE
TXN_002577,0,NONE,NONE
TXN_008822,0,NONE,NONE
TXN_009370,0,NONE,NONE
TXN_007264,0,NONE,NONE
TXN_012005,0,NONE,NONE
TXN_002042,0,NONE,NONE
TXN_007974,0,NONE,NONE
TXN_008846,1,MERCHANT,UNUSUAL_MERCHANT
TXN_009145,0,NONE,NONE
TXN_012975,0,NONE,NONE
TXN_010810,0,NONE,NONE
TXN_000008,0,NONE,NONE
TXN_005036,0,NONE,NONE
TXN_001170,0,NONE,NONE
TXN_001104,0,NONE,NONE
TXN_007023,0,NONE,NONE
TXN_008801,0,NONE,NONE
TXN_013860,0,NONE,NONE
TXN_000386,0,NONE,NONE
TXN_005346,0,NONE,NONE
TXN_007579,0,NONE,NONE
TXN_007980,0,NONE,NONE
TXN_003172,0,NONE,NONE
TXN_004078,0,NONE,NONE
TXN_012145,0,NONE,NONE
TXN_013377,1,VELOCITY,RAPID_TRANSACTIONS
TXN_005906,0,NONE,NONE
TXN_007816,0,NONE,NONE
TXN_013112,0,NONE,NONE
TXN_001438,0,NONE,NONE
TXN_013404,0,NONE,NONE
TXN_010262,0,NONE,NONE
TXN_012440,0,NONE,NONE
TXN_010460,0,NONE,NONE
TXN_014535,0,NONE,NONE
TXN_011358,0,NONE,NONE
TXN_009278,0,NONE,NONE
TXN_004220,0,NONE,NONE
TXN_001341,0,NONE,NONE
TXN_006832,0,NONE,NONE
TXN_000147,0,NONE,NONE
TXN_011299,0,NONE,NONE
TXN_014835,0,NONE,NONE
TXN_007967,0,NONE,NONE
TXN_000802,0,NONE,NONE
TXN_003570,0,NONE,NONE
TXN_003408,0,NONE,NONE
TXN_002669,0,NONE,NONE
TXN_010129,0,NONE,NONE
TXN_005849,0,NONE,NONE
TXN_004850,0,NONE,NONE
TXN_011543,0,NONE,NONE
TXN_013602,0,NONE,NONE
TXN_009414,0,NONE,NONE
TXN_007418,0,NONE,NONE
TXN_014849,0,NONE,NONE
TXN_003875,0,NONE,NONE
TXN_007580,0,NONE,NONE
TXN_003072,0,NONE,NONE
TXN_009074,0,NONE,NONE
TXN_003923,0,NONE,NONE
TXN_002803,0,NONE,NONE
TXN_014278,0,NONE,NONE
TXN_013254,0,NONE,NONE
TXN_009932,0,NONE,NONE
TXN_005133,0,NONE,NONE
TXN_005873,0,NONE,NONE
TXN_006670,0,NONE,NONE
TXN_013109,0,NONE,NONE
TXN_007573,0,NONE,NONE
TXN_005154,0,NONE,NONE
TXN_002178,0,NONE,NONE
TXN_013289,0,NONE,NONE
TXN_003288,0,NONE,NONE
TXN_002909,0,NONE,NONE
TXN_009023,0,NONE,NONE
TXN_013677,0,NONE,NONE
TXN_010151,1,AMOUNT_ANOMALY,SUDDEN_HIGH_VALUE
TXN_002223,0,NONE,NONE
TXN_009438,1,SEQUENTIAL,MICRO_TO_LARGE_ESCALATION
TXN_008647,1,SEQUENTIAL,MICRO_TO_LARGE_ESCALATION
TXN_011486,0,NONE,NONE
TXN_008949,1,NETWORK,SHARED_DEVICE
TXN_007363,0,NONE,NONE
TXN_001210,0,NONE,NONE
TXN_012504,0,NONE,NONE
TXN_006263,0,NONE,NONE
TXN_014192,0,NONE,NONE
TXN_003698,0,NONE,NONE
TXN_009626,0,NONE,NONE
TXN_000873,0,NONE,NONE
TXN_007969,0,NONE,NONE
TXN_000557,0,NONE,NONE
TXN_014313,0,NONE,NONE
TXN_007423,1,BEHAVIORAL,SPENDING_PATTERN_SHIFT
TXN_012479,0,NONE,NONE
TXN_012323,0,NONE,NONE
TXN_012682,0,NONE,NONE
TXN_004621,0,NONE,NONE
TXN_000444,0,NONE,NONE
TXN_007356,0,NONE,NONE
TXN_005518,0,NONE,NONE
TXN_012520,0,NONE,NONE
TXN_007182,0,NONE,NONE
TXN_002021,0,NONE,NONE
TXN_010509,0,NONE,NONE
TXN_000297,0,NONE,NONE
TXN_009581,0,NONE,NONE
TXN_002230,1,BEHAVIORAL,SPENDING_PATTERN_SHIFT
TXN_005991,0,NONE,NONE
TXN_004329,0,NONE,NONE
TXN_006014,0,NONE,NONE
TXN_010690,0,NONE,NONE
TXN_014258,0,NONE,NONE
TXN_003910,0,NONE,NONE
TXN_002128,0,NONE,NONE
TXN_008860,0,NONE,NONE
TXN_009489,0,NONE,NONE
TXN_003241,0,NONE,NONE
TXN_011694,0,NONE,NONE
TXN_010844,0,NONE,NONE
TXN_000690,0,NONE,NONE
TXN_013706,0,NONE,NONE
TXN_005601,0,NONE,NONE
TXN_006012,0,NONE,NONE
TXN_009778,0,NONE,NONE
TXN_001677,1,GEOGRAPHIC,IMPOSSIBLE_TRAVEL
TXN_001966,0,NONE,NONE
TXN_008146,0,NONE,NONE
TXN_006149,0,NONE,NONE
TXN_009573,0,NONE,NONE
TXN_003405,1,NETWORK,SHARED_DEVICE
TXN_007035,0,NONE,NONE
TXN_005797,1,CARD_TESTING,MICRO_TRANSACTIONS
TXN_004883,0,NONE,NONE
TXN_004688,0,NONE,NONE
TXN_005666,0,NONE,NONE
TXN_010626,0,NONE,NONE
TXN_002472,0,NONE,NONE
TXN_008232,0,NONE,NONE
TXN_009128,0,NONE,NONE
TXN_012796,0,NONE,NONE
TXN_004525,0,NONE,NONE
TXN_011558,0,NONE,NONE
TXN_014466,0,NONE,NONE
TXN_011996,0,NONE,NONE
TXN_014714,0,NONE,NONE
TXN_005957,0,NONE,NONE
TXN_014782,0,NONE,NONE
TXN_011002,0,NONE,NONE
TXN_003885,0,NONE,NONE
TXN_011353,0,NONE,NONE
TXN_003156,1,MERCHANT,UNUSUAL_MERCHANT
TXN_013822,0,NONE,NONE
TXN_004851,0,NONE,NONE
TXN_008162,0,NONE,NONE
TXN_006314,0,NONE,NONE
TXN_000642,1,TIME_ANOMALY,UNUSUAL_HOUR
TXN_014238,0,NONE,NONE
TXN_011610,1,NETWORK,SHARED_DEVICE
TXN_014399,0,NONE,NONE
TXN_006166,0,NONE,NONE
TXN_002591,0,NONE,NONE
TXN_014208,0,NONE,NONE
TXN_004521,0,NONE,NONE
TXN_008074,0,NONE,NONE
TXN_008808,0,NONE,NONE
TXN_008777,0,NONE,NONE
TXN_007341,1,NETWORK,SHARED_DEVICE
TXN_007933,0,NONE,NONE
TXN_007691,0,NONE,NONE
TXN_010163,0,NONE,NONE
TXN_001116,0,NONE,NONE
TXN_002573,0,NONE,NONE
TXN_009154,0,NONE,NONE
TXN_002595,0,NONE,NONE
TXN_013916,0,NONE,NONE
TXN_012781,0,NONE,NONE
TXN_008363,0,NONE,NONE
TXN_010683,0,NONE,NONE
TXN_012400,0,NONE,NONE
TXN_001382,0,NONE,NONE
TXN_000829,0,NONE,NONE
TXN_000458,1,CARD_TESTING,MICRO_TRANSACTIONS
TXN_003085,0,NONE,NONE
TXN_011591,0,NONE,NONE
TXN_008953,0,NONE,NONE
TXN_010458,0,NONE,NONE
TXN_010003,0,NONE,NONE
TXN_001373,0,NONE,NONE
TXN_005234,0,NONE,NONE
TXN_005822,0,NONE,NONE
TXN_010633,0,NONE,NONE
TXN_003976,0,NONE,NONE
TXN_002428,0,NONE,NONE
TXN_006665,0,NONE,NONE
TXN_004919,1,VELOCITY,RAPID_TRANSACTIONS
TXN_002381,1,SEQUENTIAL,MICRO_TO_LARGE_ESCALATION
TXN_011378,0,NONE,NONE
TXN_004689,0,NONE,NONE
TXN_010448,0,NONE,NONE
TXN_002279,0,NONE,NONE
TXN_012530,1,GEOGRAPHIC,IMPOSSIBLE_TRAVEL
TXN_011861,0,NONE,NONE
TXN_009169,0,NONE,NONE
TXN_001741,0,NONE,NONE
TXN_003488,0,NONE,NONE
TXN_012900,0,NONE,NONE
TXN_005586,0,NONE,NONE
TXN_013153,0,NONE,NONE
TXN_009305,0,NONE,NONE
TXN_007063,0,NONE,NONE
TXN_014574,1,TIME_ANOMALY,UNUSUAL_HOUR
TXN_007618,1,SEQUENTIAL,MICRO_TO_LARGE_ESCALATION
TXN_007126,0,NONE,NONE
TXN_012920,0,NONE,NONE
TXN_008619,0,NONE,NONE
TXN_008964,0,NONE,NONE
TXN_009894,1,NETWORK,SHARED_DEVICE
TXN_000130,0,NONE,NONE
TXN_005747,0,NONE,NONE
TXN_008328,1,SEQUENTIAL,MICRO_TO_LARGE_ESCALATION
TXN_011603,0,NONE,NONE
TXN_011416,0,NONE,NONE
TXN_000708,0,NONE,NONE
TXN_004632,0,NONE,NONE
TXN_000210,0,NONE,NONE
TXN_013405,1,CARD_TESTING,MICRO_TRANSACTIONS
TXN_004009,0,NONE,NONE
TXN_003124,0,NONE,NONE
TXN_000983,0,NONE,NONE
TXN_014950,0,NONE,NONE
TXN_003945,0,NONE,NONE
TXN_005098,0,NONE,NONE
TXN_014968,1,SEQUENTIAL,MICRO_TO_LARGE_ESCALATION
TXN_011586,0,NONE,NONE
TXN_004174,0,NONE,NONE
TXN_012965,0,NONE,NONE
TXN_002423,0,NONE,NONE
TXN_006283,1,NETWORK,SHARED_DEVICE
TXN_011076,0,NONE,NONE
TXN_006170,0,NONE,NONE
TXN_003543,0,NONE,NONE
TXN_013395,0,NONE,NONE
TXN_007695,0,NONE,NONE
TXN_004650,0,NONE,NONE
TXN_011291,0,NONE,NONE
TXN_001680,0,NONE,NONE
TXN_004955,0,NONE,NONE
TXN_005442,0,NONE,NONE
TXN_014966,0,NONE,NONE
TXN_009595,0,NONE,NONE
TXN_012329,0,NONE,NONE
TXN_001000,0,NONE,NONE
TXN_012152,0,NONE,NONE
TXN_008088,0,NONE,NONE
TXN_012759,0,NONE,NONE
TXN_014500,0,NONE,NONE
TXN_010164,0,NONE,NONE
TXN_001003,0,NONE,NONE
TXN_008050,0,NONE,NONE
TXN_006448,0,NONE,NONE
TXN_001232,0,NONE,NONE
TXN_014724,0,NONE,NONE
TXN_011752,0,NONE,NONE
TXN_002476,0,NONE,NONE
TXN_004938,0,NONE,NONE
TXN_012576,0,NONE,NONE
TXN_001755,0,NONE,NONE
TXN_013760,0,NONE,NONE
TXN_000231,1,CARD_TESTING,MICRO_TRANSACTIONS
TXN_001203,0,NONE,NONE
TXN_011023,0,NONE,NONE
TXN_010692,0,NONE,NONE
TXN_000726,0,NONE,NONE
TXN_004004,0,NONE,NONE
TXN_007830,0,NONE,NONE
TXN_007444,1,DEVICE,NEW_DEVICE
TXN_000051,0,NONE,NONE
TXN_002752,1,BEHAVIORAL,SPENDING_PATTERN_SHIFT
TXN_003615,0,NONE,NONE
TXN_006689,0,NONE,NONE
TXN_014447,0,NONE,NONE
TXN_010063,0,NONE,NONE
TXN_014536,0,NONE,NONE
TXN_012845,0,NONE,NONE
TXN_014359,1,AMOUNT_ANOMALY,SUDDEN_HIGH_VALUE
TXN_006396,0,NONE,NONE
TXN_003711,0,NONE,NONE
TXN_000993,1,CARD_TESTING,MICRO_TRANSACTIONS
TXN_006468,0,NONE,NONE
TXN_003793,0,NONE,NONE
TXN_004405,0,NONE,NONE
TXN_010435,0,NONE,NONE
TXN_013912,0,NONE,NONE
TXN_000869,0,NONE,NONE
TXN_007441,1,DEVICE,NEW_DEVICE
TXN_013308,0,NONE,NONE
TXN_012266,0,NONE,NONE
TXN_011503,0,NONE,NONE
TXN_012422,0,NONE,NONE
TXN_003871,0,NONE,NONE
TXN_003929,0,NONE,NONE
TXN_002173,0,NONE,NONE
TXN_009249,0,NONE,NONE
TXN_013730,0,NONE,NONE
TXN_009351,1,AMOUNT_ANOMALY,SUDDEN_HIGH_VALUE
TXN_010170,0,NONE,NONE
TXN_002594,0,NONE,NONE
TXN_009468,0,NONE,NONE
TXN_010807,0,NONE,NONE
TXN_003777,0,NONE,NONE
TXN_004199,0,NONE,NONE
TXN_007443,0,NONE,NONE
TXN_013594,0,NONE,NONE
TXN_010880,0,NONE,NONE
TXN_009022,0,NONE,NONE
TXN_014563,0,NONE,NONE
TXN_010008,0,NONE,NONE
TXN_005578,1,MERCHANT,UNUSUAL_MERCHANT
TXN_000105,0,NONE,NONE
TXN_003138,0,NONE,NONE
TXN_008365,0,NONE,NONE
TXN_011894,0,NONE,NONE
TXN_006213,0,NONE,NONE
TXN_010193,0,NONE,NONE
TXN_013921,0,NONE,NONE
TXN_011745,0,NONE,NONE
TXN_010513,1,MERCHANT,UNUSUAL_MERCHANT
TXN_007328,0,NONE,NONE
TXN_000814,0,NONE,NONE
TXN_010612,0,NONE,NONE
TXN_008924,0,NONE,NONE
TXN_011692,0,NONE,NONE
TXN_000287,0,NONE,NONE
TXN_001090,0,NONE,NONE
TXN_002242,0,NONE,NONE
TXN_014758,0,NONE,NONE
TXN_011734,0,NONE,NONE
TXN_014891,0,NONE,NONE
TXN_009100,0,NONE,NONE
TXN_000393,0,NONE,NONE
TXN_009206,0,NONE,NONE
TXN_005460,0,NONE,NONE
TXN_007134,1,SEQUENTIAL,MICRO_TO_LARGE_ESCALATION
TXN_001442,0,NONE,NONE
TXN_012031,0,NONE,NONE
TXN_000044,1,TIME_ANOMALY,UNUSUAL_HOUR
TXN_003262,1,NETWORK,SHARED_DEVICE
TXN_002336,0,NONE,NONE
TXN_010660,0,NONE,NONE
TXN_007110,0,NONE,NONE
TXN_003761,0,NONE,NONE
TXN_005182,0,NONE,NONE
TXN_010787,0,NONE,NONE
TXN_000447,0,NONE,NONE
TXN_002059,0,NONE,NONE
TXN_010941,0,NONE,NONE
TXN_008327,0,NONE,NONE
TXN_013752,0,NONE,NONE
TXN_000950,0,NONE,NONE
TXN_000751,0,NONE,NONE
TXN_012637,0,NONE,NONE
TXN_004337,0,NONE,NONE
TXN_004123,0,NONE,NONE
TXN_012929,0,NONE,NONE
TXN_004873,0,NONE,NONE
TXN_014564,0,NONE,NONE
TXN_000446,0,NONE,NONE
TXN_003602,0,NONE,NONE
TXN_012789,0,NONE,NONE
TXN_005989,1,MERCHANT,UNUSUAL_MERCHANT
TXN_006063,0,NONE,NONE
TXN_010371,0,NONE,NONE
TXN_007915,0,NONE,NONE
TXN_004629,0,NONE,NONE
TXN_014400,0,NONE,NONE
TXN_002393,0,NONE,NONE
TXN_001344,0,NONE,NONE
TXN_010024,0,NONE,NONE
TXN_004058,0,NONE,NONE
TXN_007224,0,NONE,NONE
TXN_011085,0,NONE,NONE
TXN_012356,0,NONE,NONE
TXN_002066,0,NONE,NONE
TXN_000213,0,NONE,NONE
TXN_008125,0,NONE,NONE
TXN_005952,0,NONE,NONE
TXN_004015,0,NONE,NONE
TXN_006329,0,NONE,NONE
TXN_010849,0,NONE,NONE
TXN_000655,0,NONE,NONE
TXN_000278,0,NONE,NONE
TXN_009453,0,NONE,NONE
TXN_011179,0,NONE,NONE
TXN_009964,1,DEVICE,NEW_DEVICE
TXN_003026,0,NONE,NONE
TXN_013972,0,NONE,NONE
TXN_006659,1,MERCHANT,UNUSUAL_MERCHANT
TXN_013043,0,NONE,NONE
TXN_009658,1,SEQUENTIAL,MICRO_TO_LARGE_ESCALATION
TXN_006496,0,NONE,NONE
TXN_005871,1,VELOCITY,RAPID_TRANSACTIONS
TXN_011747,1,BEHAVIORAL,SPENDING_PATTERN_SHIFT
TXN_014322,0,NONE,NONE
TXN_014962,0,NONE,NONE
TXN_003506,1,CARD_TESTING,MICRO_TRANSACTIONS
TXN_000906,0,NONE,NONE
TXN_011985,0,NONE,NONE
TXN_009718,0,NONE,NONE
TXN_007403,0,NONE,NONE
TXN_001415,0,NONE,NONE
TXN_005377,0,NONE,NONE
TXN_010534,0,NONE,NONE
TXN_010392,1,AMOUNT_ANOMALY,SUDDEN_HIGH_VALUE
TXN_010386,0,NONE,NONE
TXN_009421,0,NONE,NONE
TXN_014274,0,NONE,NONE
TXN_010984,0,NONE,NONE
TXN_007997,0,NONE,NONE
TXN_011453,0,NONE,NONE
TXN_005581,0,NONE,NONE
TXN_004250,0,NONE,NONE
TXN_008123,0,NONE,NONE
TXN_006831,0,NONE,NONE
TXN_012550,0,NONE,NONE
TXN_008529,0,NONE,NONE
TXN_005026,0,NONE,NONE
TXN_012797,0,NONE,NONE
TXN_006048,1,SEQUENTIAL,MICRO_TO_LARGE_ESCALATION
TXN_006994,0,NONE,NONE
TXN_006921,0,NONE,NONE
TXN_006588,0,NONE,NONE
TXN_013650,0,NONE,NONE
TXN_003947,0,NONE,NONE
TXN_011097,0,NONE,NONE
TXN_000900,0,NONE,NONE
TXN_000685,0,NONE,NONE
TXN_012010,0,NONE,NONE
TXN_003611,0,NONE,NONE
TXN_009531,0,NONE,NONE
TXN_010136,0,NONE,NONE
TXN_006965,0,NONE,NONE
TXN_003912,0,NONE,NONE
TXN_003801,0,NONE,NONE
TXN_013416,0,NONE,NONE
TXN_003390,0,NONE,NONE
TXN_009479,0,NONE,NONE
TXN_004797,0,NONE,NONE
TXN_009192,1,MERCHANT,UNUSUAL_MERCHANT
TXN_001784,0,NONE,NONE
TXN_005998,0,NONE,NONE
TXN_014552,0,NONE,NONE
TXN_007996,0,NONE,NONE
TXN_008020,0,NONE,NONE
TXN_011889,1,BEHAVIORAL,SPENDING_PATTERN_SHIFT
TXN_011401,0,NONE,NONE
TXN_005123,0,NONE,NONE
TXN_006284,0,NONE,NONE
TXN_010362,0,NONE,NONE
TXN_006150,1,NETWORK,SHARED_DEVICE
TXN_005137,0,NONE,NONE
TXN_010995,0,NONE,NONE
TXN_008171,0,NONE,NONE
TXN_007732,0,NONE,NONE
TXN_013184,0,NONE,NONE
TXN_012911,0,NONE,NONE
TXN_003395,0,NONE,NONE
TXN_001408,0,NONE,NONE
TXN_012628,0,NONE,NONE
TXN_011007,0,NONE,NONE
TXN_003368,0,NONE,NONE
TXN_000532,0,NONE,NONE
TXN_008698,0,NONE,NONE
TXN_014320,0,NONE,NONE
TXN_008831,0,NONE,NONE
TXN_009520,0,NONE,NONE
TXN_004090,0,NONE,NONE
TXN_000800,0,NONE,NONE
TXN_003743,0,NONE,NONE
TXN_003334,0,NONE,NONE
TXN_000753,0,NONE,NONE
TXN_013849,1,BEHAVIORAL,SPENDING_PATTERN_SHIFT
TXN_012225,0,NONE,NONE
TXN_001744,0,NONE,NONE
TXN_000504,1,DEVICE,NEW_DEVICE
TXN_005721,0,NONE,NONE
TXN_003344,1,AMOUNT_ANOMALY,SUDDEN_HIGH_VALUE
TXN_006180,0,NONE,NONE
TXN_009360,0,NONE,NONE
TXN_000935,0,NONE,NONE
TXN_002398,0,NONE,NONE
TXN_006473,0,NONE,NONE
TXN_003511,1,VELOCITY,RAPID_TRANSACTIONS
TXN_011182,1,DEVICE,NEW_DEVICE
TXN_003584,0,NONE,NONE
TXN_000033,0,NONE,NONE
TXN_011594,0,NONE,NONE
TXN_014309,0,NONE,NONE
TXN_000313,0,NONE,NONE
TXN_009831,0,NONE,NONE
TXN_011384,0,NONE,NONE
TXN_009948,0,NONE,NONE
TXN_001041,0,NONE,NONE
TXN_012051,0,NONE,NONE
TXN_000848,0,NONE,NONE
TXN_014847,1,SEQUENTIAL,MICRO_TO_LARGE_ESCALATION
TXN_008695,0,NONE,NONE
TXN_006069,0,NONE,NONE
TXN_001649,0,NONE,NONE
TXN_000004,0,NONE,NONE
TXN_014633,1,GEOGRAPHIC,IMPOSSIBLE_TRAVEL
TXN_011131,0,NONE,NONE
TXN_001190,0,NONE,NONE
TXN_009794,0,NONE,NONE
TXN_003694,0,NONE,NONE
TXN_001355,0,NONE,NONE
TXN_014142,0,NONE,NONE
TXN_008694,0,NONE,NONE
TXN_014804,0,NONE,NONE
TXN_008086,1,BEHAVIORAL,SPENDING_PATTERN_SHIFT
TXN_013795,0,NONE,NONE
TXN_008521,0,NONE,NONE
TXN_011742,0,NONE,NONE
TXN_013545,0,NONE,NONE
TXN_009488,1,VELOCITY,RAPID_TRANSACTIONS
TXN_002874,0,NONE,NONE
TXN_000725,0,NONE,NONE
TXN_002860,1,NETWORK,SHARED_DEVICE
TXN_003283,0,NONE,NONE
TXN_004438,0,NONE,NONE
TXN_004887,0,NONE,NONE
TXN_014235,0,NONE,NONE
TXN_012803,0,NONE,NONE
TXN_010516,0,NONE,NONE
TXN_000641,0,NONE,NONE
TXN_011332,0,NONE,NONE
TXN_012332,0,NONE,NONE
TXN_006808,0,NONE,NONE
TXN_008117,0,NONE,NONE
TXN_000074,1,SEQUENTIAL,MICRO_TO_LARGE_ESCALATION
TXN_002633,0,NONE,NONE
TXN_008159,0,NONE,NONE
TXN_006542,0,NONE,NONE
TXN_006504,0,NONE,NONE
TXN_001303,0,NONE,NONE
TXN_007009,0,NONE,NONE
TXN_006378,0,NONE,NONE
TXN_008760,0,NONE,NONE
TXN_001441,0,NONE,NONE
TXN_007562,0,NONE,NONE
TXN_000603,0,NONE,NONE
TXN_003606,0,NONE,NONE
TXN_002559,0,NONE,NONE
TXN_014334,0,NONE,NONE
TXN_012533,0,NONE,NONE
TXN_010263,0,NONE,NONE
TXN_011564,0,NONE,NONE
TXN_002645,0,NONE,NONE
TXN_007866,0,NONE,NONE
TXN_006713,0,NONE,NONE
TXN_011289,0,NONE,NONE
TXN_014052,0,NONE,NONE
TXN_000671,0,NONE,NONE
TXN_002671,0,NONE,NONE
TXN_013256,0,NONE,NONE
TXN_000624,0,NONE,NONE
TXN_009638,0,NONE,NONE
TXN_009280,0,NONE,NONE
TXN_012787,0,NONE,NONE
TXN_001934,0,NONE,NONE
TXN_000692,0,NONE,NONE
TXN_004288,0,NONE,NONE
TXN_002061,0,NONE,NONE
TXN_005188,0,NONE,NONE
TXN_014071,0,NONE,NONE
TXN_014327,0,NONE,NONE
TXN_003604,0,NONE,NONE
TXN_007570,1,DEVICE,NEW_DEVICE
TXN_005221,1,SEQUENTIAL,MICRO_TO_LARGE_ESCALATION
TXN_013091,0,NONE,NONE
TXN_006272,0,NONE,NONE
TXN_001268,0,NONE,NONE
TXN_011853,0,NONE,NONE
TXN_006892,0,NONE,NONE
TXN_003898,0,NONE,NONE
TXN_004813,0,NONE,NONE
TXN_001584,0,NONE,NONE
TXN_000643,0,NONE,NONE
TXN_004068,1,SEQUENTIAL,MICRO_TO_LARGE_ESCALATION
TXN_006188,0,NONE,NONE
TXN_006719,0,NONE,NONE
TXN_012102,0,NONE,NONE
TXN_008937,0,NONE,NONE
TXN_010826,0,NONE,NONE
TXN_010110,0,NONE,NONE
TXN_010474,0,NONE,NONE
TXN_000705,0,NONE,NONE
TXN_007639,0,NONE,NONE
TXN_006678,0,NONE,NONE
TXN_009087,0,NONE,NONE
TXN_001360,0,NONE,NONE
TXN_010911,0,NONE,NONE
TXN_001006,0,NONE,NONE
TXN_004587,0,NONE,NONE
TXN_002959,0,NONE,NONE
TXN_001254,0,NONE,NONE
TXN_012843,1,AMOUNT_ANOMALY,SUDDEN_HIGH_VALUE
TXN_007759,0,NONE,NONE
TXN_012716,0,NONE,NONE
TXN_012964,0,NONE,NONE
TXN_012971,0,NONE,NONE
TXN_009751,0,NONE,NONE
TXN_012703,0,NONE,NONE
TXN_004461,0,NONE,NONE
TXN_014958,0,NONE,NONE
TXN_001196,0,NONE,NONE
TXN_001059,0,NONE,NONE
TXN_002229,0,NONE,NONE
TXN_004016,0,NONE,NONE
TXN_000230,0,NONE,NONE
TXN_000028,0,NONE,NONE
TXN_002098,0,NONE,NONE
TXN_000627,0,NONE,NONE
TXN_011511,0,NONE,NONE
TXN_010624,1,GEOGRAPHIC,IMPOSSIBLE_TRAVEL
TXN_006300,0,NONE,NONE
TXN_004811,0,NONE,NONE
TXN_008263,0,NONE,NONE
TXN_004125,0,NONE,NONE
TXN_002972,0,NONE,NONE
TXN_009135,0,NONE,NONE
TXN_006731,0,NONE,NONE
TXN_013299,0,NONE,NONE
TXN_005890,0,NONE,NONE
TXN_011921,0,NONE,NONE
TXN_013875,0,NONE,NONE
TXN_011741,0,NONE,NONE
TXN_009887,1,BEHAVIORAL,SPENDING_PATTERN_SHIFT
TXN_002346,0,NONE,NONE
TXN_012633,0,NONE,NONE
TXN_000228,0,NONE,NONE
TXN_003577,0,NONE,NONE
TXN_011798,0,NONE,NONE
TXN_007080,0,NONE,NONE
TXN_008707,0,NONE,NONE
TXN_009993,0,NONE,NONE
TXN_013203,0,NONE,NONE
TXN_010907,0,NONE,NONE
TXN_010191,0,NONE,NONE
TXN_003364,0,NONE,NONE
TXN_013781,0,NONE,NONE
TXN_007002,0,NONE,NONE
TXN_007255,0,NONE,NONE
TXN_002680,0,NONE,NONE
TXN_012500,0,NONE,NONE
TXN_014766,0,NONE,NONE
TXN_009677,0,NONE,NONE
TXN_011868,0,NONE,NONE
TXN_001231,0,NONE,NONE
TXN_002290,0,NONE,NONE
TXN_008587,0,NONE,NONE
TXN_004540,0,NONE,NONE
TXN_008547,0,NONE,NONE
TXN_002077,1,SEQUENTIAL,MICRO_TO_LARGE_ESCALATION
TXN_010236,0,NONE,NONE
TXN_000399,0,NONE,NONE
TXN_003505,0,NONE,NONE
TXN_013786,0,NONE,NONE
TXN_009556,1,MERCHANT,UNUSUAL_MERCHANT
TXN_013024,0,NONE,NONE
TXN_008654,0,NONE,NONE
TXN_010041,0,NONE,NONE
TXN_007528,0,NONE,NONE
TXN_006099,0,NONE,NONE
TXN_011728,0,NONE,NONE
TXN_013066,1,SEQUENTIAL,MICRO_TO_LARGE_ESCALATION
TXN_014002,0,NONE,NONE
TXN_005301,0,NONE,NONE
TXN_000541,1,CARD_TESTING,MICRO_TRANSACTIONS
TXN_005897,0,NONE,NONE
TXN_000865,0,NONE,NONE
TXN_002089,0,NONE,NONE
TXN_011176,0,NONE,NONE
TXN_005303,0,NONE,NONE
TXN_010016,0,NONE,NONE
TXN_003424,0,NONE,NONE
TXN_008129,0,NONE,NONE
TXN_007101,0,NONE,NONE
TXN_000346,0,NONE,NONE
TXN_002205,0,NONE,NONE
TXN_007321,1,BEHAVIORAL,SPENDING_PATTERN_SHIFT
TXN_011844,0,NONE,NONE
TXN_014561,0,NONE,NONE
TXN_010510,0,NONE,NONE
TXN_008626,1,NETWORK,SHARED_DEVICE
TXN_010760,0,NONE,NONE
TXN_009613,0,NONE,NONE
TXN_011524,0,NONE,NONE
TXN_008917,0,NONE,NONE
TXN_006733,0,NONE,NONE
TXN_000279,0,NONE,NONE
TXN_010579,0,NONE,NONE
TXN_014463,0,NONE,NONE
TXN_007201,0,NONE,NONE
TXN_003760,0,NONE,NONE
TXN_009540,0,NONE,NONE
TXN_003472,0,NONE,NONE
TXN_003919,0,NONE,NONE
TXN_012902,0,NONE,NONE
TXN_000363,0,NONE,NONE
TXN_012978,0,NONE,NONE
TXN_002134,1,VELOCITY,RAPID_TRANSACTIONS
TXN_011177,0,NONE,NONE
TXN_002797,0,NONE,NONE
TXN_014753,0,NONE,NONE
TXN_010801,0,NONE,NONE
TXN_003276,0,NONE,NONE
TXN_007970,1,SEQUENTIAL,MICRO_TO_LARGE_ESCALATION
TXN_001392,0,NONE,NONE
TXN_012013,0,NONE,NONE
TXN_012531,0,NONE,NONE
TXN_008634,0,NONE,NONE
TXN_002436,0,NONE,NONE
TXN_012554,0,NONE,NONE
TXN_000283,0,NONE,NONE
TXN_008757,0,NONE,NONE
TXN_009051,0,NONE,NONE
TXN_003429,1,BEHAVIORAL,SPENDING_PATTERN_SHIFT
TXN_005829,0,NONE,NONE
TXN_008389,1,CARD_TESTING,MICRO_TRANSACTIONS
TXN_003240,0,NONE,NONE
TXN_012401,0,NONE,NONE
TXN_013554,0,NONE,NONE
TXN_009665,0,NONE,NONE
TXN_008610,0,NONE,NONE
TXN_001390,0,NONE,NONE
TXN_006879,0,NONE,NONE
TXN_001968,0,NONE,NONE
TXN_013326,0,NONE,NONE
TXN_001039,0,NONE,NONE
TXN_004190,0,NONE,NONE
TXN_010365,1,CARD_TESTING,MICRO_TRANSACTIONS
TXN_013360,0,NONE,NONE
TXN_006618,0,NONE,NONE
TXN_000037,0,NONE,NONE
TXN_006915,0,NONE,NONE
TXN_006255,0,NONE,NONE
TXN_002977,0,NONE,NONE
TXN_010116,0,NONE,NONE
TXN_004958,0,NONE,NONE
TXN_008881,0,NONE,NONE
TXN_008615,0,NONE,NONE
TXN_004353,0,NONE,NONE
TXN_011685,0,NONE,NONE
TXN_013892,1,VELOCITY,RAPID_TRANSACTIONS
TXN_008878,0,NONE,NONE
TXN_013919,1,NETWORK,SHARED_DEVICE
TXN_013696,0,NONE,NONE
TXN_009979,0,NONE,NONE
TXN_013704,0,NONE,NONE
TXN_007796,0,NONE,NONE
TXN_000654,0,NONE,NONE
TXN_013026,0,NONE,NONE
TXN_011703,0,NONE,NONE
TXN_002818,0,NONE,NONE
TXN_013465,0,NONE,NONE
TXN_005917,0,NONE,NONE
TXN_002989,0,NONE,NONE
TXN_001334,0,NONE,NONE
TXN_011381,0,NONE,NONE
TXN_003206,0,NONE,NONE
TXN_011035,0,NONE,NONE
TXN_005493,0,NONE,NONE
TXN_011838,0,NONE,NONE
TXN_003701,1,TIME_ANOMALY,UNUSUAL_HOUR
TXN_013633,0,NONE,NONE
TXN_002406,1,TIME_ANOMALY,UNUSUAL_HOUR
TXN_008376,0,NONE,NONE
TXN_002420,0,NONE,NONE
TXN_005126,0,NONE,NONE
TXN_005491,1,DEVICE,NEW_DEVICE
TXN_011837,0,NONE,NONE
TXN_000333,0,NONE,NONE
TXN_002410,0,NONE,NONE
TXN_006116,0,NONE,NONE
TXN_002720,0,NONE,NONE
TXN_007368,0,NONE,NONE
TXN_001549,0,NONE,NONE
TXN_001540,0,NONE,NONE
TXN_013244,0,NONE,NONE
TXN_014076,0,NONE,NONE
TXN_012733,0,NONE,NONE
TXN_003837,0,NONE,NONE
TXN_005146,0,NONE,NONE
TXN_010888,0,NONE,NONE
TXN_006209,0,NONE,NONE
TXN_013626,0,NONE,NONE
TXN_007048,1,NETWORK,SHARED_DEVICE
TXN_004436,0,NONE,NONE
TXN_003463,0,NONE,NONE
TXN_001887,0,NONE,NONE
TXN_007494,0,NONE,NONE
TXN_009774,0,NONE,NONE
TXN_006801,0,NONE,NONE
TXN_009817,0,NONE,NONE
TXN_011367,0,NONE,NONE
TXN_005130,0,NONE,NONE
TXN_004413,0,NONE,NONE
TXN_006743,0,NONE,NONE
TXN_010903,1,AMOUNT_ANOMALY,SUDDEN_HIGH_VALUE
TXN_011903,0,NONE,NONE
TXN_005337,0,NONE,NONE
TXN_006123,0,NONE,NONE
TXN_012536,0,NONE,NONE
TXN_009173,0,NONE,NONE
TXN_009364,0,NONE,NONE
TXN_008853,0,NONE,NONE
TXN_011166,0,NONE,NONE
TXN_010248,0,NONE,NONE
TXN_007212,0,NONE,NONE
TXN_005108,0,NONE,NONE
TXN_001318,1,GEOGRAPHIC,IMPOSSIBLE_TRAVEL
TXN_010883,0,NONE,NONE
TXN_010277,0,NONE,NONE
TXN_008539,0,NONE,NONE
TXN_000268,1,NETWORK,SHARED_DEVICE
TXN_003398,0,NONE,NONE
TXN_008481,0,NONE,NONE
TXN_009812,0,NONE,NONE
TXN_005109,0,NONE,NONE
TXN_006887,0,NONE,NONE
TXN_008223,0,NONE,NONE
TXN_001363,0,NONE,NONE
TXN_003673,0,NONE,NONE
TXN_010517,0,NONE,NONE
TXN_004097,0,NONE,NONE
TXN_010102,0,NONE,NONE
TXN_004781,0,NONE,NONE
TXN_007736,0,NONE,NONE
TXN_004240,1,GEOGRAPHIC,IMPOSSIBLE_TRAVEL
TXN_010953,0,NONE,NONE
TXN_007335,0,NONE,NONE
TXN_010418,0,NONE,NONE
TXN_008029,1,TIME_ANOMALY,UNUSUAL_HOUR
TXN_008483,0,NONE,NONE
TXN_003609,0,NONE,NONE
TXN_012353,0,NONE,NONE
TXN_004775,0,NONE,NONE
TXN_001530,0,NONE,NONE
TXN_003523,0,NONE,NONE
TXN_014954,0,NONE,NONE
TXN_008409,0,NONE,NONE
TXN_011824,0,NONE,NONE
TXN_012880,0,NONE,NONE
TXN_013532,0,NONE,NONE
TXN_013102,0,NONE,NONE
TXN_003720,0,NONE,NONE
TXN_009619,0,NONE,NONE
TXN_013515,0,NONE,NONE
TXN_010186,0,NONE,NONE
TXN_010452,0,NONE,NONE
TXN_002824,0,NONE,NONE
TXN_006347,0,NONE,NONE
TXN_006883,0,NONE,NONE
TXN_000792,0,NONE,NONE
TXN_010149,0,NONE,NONE
TXN_012138,0,NONE,NONE
TXN_008701,0,NONE,NONE
TXN_007629,0,NONE,NONE
TXN_011557,0,NONE,NONE
TXN_001042,0,NONE,NONE
TXN_000898,0,NONE,NONE
TXN_007179,0,NONE,NONE
TXN_009532,0,NONE,NONE
TXN_009450,0,NONE,NONE
TXN_013402,0,NONE,NONE
TXN_006510,0,NONE,NONE
TXN_011084,0,NONE,NONE
TXN_007029,0,NONE,NONE
TXN_003376,0,NONE,NONE
TXN_013868,0,NONE,NONE
TXN_014638,0,NONE,NONE
TXN_010326,0,NONE,NONE
TXN_007003,0,NONE,NONE
TXN_003738,0,NONE,NONE
TXN_001718,0,NONE,NONE
TXN_008888,0,NONE,NONE
TXN_000621,0,NONE,NONE
TXN_012534,0,NONE,NONE
TXN_007300,0,NONE,NONE
TXN_014209,0,NONE,NONE
TXN_012996,0,NONE,NONE
TXN_007714,0,NONE,NONE
TXN_006463,1,CARD_TESTING,MICRO_TRANSACTIONS
TXN_014487,0,NONE,NONE
TXN_000342,0,NONE,NONE
TXN_006298,0,NONE,NONE
TXN_013070,0,NONE,NONE
TXN_006068,0,NONE,NONE
TXN_012731,0,NONE,NONE
TXN_013187,0,NONE,NONE
TXN_004900,0,NONE,NONE
TXN_000923,0,NONE,NONE
TXN_010568,0,NONE,NONE
TXN_000479,0,NONE,NONE
TXN_008557,0,NONE,NONE
TXN_013477,0,NONE,NONE
TXN_010357,0,NONE,NONE
TXN_001667,0,NONE,NONE
TXN_000465,0,NONE,NONE
TXN_011494,0,NONE,NONE
TXN_004351,0,NONE,NONE
TXN_010317,0,NONE,NONE
TXN_004968,0,NONE,NONE
TXN_010075,0,NONE,NONE
TXN_014115,0,NONE,NONE
TXN_003768,0,NONE,NONE
TXN_014128,1,AMOUNT_ANOMALY,SUDDEN_HIGH_VALUE
TXN_001798,0,NONE,NONE
TXN_001837,0,NONE,NONE
TXN_007286,1,BEHAVIORAL,SPENDING_PATTERN_SHIFT
TXN_006128,0,NONE,NONE
TXN_009897,0,NONE,NONE
TXN_013798,0,NONE,NONE
TXN_013679,0,NONE,NONE
TXN_002634,0,NONE,NONE
TXN_004336,0,NONE,NONE
TXN_006009,0,NONE,NONE
TXN_006362,0,NONE,NONE
TXN_002973,0,NONE,NONE
TXN_011687,0,NONE,NONE
TXN_013123,1,BEHAVIORAL,SPENDING_PATTERN_SHIFT
TXN_009675,0,NONE,NONE
TXN_002439,0,NONE,NONE
TXN_012391,1,BEHAVIORAL,SPENDING_PATTERN_SHIFT
TXN_002558,0,NONE,NONE
TXN_013756,0,NONE,NONE
TXN_010882,0,NONE,NONE
TXN_002263,0,NONE,NONE
TXN_005818,0,NONE,NONE
TXN_008541,0,NONE,NONE
TXN_012665,0,NONE,NONE
TXN_002376,0,NONE,NONE
TXN_011863,1,DEVICE,NEW_DEVICE
TXN_007955,0,NONE,NONE
TXN_002894,0,NONE,NONE
TXN_002266,0,NONE,NONE
TXN_002842,0,NONE,NONE
TXN_004447,0,NONE,NONE
TXN_009477,0,NONE,NONE
TXN_014165,0,NONE,NONE
TXN_006621,0,NONE,NONE
TXN_009447,0,NONE,NONE
TXN_006101,0,NONE,NONE
TXN_011617,1,CARD_TESTING,MICRO_TRANSACTIONS
TXN_009760,0,NONE,NONE
TXN_013903,0,NONE,NONE
TXN_003273,0,NONE,NONE
TXN_005160,0,NONE,NONE
TXN_003001,0,NONE,NONE
TXN_014907,0,NONE,NONE
TXN_000428,0,NONE,NONE
TXN_011273,0,NONE,NONE
TXN_003813,0,NONE,NONE
TXN_013637,0,NONE,NONE
TXN_013489,0,NONE,NONE
TXN_011779,0,NONE,NONE
TXN_011773,0,NONE,NONE
TXN_011361,0,NONE,NONE
TXN_010799,0,NONE,NONE
TXN_010563,0,NONE,NONE
TXN_006231,0,NONE,NONE
TXN_000875,0,NONE,NONE
TXN_009637,0,NONE,NONE
TXN_011316,0,NONE,NONE
TXN_001976,0,NONE,NONE
TXN_002180,0,NONE,NONE
TXN_003132,0,NONE,NONE
TXN_001454,0,NONE,NONE
TXN_004179,0,NONE,NONE
TXN_005368,0,NONE,NONE
TXN_000067,0,NONE,NONE
TXN_004271,0,NONE,NONE
TXN_006738,0,NONE,NONE
TXN_003261,0,NONE,NONE
TXN_002955,0,NONE,NONE
TXN_004571,0,NONE,NONE
TXN_011160,0,NONE,NONE
TXN_008671,0,NONE,NONE
TXN_004514,0,NONE,NONE
TXN_002832,0,NONE,NONE
TXN_010196,0,NONE,NONE
TXN_012518,1,CARD_TESTING,MICRO_TRANSACTIONS
TXN_009884,0,NONE,NONE
TXN_006776,0,NONE,NONE
TXN_008170,0,NONE,NONE
TXN_014267,0,NONE,NONE
TXN_013384,0,NONE,NONE
TXN_011737,0,NONE,NONE
TXN_000242,0,NONE,NONE
TXN_010328,0,NONE,NONE
TXN_012485,0,NONE,NONE
TXN_004702,0,NONE,NONE
TXN_008201,0,NONE,NONE
TXN_002335,0,NONE,NONE
TXN_003931,0,NONE,NONE
TXN_006649,0,NONE,NONE
TXN_008359,1,MERCHANT,UNUSUAL_MERCHANT
TXN_011407,0,NONE,NONE
TXN_004921,0,NONE,NONE
TXN_003325,0,NONE,NONE
TXN_000547,0,NONE,NONE
TXN_007387,0,NONE,NONE
TXN_000710,0,NONE,NONE
TXN_006472,1,CARD_TESTING,MICRO_TRANSACTIONS
TXN_002618,0,NONE,NONE
TXN_008150,0,NONE,NONE
TXN_012823,0,NONE,NONE
TXN_004538,0,NONE,NONE
TXN_011506,0,NONE,NONE
TXN_012466,0,NONE,NONE
TXN_005547,0,NONE,NONE
TXN_006778,0,NONE,NONE
TXN_009467,0,NONE,NONE
TXN_001189,0,NONE,NONE
TXN_012366,0,NONE,NONE
TXN_001309,0,NONE,NONE
TXN_014908,0,NONE,NONE
TXN_011974,0,NONE,NONE
TXN_008616,0,NONE,NONE
TXN_001432,0,NONE,NONE
TXN_013391,0,NONE,NONE
TXN_004856,0,NONE,NONE
TXN_013074,1,TIME_ANOMALY,UNUSUAL_HOUR
TXN_011410,0,NONE,NONE
TXN_004099,0,NONE,NONE
TXN_006027,0,NONE,NONE
TXN_002699,0,NONE,NONE
TXN_004817,0,NONE,NONE
TXN_004864,0,NONE,NONE
TXN_007584,0,NONE,NONE
TXN_009605,0,NONE,NONE
TXN_013853,0,NONE,NONE
TXN_007076,0,NONE,NONE
TXN_011804,0,NONE,NONE
TXN_006139,0,NONE,NONE
TXN_012469,0,NONE,NONE
TXN_009120,0,NONE,NONE
TXN_013105,0,NONE,NONE
TXN_014899,0,NONE,NONE
TXN_003740,0,NONE,NONE
TXN_001044,0,NONE,NONE
TXN_008663,0,NONE,NONE
TXN_002585,0,NONE,NONE
TXN_011765,0,NONE,NONE
TXN_009302,0,NONE,NONE
TXN_002455,1,AMOUNT_ANOMALY,SUDDEN_HIGH_VALUE
TXN_012696,0,NONE,NONE
TXN_005016,0,NONE,NONE
TXN_003200,0,NONE,NONE
TXN_006767,0,NONE,NONE
TXN_004615,0,NONE,NONE
TXN_005802,0,NONE,NONE
TXN_010375,1,DEVICE,NEW_DEVICE
TXN_001259,0,NONE,NONE
TXN_002304,0,NONE,NONE
TXN_005833,0,NONE,NONE
TXN_010701,0,NONE,NONE
TXN_000938,0,NONE,NONE
TXN_014025,0,NONE,NONE
TXN_006876,1,DEVICE,NEW_DEVICE
TXN_006595,0,NONE,NONE
TXN_010962,0,NONE,NONE
TXN_001851,0,NONE,NONE
TXN_005733,0,NONE,NONE
TXN_013734,0,NONE,NONE
TXN_002653,0,NONE,NONE
TXN_013022,0,NONE,NONE
TXN_012664,0,NONE,NONE
TXN_010131,1,BEHAVIORAL,SPENDING_PATTERN_SHIFT
TXN_004182,0,NONE,NONE
TXN_000743,0,NONE,NONE
TXN_004414,0,NONE,NONE
TXN_008832,0,NONE,NONE
TXN_002762,0,NONE,NONE
TXN_009580,0,NONE,NONE
TXN_014662,0,NONE,NONE
TXN_006843,0,NONE,NONE
TXN_004432,0,NONE,NONE
TXN_000669,0,NONE,NONE
TXN_002853,0,NONE,NONE
TXN_009600,0,NONE,NONE
TXN_000303,0,NONE,NONE
TXN_006376,0,NONE,NONE
TXN_006015,0,NONE,NONE
TXN_000256,0,NONE,NONE
TXN_008399,0,NONE,NONE
TXN_000555,0,NONE,NONE
TXN_003083,0,NONE,NONE
TXN_004800,0,NONE,NONE
TXN_013909,0,NONE,NONE
TXN_002343,0,NONE,NONE
TXN_014102,0,NONE,NONE
TXN_008763,0,NONE,NONE
TXN_003946,0,NONE,NONE
TXN_003307,0,NONE,NONE
TXN_005328,1,GEOGRAPHIC,IMPOSSIBLE_TRAVEL
TXN_013363,0,NONE,NONE
TXN_002003,0,NONE,NONE
TXN_004148,0,NONE,NONE
TXN_008847,0,NONE,NONE
TXN_011476,0,NONE,NONE
TXN_008522,0,NONE,NONE
TXN_008157,1,TIME_ANOMALY,UNUSUAL_HOUR
TXN_008006,0,NONE,NONE
TXN_004303,0,NONE,NONE
TXN_011349,0,NONE,NONE
TXN_004894,0,NONE,NONE
TXN_001616,0,NONE,NONE
TXN_012128,1,BEHAVIORAL,SPENDING_PATTERN_SHIFT
TXN_010637,0,NONE,NONE
TXN_008435,0,NONE,NONE
TXN_006441,0,NONE,NONE
TXN_005172,1,NETWORK,SHARED_DEVICE
TXN_009801,0,NONE,NONE
TXN_008475,0,NONE,NONE
TXN_003734,0,NONE,NONE
TXN_001721,0,NONE,NONE
TXN_000493,0,NONE,NONE
TXN_008552,0,NONE,NONE
TXN_013830,0,NONE,NONE
TXN_013089,0,NONE,NONE
TXN_006476,0,NONE,NONE
TXN_004504,0,NONE,NONE
TXN_006197,0,NONE,NONE
TXN_007779,0,NONE,NONE
TXN_000203,1,NETWORK,SHARED_DEVICE
TXN_004679,1,NETWORK,SHARED_DEVICE
TXN_014511,0,NONE,NONE
TXN_000271,0,NONE,NONE
TXN_002613,0,NONE,NONE
TXN_003017,0,NONE,NONE
TXN_014560,0,NONE,NONE
TXN_014820,0,NONE,NONE
TXN_011114,1,MERCHANT,UNUSUAL_MERCHANT
TXN_004791,0,NONE,NONE
TXN_009780,0,NONE,NONE
TXN_002307,0,NONE,NONE
TXN_007820,0,NONE,NONE
TXN_014148,0,NONE,NONE
TXN_010779,0,NONE,NONE
TXN_000944,0,NONE,NONE
TXN_003377,0,NONE,NONE
TXN_012060,0,NONE,NONE
TXN_007952,0,NONE,NONE
TXN_010203,0,NONE,NONE
TXN_005250,0,NONE,NONE
TXN_001597,0,NONE,NONE
TXN_013918,0,NONE,NONE
TXN_009934,0,NONE,NONE
TXN_003939,0,NONE,NONE
TXN_005996,1,MERCHANT,UNUSUAL_MERCHANT
TXN_007701,0,NONE,NONE
TXN_006749,0,NONE,NONE
TXN_006612,0,NONE,NONE
TXN_012338,0,NONE,NONE
TXN_007514,0,NONE,NONE
TXN_014385,0,NONE,NONE
TXN_003002,0,NONE,NONE
TXN_003410,1,BEHAVIORAL,SPENDING_PATTERN_SHIFT
TXN_008094,1,NETWORK,SHARED_DEVICE
TXN_010591,0,NONE,NONE
TXN_002881,1,GEOGRAPHIC,IMPOSSIBLE_TRAVEL
TXN_009804,0,NONE,NONE
TXN_011949,1,SEQUENTIAL,MICRO_TO_LARGE_ESCALATION
TXN_007502,0,NONE,NONE
TXN_013138,0,NONE,NONE
TXN_003008,0,NONE,NONE
TXN_006425,0,NONE,NONE
TXN_003051,0,NONE,NONE
TXN_000175,1,DEVICE,NEW_DEVICE
TXN_002562,0,NONE,NONE
TXN_005226,0,NONE,NONE
TXN_005071,0,NONE,NONE
TXN_012111,0,NONE,NONE
TXN_010747,0,NONE,NONE
TXN_005626,0,NONE,NONE
TXN_010172,0,NONE,NONE
TXN_005350,0,NONE,NONE
TXN_012952,0,NONE,NONE
TXN_013907,0,NONE,NONE
TXN_006477,0,NONE,NONE
TXN_014219,0,NONE,NONE
TXN_005727,0,NONE,NONE
TXN_004956,0,NONE,NONE
TXN_001898,1,DEVICE,NEW_DEVICE
TXN_003324,0,NONE,NONE
TXN_010967,0,NONE,NONE
TXN_005598,0,NONE,NONE
TXN_012645,0,NONE,NONE
TXN_010837,0,NONE,NONE
TXN_000215,0,NONE,NONE
TXN_008085,0,NONE,NONE
TXN_006262,0,NONE,NONE
TXN_008275,0,NONE,NONE
TXN_013307,0,NONE,NONE
TXN_012928,0,NONE,NONE
TXN_013864,0,NONE,NONE
TXN_010298,0,NONE,NONE
TXN_005654,0,NONE,NONE
TXN_014776,0,NONE,NONE
TXN_011963,0,NONE,NONE
TXN_013653,0,NONE,NONE
TXN_007625,0,NONE,NONE
TXN_013246,0,NONE,NONE
TXN_007171,0,NONE,NONE
TXN_010707,0,NONE,NONE
TXN_003862,0,NONE,NONE
TXN_012596,0,NONE,NONE
TXN_003625,0,NONE,NONE
TXN_007739,0,NONE,NONE
TXN_002718,0,NONE,NONE
TXN_010655,1,TIME_ANOMALY,UNUSUAL_HOUR
TXN_014030,0,NONE,NONE
TXN_007765,0,NONE,NONE
TXN_008517,0,NONE,NONE
TXN_014412,0,NONE,NONE
TXN_010813,0,NONE,NONE
TXN_008387,0,NONE,NONE
TXN_014288,1,GEOGRAPHIC,IMPOSSIBLE_TRAVEL
TXN_008032,0,NONE,NONE
TXN_003641,0,NONE,NONE
TXN_014450,0,NONE,NONE
TXN_011859,0,NONE,NONE
TXN_005209,0,NONE,NONE
TXN_009577,0,NONE,NONE
TXN_012748,0,NONE,NONE
TXN_007683,0,NONE,NONE
TXN_011582,0,NONE,NONE
TXN_002123,0,NONE,NONE
TXN_014299,0,NONE,NONE
TXN_008339,0,NONE,NONE
TXN_004701,1,GEOGRAPHIC,IMPOSSIBLE_TRAVEL
TXN_001941,1,AMOUNT_ANOMALY,SUDDEN_HIGH_VALUE
TXN_010947,0,NONE,NONE
TXN_004796,0,NONE,NONE
TXN_012908,0,NONE,NONE
TXN_000634,0,NONE,NONE
TXN_003374,0,NONE,NONE
TXN_011297,0,NONE,NONE
TXN_014298,0,NONE,NONE
TXN_012416,0,NONE,NONE
TXN_003480,0,NONE,NONE
TXN_003907,0,NONE,NONE
TXN_009430,0,NONE,NONE
TXN_009537,0,NONE,NONE
TXN_007642,0,NONE,NONE
TXN_005210,0,NONE,NONE
TXN_008277,0,NONE,NONE
TXN_007518,0,NONE,NONE
TXN_005485,0,NONE,NONE
TXN_014177,0,NONE,NONE
TXN_013353,0,NONE,NONE
TXN_009006,0,NONE,NONE
TXN_014090,0,NONE,NONE
TXN_008443,1,CARD_TESTING,MICRO_TRANSACTIONS
TXN_013207,0,NONE,NONE
TXN_011793,0,NONE,NONE
TXN_003303,0,NONE,NONE
TXN_000443,0,NONE,NONE
TXN_012144,0,NONE,NONE
TXN_004124,1,SEQUENTIAL,MICRO_TO_LARGE_ESCALATION
TXN_008293,0,NONE,NONE
TXN_001684,0,NONE,NONE
TXN_010798,0,NONE,NONE
TXN_001708,0,NONE,NONE
TXN_010558,0,NONE,NONE
TXN_006693,0,NONE,NONE
TXN_009546,0,NONE,NONE
TXN_009924,0,NONE,NONE
TXN_001191,0,NONE,NONE
TXN_009851,0,NONE,NONE
TXN_014875,0,NONE,NONE
TXN_008657,0,NONE,NONE
TXN_003915,0,NONE,NONE
TXN_010211,0,NONE,NONE
TXN_012478,0,NONE,NONE
TXN_001969,1,GEOGRAPHIC,IMPOSSIBLE_TRAVEL
TXN_002354,0,NONE,NONE
TXN_003063,0,NONE,NONE
TXN_004287,0,NONE,NONE
TXN_012371,1,NETWORK,SHARED_DEVICE
TXN_000749,0,NONE,NONE
TXN_004052,1,AMOUNT_ANOMALY,SUDDEN_HIGH_VALUE
TXN_014404,0,NONE,NONE
TXN_004670,0,NONE,NONE
TXN_002341,0,NONE,NONE
TXN_003873,0,NONE,NONE
TXN_014494,0,NONE,NONE
TXN_004361,0,NONE,NONE
TXN_000470,0,NONE,NONE
TXN_008323,0,NONE,NONE
TXN_008112,0,NONE,NONE
TXN_009190,0,NONE,NONE
TXN_013430,0,NONE,NONE
TXN_000622,0,NONE,NONE
TXN_007482,0,NONE,NONE
TXN_003058,1,GEOGRAPHIC,IMPOSSIBLE_TRAVEL
TXN_007688,0,NONE,NONE
TXN_008305,0,NONE,NONE
TXN_014508,0,NONE,NONE
TXN_002493,0,NONE,NONE
TXN_012340,0,NONE,NONE
TXN_001880,0,NONE,NONE
TXN_007869,0,NONE,NONE
TXN_001737,0,NONE,NONE
TXN_005309,0,NONE,NONE
TXN_004001,0,NONE,NONE
TXN_005946,0,NONE,NONE
TXN_012342,0,NONE,NONE
TXN_007203,0,NONE,NONE
TXN_012227,0,NONE,NONE
TXN_014815,0,NONE,NONE
TXN_004075,0,NONE,NONE
TXN_008192,0,NONE,NONE
TXN_011522,0,NONE,NONE
TXN_010481,0,NONE,NONE
TXN_002596,0,NONE,NONE
TXN_006407,0,NONE,NONE
TXN_003400,0,NONE,NONE
TXN_012609,0,NONE,NONE
TXN_008566,1,SEQUENTIAL,MICRO_TO_LARGE_ESCALATION
TXN_000522,0,NONE,NONE
TXN_011999,0,NONE,NONE
TXN_001638,1,VELOCITY,RAPID_TRANSACTIONS
TXN_013630,0,NONE,NONE
TXN_002001,0,NONE,NONE
TXN_002416,0,NONE,NONE
TXN_009529,0,NONE,NONE
TXN_009455,0,NONE,NONE
TXN_000689,0,NONE,NONE
TXN_014469,0,NONE,NONE
TXN_008959,1,VELOCITY,RAPID_TRANSACTIONS
TXN_001490,1,NETWORK,SHARED_DEVICE
TXN_000620,0,NONE,NONE
TXN_011050,0,NONE,NONE
TXN_012421,0,NONE,NONE
TXN_011456,0,NONE,NONE
TXN_009093,0,NONE,NONE
TXN_014949,0,NONE,NONE
TXN_013247,0,NONE,NONE
TXN_003129,0,NONE,NONE
TXN_006945,0,NONE,NONE
TXN_014938,0,NONE,NONE
TXN_011770,0,NONE,NONE
TXN_010359,0,NONE,NONE
TXN_005582,0,NONE,NONE
TXN_011111,0,NONE,NONE
TXN_003077,0,NONE,NONE
TXN_002761,1,TIME_ANOMALY,UNUSUAL_HOUR
TXN_001201,0,NONE,NONE
TXN_000205,0,NONE,NONE
TXN_008092,0,NONE,NONE
TXN_009379,0,NONE,NONE
TXN_004424,0,NONE,NONE
TXN_008520,0,NONE,NONE
TXN_011393,0,NONE,NONE
TXN_012760,0,NONE,NONE
TXN_010297,1,NETWORK,SHARED_DEVICE
TXN_014786,0,NONE,NONE
TXN_010402,0,NONE,NONE
TXN_000560,0,NONE,NONE
TXN_005648,0,NONE,NONE
TXN_008880,0,NONE,NONE
TXN_008710,0,NONE,NONE
TXN_014374,0,NONE,NONE
TXN_012673,0,NONE,NONE
TXN_001167,0,NONE,NONE
TXN_010881,0,NONE,NONE
TXN_013938,0,NONE,NONE
TXN_007824,0,NONE,NONE
TXN_012785,0,NONE,NONE
TXN_013411,1,NETWORK,SHARED_DEVICE
TXN_011405,0,NONE,NONE
TXN_010994,0,NONE,NONE
TXN_003992,0,NONE,NONE
TXN_002679,0,NONE,NONE
TXN_006558,0,NONE,NONE
TXN_012390,0,NONE,NONE
TXN_012168,0,NONE,NONE
TXN_008717,0,NONE,NONE
TXN_004267,0,NONE,NONE
TXN_009474,0,NONE,NONE
TXN_007149,0,NONE,NONE
TXN_001343,0,NONE,NONE
TXN_000322,0,NONE,NONE
TXN_014264,0,NONE,NONE
TXN_010369,0,NONE,NONE
TXN_013175,0,NONE,NONE
TXN_011541,1,VELOCITY,RAPID_TRANSACTIONS
TXN_012972,1,AMOUNT_ANOMALY,SUDDEN_HIGH_VALUE
TXN_004161,0,NONE,NONE
TXN_010035,0,NONE,NONE
TXN_012321,0,NONE,NONE
TXN_013197,0,NONE,NONE
TXN_004145,0,NONE,NONE
TXN_013566,0,NONE,NONE
TXN_004284,0,NONE,NONE
TXN_007028,0,NONE,NONE
TXN_012707,1,AMOUNT_ANOMALY,SUDDEN_HIGH_VALUE
TXN_008943,0,NONE,NONE
TXN_006191,0,NONE,NONE
TXN_007743,0,NONE,NONE
TXN_000220,0,NONE,NONE
TXN_005469,0,NONE,NONE
TXN_012146,0,NONE,NONE
TXN_010680,0,NONE,NONE
TXN_000452,0,NONE,NONE
TXN_012535,0,NONE,NONE
TXN_011622,0,NONE,NONE
TXN_009550,0,NONE,NONE
TXN_006528,0,NONE,NONE
TXN_002675,0,NONE,NONE
TXN_006524,0,NONE,NONE
TXN_004232,0,NONE,NONE
TXN_013340,0,NONE,NONE
TXN_007460,0,NONE,NONE
TXN_001573,0,NONE,NONE
TXN_006239,0,NONE,NONE
TXN_001796,0,NONE,NONE
TXN_009942,0,NONE,NONE
TXN_001317,0,NONE,NONE
TXN_004766,0,NONE,NONE
TXN_007127,0,NONE,NONE
TXN_012951,0,NONE,NONE
TXN_010200,0,NONE,NONE
TXN_014879,0,NONE,NONE
TXN_005866,0,NONE,NONE
TXN_002859,0,NONE,NONE
TXN_011840,0,NONE,NONE
TXN_014020,0,NONE,NONE
TXN_005382,0,NONE,NONE
TXN_014250,0,NONE,NONE
TXN_009771,0,NONE,NONE
TXN_007132,0,NONE,NONE
TXN_013934,0,NONE,NONE
TXN_007086,0,NONE,NONE
TXN_013928,0,NONE,NONE
TXN_013336,1,DEVICE,NEW_DEVICE
TXN_002292,0,NONE,NONE
TXN_014456,0,NONE,NONE
TXN_012561,0,NONE,NONE
TXN_007401,0,NONE,NONE
TXN_004085,0,NONE,NONE
TXN_008854,0,NONE,NONE
TXN_004832,0,NONE,NONE
TXN_011324,1,GEOGRAPHIC,IMPOSSIBLE_TRAVEL
TXN_001555,0,NONE,NONE
TXN_006885,0,NONE,NONE
TXN_002040,0,NONE,NONE
TXN_008753,0,NONE,NONE
TXN_006777,0,NONE,NONE
TXN_010698,0,NONE,NONE
TXN_010820,0,NONE,NONE
TXN_006559,0,NONE,NONE
TXN_012763,0,NONE,NONE
TXN_005845,0,NONE,NONE
TXN_012700,0,NONE,NONE
TXN_014408,1,DEVICE,NEW_DEVICE
TXN_003038,0,NONE,NONE
TXN_007350,0,NONE,NONE
TXN_005479,0,NONE,NONE
TXN_013940,0,NONE,NONE
TXN_009819,0,NONE,NONE
TXN_009405,0,NONE,NONE
TXN_002329,0,NONE,NONE
TXN_005488,0,NONE,NONE
TXN_009910,0,NONE,NONE
TXN_011902,0,NONE,NONE
TXN_006096,0,NONE,NONE
TXN_012399,0,NONE,NONE
TXN_010175,0,NONE,NONE
TXN_005857,0,NONE,NONE
TXN_006765,0,NONE,NONE
TXN_009749,0,NONE,NONE
TXN_007238,0,NONE,NONE
TXN_000856,0,NONE,NONE
TXN_008836,0,NONE,NONE
TXN_008276,0,NONE,NONE
TXN_004390,1,MERCHANT,UNUSUAL_MERCHANT
TXN_001261,0,NONE,NONE
TXN_011570,0,NONE,NONE
TXN_010177,0,NONE,NONE
TXN_000971,0,NONE,NONE
TXN_012175,0,NONE,NONE
TXN_009172,0,NONE,NONE
TXN_001891,0,NONE,NONE
TXN_008782,0,NONE,NONE
TXN_013087,0,NONE,NONE
TXN_004725,0,NONE,NONE
TXN_006829,0,NONE,NONE
TXN_009759,0,NONE,NONE
TXN_008248,0,NONE,NONE
TXN_001488,1,NETWORK,SHARED_DEVICE
TXN_004296,0,NONE,NONE
TXN_007726,0,NONE,NONE
TXN_002817,0,NONE,NONE
TXN_014800,1,NETWORK,SHARED_DEVICE
TXN_009693,0,NONE,NONE
TXN_007884,0,NONE,NONE
TXN_007674,0,NONE,NONE
TXN_009304,0,NONE,NONE
TXN_000877,0,NONE,NONE
TXN_004541,0,NONE,NONE
TXN_005923,1,AMOUNT_ANOMALY,SUDDEN_HIGH_VALUE
TXN_014850,0,NONE,NONE
TXN_007920,0,NONE,NONE
TXN_000090,0,NONE,NONE
TXN_003247,0,NONE,NONE
TXN_006787,0,NONE,NONE
TXN_007166,0,NONE,NONE
TXN_013306,1,SEQUENTIAL,MICRO_TO_LARGE_ESCALATION
TXN_008035,0,NONE,NONE
TXN_011404,0,NONE,NONE
TXN_006382,0,NONE,NONE
TXN_005481,0,NONE,NONE
TXN_000789,0,NONE,NONE
TXN_011465,0,NONE,NONE
TXN_010241,0,NONE,NONE
TXN_009239,0,NONE,NONE
TXN_010142,0,NONE,NONE
TXN_009962,0,NONE,NONE
TXN_008414,0,NONE,NONE
TXN_013059,0,NONE,NONE
TXN_009261,0,NONE,NONE
TXN_012187,0,NONE,NONE
TXN_001385,1,DEVICE,NEW_DEVICE
TXN_007365,0,NONE,NONE
TXN_002331,0,NONE,NONE
TXN_012542,0,NONE,NONE
TXN_003597,0,NONE,NONE
TXN_003311,0,NONE,NONE
TXN_012822,0,NONE,NONE
TXN_011807,0,NONE,NONE
TXN_004910,0,NONE,NONE
TXN_002875,0,NONE,NONE
TXN_010723,1,TIME_ANOMALY,UNUSUAL_HOUR
TXN_006005,0,NONE,NONE
TXN_012874,0,NONE,NONE
TXN_007546,0,NONE,NONE
TXN_014242,0,NONE,NONE
TXN_014096,0,NONE,NONE
TXN_012325,0,NONE,NONE
TXN_001515,0,NONE,NONE
TXN_003663,0,NONE,NONE
TXN_004560,0,NONE,NONE
TXN_010652,0,NONE,NONE
TXN_014457,1,TIME_ANOMALY,UNUSUAL_HOUR
TXN_008524,0,NONE,NONE
TXN_007144,1,CARD_TESTING,MICRO_TRANSACTIONS
TXN_012326,0,NONE,NONE
TXN_010213,0,NONE,NONE
TXN_014275,0,NONE,NONE
TXN_013931,0,NONE,NONE
TXN_006547,0,NONE,NONE
TXN_008288,0,NONE,NONE
TXN_001724,1,DEVICE,NEW_DEVICE
TXN_006633,0,NONE,NONE
TXN_006944,0,NONE,NONE
TXN_009084,0,NONE,NONE
TXN_003608,0,NONE,NONE
TXN_010988,1,CARD_TESTING,MICRO_TRANSACTIONS
TXN_010441,0,NONE,NONE
TXN_006563,0,NONE,NONE
TXN_007870,1,DEVICE,NEW_DEVICE
TXN_003773,0,NONE,NONE
TXN_001384,0,NONE,NONE
TXN_000961,0,NONE,NONE
TXN_011749,0,NONE,NONE
TXN_007647,1,BEHAVIORAL,SPENDING_PATTERN_SHIFT
TXN_001450,0,NONE,NONE
TXN_006321,0,NONE,NONE
TXN_009517,0,NONE,NONE
TXN_010208,0,NONE,NONE
TXN_012445,0,NONE,NONE
TXN_004734,0,NONE,NONE
TXN_001140,0,NONE,NONE
TXN_004842,0,NONE,NONE
TXN_012966,0,NONE,NONE
TXN_012517,0,NONE,NONE
TXN_002934,0,NONE,NONE
TXN_003913,0,NONE,NONE
TXN_000395,1,SEQUENTIAL,MICRO_TO_LARGE_ESCALATION
TXN_007481,0,NONE,NONE
TXN_011350,0,NONE,NONE
TXN_011406,0,NONE,NONE
TXN_004139,0,NONE,NONE
TXN_010803,0,NONE,NONE
TXN_006722,0,NONE,NONE
TXN_012752,0,NONE,NONE
TXN_009475,0,NONE,NONE
TXN_014080,0,NONE,NONE
TXN_012268,0,NONE,NONE
TXN_001867,0,NONE,NONE
TXN_003035,0,NONE,NONE
TXN_014546,0,NONE,NONE
TXN_005668,0,NONE,NONE
TXN_014592,1,SEQUENTIAL,MICRO_TO_LARGE_ESCALATION
TXN_013364,0,NONE,NONE
TXN_003876,0,NONE,NONE
TXN_007903,0,NONE,NONE
TXN_008311,0,NONE,NONE
TXN_010045,0,NONE,NONE
TXN_004691,0,NONE,NONE
TXN_010906,0,NONE,NONE
TXN_002016,0,NONE,NONE
TXN_002368,0,NONE,NONE
TXN_001449,0,NONE,NONE
TXN_007297,0,NONE,NONE
TXN_008741,0,NONE,NONE
TXN_002751,0,NONE,NONE
TXN_001735,0,NONE,NONE
TXN_008378,0,NONE,NONE
TXN_013890,0,NONE,NONE
TXN_003782,1,AMOUNT_ANOMALY,SUDDEN_HIGH_VALUE
TXN_014344,0,NONE,NONE
TXN_008280,0,NONE,NONE
TXN_012300,0,NONE,NONE
TXN_011485,0,NONE,NONE
TXN_010731,0,NONE,NONE
TXN_007744,0,NONE,NONE
TXN_013047,0,NONE,NONE
TXN_012251,0,NONE,NONE
TXN_005741,0,NONE,NONE
TXN_013628,0,NONE,NONE
TXN_010777,1,GEOGRAPHIC,IMPOSSIBLE_TRAVEL
TXN_014151,0,NONE,NONE
TXN_003942,0,NONE,NONE
TXN_002590,1,VELOCITY,RAPID_TRANSACTIONS
TXN_002847,0,NONE,NONE
TXN_009162,0,NONE,NONE
TXN_001673,1,CARD_TESTING,MICRO_TRANSACTIONS
TXN_002811,0,NONE,NONE
TXN_008098,0,NONE,NONE
TXN_013163,0,NONE,NONE
TXN_012726,0,NONE,NONE
TXN_004637,0,NONE,NONE
TXN_003117,0,NONE,NONE
TXN_008270,0,NONE,NONE
TXN_005719,0,NONE,NONE
TXN_011399,0,NONE,NONE
TXN_007277,0,NONE,NONE
TXN_005713,0,NONE,NONE
TXN_014036,0,NONE,NONE
TXN_007892,0,NONE,NONE
TXN_007489,0,NONE,NONE
TXN_006721,0,NONE,NONE
TXN_008332,1,GEOGRAPHIC,IMPOSSIBLE_TRAVEL
TXN_009733,0,NONE,NONE
TXN_003816,0,NONE,NONE
TXN_008602,0,NONE,NONE
TXN_007963,0,NONE,NONE
TXN_003674,1,MERCHANT,UNUSUAL_MERCHANT
TXN_012660,0,NONE,NONE
TXN_002538,0,NONE,NONE
TXN_000847,0,NONE,NONE
TXN_004495,0,NONE,NONE
TXN_010158,1,DEVICE,NEW_DEVICE
TXN_010932,0,NONE,NONE
TXN_011658,0,NONE,NONE
TXN_000831,0,NONE,NONE
TXN_008582,1,TIME_ANOMALY,UNUSUAL_HOUR
TXN_013042,0,NONE,NONE
TXN_012092,0,NONE,NONE
TXN_007640,0,NONE,NONE
TXN_010789,0,NONE,NONE
TXN_012729,0,NONE,NONE
TXN_004294,0,NONE,NONE
TXN_008134,0,NONE,NONE
TXN_014213,0,NONE,NONE
TXN_013423,0,NONE,NONE
TXN_002370,0,NONE,NONE
TXN_008545,0,NONE,NONE
TXN_013259,0,NONE,NONE
TXN_014145,0,NONE,NONE
TXN_004378,0,NONE,NONE
TXN_003531,0,NONE,NONE
TXN_001278,0,NONE,NONE
TXN_008160,0,NONE,NONE
TXN_009081,0,NONE,NONE
TXN_009632,0,NONE,NONE
TXN_013999,0,NONE,NONE
TXN_010544,0,NONE,NONE
TXN_009394,0,NONE,NONE
TXN_014231,0,NONE,NONE
TXN_002505,0,NONE,NONE
TXN_010121,0,NONE,NONE
TXN_008828,0,NONE,NONE
TXN_014596,0,NONE,NONE
TXN_009912,0,NONE,NONE
TXN_011110,0,NONE,NONE
TXN_002777,0,NONE,NONE
TXN_014037,0,NONE,NONE
TXN_000585,0,NONE,NONE
TXN_001742,0,NONE,NONE
TXN_002018,0,NONE,NONE
TXN_011009,0,NONE,NONE
TXN_000635,0,NONE,NONE
TXN_010234,0,NONE,NONE
TXN_004134,0,NONE,NONE
TXN_000650,0,NONE,NONE
TXN_002389,0,NONE,NONE
TXN_002945,0,NONE,NONE
TXN_002453,0,NONE,NONE
TXN_004440,0,NONE,NONE
TXN_013500,0,NONE,NONE
TXN_008355,0,NONE,NONE
TXN_013930,1,MERCHANT,UNUSUAL_MERCHANT
TXN_003193,1,AMOUNT_ANOMALY,SUDDEN_HIGH_VALUE
TXN_009907,0,NONE,NONE
TXN_003746,0,NONE,NONE
TXN_000153,0,NONE,NONE
TXN_004083,0,NONE,NONE
TXN_013096,0,NONE,NONE
TXN_014836,0,NONE,NONE
TXN_002723,0,NONE,NONE
TXN_001171,1,CARD_TESTING,MICRO_TRANSACTIONS
TXN_014190,0,NONE,NONE
TXN_003391,0,NONE,NONE
TXN_010821,0,NONE,NONE
TXN_012483,0,NONE,NONE
TXN_008583,0,NONE,NONE
TXN_007486,0,NONE,NONE
TXN_010958,0,NONE,NONE
TXN_009177,0,NONE,NONE
TXN_011274,0,NONE,NONE
TXN_010997,0,NONE,NONE
TXN_001691,0,NONE,NONE
TXN_006226,0,NONE,NONE
TXN_006814,0,NONE,NONE
TXN_007492,0,NONE,NONE
TXN_007068,0,NONE,NONE
TXN_006616,0,NONE,NONE
TXN_006656,0,NONE,NONE
TXN_009770,0,NONE,NONE
TXN_012853,0,NONE,NONE
TXN_005478,0,NONE,NONE
TXN_013126,0,NONE,NONE
TXN_000491,0,NONE,NONE
TXN_012653,0,NONE,NONE
TXN_014163,0,NONE,NONE
TXN_003681,0,NONE,NONE
TXN_002589,1,DEVICE,NEW_DEVICE
TXN_006247,0,NONE,NONE
TXN_000299,0,NONE,NONE
TXN_009763,0,NONE,NONE
TXN_007659,0,NONE,NONE
TXN_008436,0,NONE,NONE
TXN_006042,0,NONE,NONE
TXN_014437,0,NONE,NONE
TXN_003967,0,NONE,NONE
TXN_002070,0,NONE,NONE
TXN_008614,0,NONE,NONE
TXN_004310,0,NONE,NONE
TXN_009965,0,NONE,NONE
TXN_010275,0,NONE,NONE
TXN_007154,1,DEVICE,NEW_DEVICE
TXN_002728,1,AMOUNT_ANOMALY,SUDDEN_HIGH_VALUE
TXN_003441,0,NONE,NONE
TXN_004818,1,GEOGRAPHIC,IMPOSSIBLE_TRAVEL
TXN_007345,0,NONE,NONE
TXN_001723,0,NONE,NONE
TXN_000248,0,NONE,NONE
TXN_000366,0,NONE,NONE
TXN_006648,0,NONE,NONE
TXN_000813,0,NONE,NONE
TXN_014042,0,NONE,NONE
TXN_012868,1,CARD_TESTING,MICRO_TRANSACTIONS
TXN_014537,0,NONE,NONE
TXN_013863,0,NONE,NONE
TXN_003654,0,NONE,NONE
TXN_006943,0,NONE,NONE
TXN_010453,0,NONE,NONE
TXN_011918,1,CARD_TESTING,MICRO_TRANSACTIONS
TXN_008237,0,NONE,NONE
TXN_002306,0,NONE,NONE
TXN_014898,0,NONE,NONE
TXN_013362,0,NONE,NONE
TXN_008077,0,NONE,NONE
TXN_013081,0,NONE,NONE
TXN_006066,0,NONE,NONE
TXN_008402,0,NONE,NONE
TXN_014855,0,NONE,NONE
TXN_014154,0,NONE,NONE
TXN_011940,1,AMOUNT_ANOMALY,SUDDEN_HIGH_VALUE
TXN_005876,0,NONE,NONE
TXN_005770,0,NONE,NONE
TXN_000431,0,NONE,NONE
TXN_010619,0,NONE,NONE
TXN_014015,0,NONE,NONE
TXN_013438,0,NONE,NONE
TXN_000682,0,NONE,NONE
TXN_008935,0,NONE,NONE
TXN_008787,0,NONE,NONE
TXN_010356,0,NONE,NONE
TXN_009896,0,NONE,NONE
TXN_011671,0,NONE,NONE
TXN_013858,0,NONE,NONE
TXN_011489,0,NONE,NONE
TXN_011653,0,NONE,NONE
TXN_014664,0,NONE,NONE
TXN_001084,0,NONE,NONE
TXN_013418,0,NONE,NONE
TXN_008835,0,NONE,NONE
TXN_004980,0,NONE,NONE
TXN_012917,0,NONE,NONE
TXN_007650,0,NONE,NONE
TXN_012040,0,NONE,NONE
TXN_008825,0,NONE,NONE
TXN_014516,0,NONE,NONE
TXN_009330,0,NONE,NONE
TXN_001938,0,NONE,NONE
TXN_009560,0,NONE,NONE
TXN_009567,0,NONE,NONE
TXN_013762,0,NONE,NONE
TXN_005575,1,BEHAVIORAL,SPENDING_PATTERN_SHIFT
TXN_013555,0,NONE,NONE
TXN_014420,1,NETWORK,SHARED_DEVICE
TXN_000421,1,BEHAVIORAL,SPENDING_PATTERN_SHIFT
TXN_000601,1,GEOGRAPHIC,IMPOSSIBLE_TRAVEL
TXN_009507,0,NONE,NONE
TXN_014522,0,NONE,NONE
TXN_011572,0,NONE,NONE
TXN_008224,0,NONE,NONE
TXN_005482,0,NONE,NONE
TXN_005734,0,NONE,NONE
TXN_011998,0,NONE,NONE
TXN_014525,1,CARD_TESTING,MICRO_TRANSACTIONS
TXN_008454,0,NONE,NONE
TXN_000640,0,NONE,NONE
TXN_003388,0,NONE,NONE
TXN_005649,0,NONE,NONE
TXN_011738,0,NONE,NONE
TXN_001778,0,NONE,NONE
TXN_000181,1,CARD_TESTING,MICRO_TRANSACTIONS
TXN_001030,0,NONE,NONE
TXN_005639,0,NONE,NONE
TXN_000473,0,NONE,NONE
TXN_002490,0,NONE,NONE
TXN_007015,0,NONE,NONE
TXN_002225,0,NONE,NONE
TXN_011835,0,NONE,NONE
TXN_002117,0,NONE,NONE
TXN_010238,0,NONE,NONE
TXN_013572,0,NONE,NONE
TXN_009446,0,NONE,NONE
TXN_001747,0,NONE,NONE
TXN_002125,1,VELOCITY,RAPID_TRANSACTIONS
TXN_003157,0,NONE,NONE
TXN_002129,0,NONE,NONE
TXN_013778,0,NONE,NONE
TXN_003094,0,NONE,NONE
TXN_007637,1,SEQUENTIAL,MICRO_TO_LARGE_ESCALATION
TXN_006173,0,NONE,NONE
TXN_010597,0,NONE,NONE
TXN_001556,0,NONE,NONE
TXN_003060,0,NONE,NONE
TXN_002604,0,NONE,NONE
TXN_010120,0,NONE,NONE
TXN_014228,1,TIME_ANOMALY,UNUSUAL_HOUR
TXN_007454,0,NONE,NONE
TXN_014980,1,BEHAVIORAL,SPENDING_PATTERN_SHIFT
TXN_013835,0,NONE,NONE
TXN_005510,0,NONE,NONE
TXN_005398,0,NONE,NONE
TXN_012116,0,NONE,NONE
TXN_010732,0,NONE,NONE
TXN_006845,0,NONE,NONE
TXN_006111,0,NONE,NONE
TXN_008452,0,NONE,NONE
TXN_003242,0,NONE,NONE
TXN_005305,0,NONE,NONE
TXN_014719,0,NONE,NONE
TXN_007344,1,NETWORK,SHARED_DEVICE
TXN_000768,0,NONE,NONE
TXN_007607,0,NONE,NONE
TXN_006609,0,NONE,NONE
TXN_005295,0,NONE,NONE
TXN_005030,0,NONE,NONE
TXN_012347,0,NONE,NONE
TXN_006258,0,NONE,NONE
TXN_005257,0,NONE,NONE
TXN_005720,0,NONE,NONE
TXN_001729,0,NONE,NONE
TXN_002532,1,DEVICE,NEW_DEVICE
TXN_013590,0,NONE,NONE
TXN_011806,0,NONE,NONE
TXN_008202,0,NONE,NONE
TXN_008203,0,NONE,NONE
TXN_010600,1,GEOGRAPHIC,IMPOSSIBLE_TRAVEL
TXN_007279,1,MERCHANT,UNUSUAL_MERCHANT
TXN_002084,0,NONE,NONE
TXN_012337,0,NONE,NONE
TXN_011959,0,NONE,NONE
TXN_010618,0,NONE,NONE
TXN_014248,0,NONE,NONE
TXN_008155,0,NONE,NONE
TXN_013862,0,NONE,NONE
TXN_000931,0,NONE,NONE
TXN_001291,0,NONE,NONE
TXN_004895,1,CARD_TESTING,MICRO_TRANSACTIONS
TXN_004360,0,NONE,NONE
TXN_000244,0,NONE,NONE
TXN_008761,0,NONE,NONE
TXN_013118,0,NONE,NONE
TXN_002400,0,NONE,NONE
TXN_006360,1,VELOCITY,RAPID_TRANSACTIONS
TXN_012717,0,NONE,NONE
TXN_012827,0,NONE,NONE
TXN_012916,0,NONE,NONE
TXN_012955,0,NONE,NONE
TXN_002227,0,NONE,NONE
TXN_013959,0,NONE,NONE
TXN_001722,0,NONE,NONE
TXN_011628,0,NONE,NONE
TXN_009026,0,NONE,NONE
TXN_012564,0,NONE,NONE
TXN_000611,1,BEHAVIORAL,SPENDING_PATTERN_SHIFT
TXN_006796,0,NONE,NONE
TXN_008057,0,NONE,NONE
TXN_002261,1,DEVICE,NEW_DEVICE
TXN_007389,0,NONE,NONE
TXN_000207,0,NONE,NONE
TXN_010927,0,NONE,NONE
TXN_005638,0,NONE,NONE
TXN_002767,0,NONE,NONE
TXN_006131,0,NONE,NONE
TXN_006726,0,NONE,NONE
TXN_009991,0,NONE,NONE
TXN_013966,0,NONE,NONE
TXN_008886,0,NONE,NONE
TXN_008857,0,NONE,NONE
TXN_005985,0,NONE,NONE
TXN_012739,0,NONE,NONE
TXN_003623,0,NONE,NONE
TXN_014481,0,NONE,NONE
TXN_008939,0,NONE,NONE
TXN_010130,0,NONE,NONE
TXN_006925,0,NONE,NONE
TXN_013949,0,NONE,NONE
TXN_009469,0,NONE,NONE
TXN_007156,0,NONE,NONE
TXN_006598,0,NONE,NONE
TXN_013050,0,NONE,NONE
TXN_012922,0,NONE,NONE
TXN_010127,0,NONE,NONE
TXN_001671,0,NONE,NONE
TXN_006344,0,NONE,NONE
TXN_005331,0,NONE,NONE
TXN_004892,0,NONE,NONE
TXN_009648,0,NONE,NONE
TXN_006981,0,NONE,NONE
TXN_013791,1,NETWORK,SHARED_DEVICE
TXN_000368,0,NONE,NONE
TXN_000713,0,NONE,NONE
TXN_002957,0,NONE,NONE
TXN_009083,0,NONE,NONE
TXN_013273,0,NONE,NONE
TXN_012283,0,NONE,NONE
TXN_001672,0,NONE,NONE
TXN_011078,0,NONE,NONE
TXN_009710,0,NONE,NONE
TXN_001900,0,NONE,NONE
TXN_005005,0,NONE,NONE
TXN_004043,0,NONE,NONE
TXN_011955,0,NONE,NONE
TXN_000261,0,NONE,NONE
TXN_002408,0,NONE,NONE
TXN_011074,0,NONE,NONE
TXN_013805,0,NONE,NONE
TXN_004189,0,NONE,NONE
TXN_003230,0,NONE,NONE
TXN_014049,0,NONE,NONE
TXN_000086,0,NONE,NONE
TXN_010642,0,NONE,NONE
TXN_010514,0,NONE,NONE
TXN_008928,0,NONE,NONE
TXN_010493,0,NONE,NONE
TXN_012030,0,NONE,NONE
TXN_004978,0,NONE,NONE
TXN_013957,1,TIME_ANOMALY,UNUSUAL_HOUR
TXN_011196,0,NONE,NONE
TXN_008207,0,NONE,NONE
TXN_005645,0,NONE,NONE
TXN_014602,0,NONE,NONE
TXN_013354,0,NONE,NONE
TXN_000500,0,NONE,NONE
TXN_008182,0,NONE,NONE
TXN_001841,0,NONE,NONE
TXN_000992,0,NONE,NONE
TXN_000552,0,NONE,NONE
TXN_009107,0,NONE,NONE
TXN_005794,0,NONE,NONE
TXN_013582,0,NONE,NONE
TXN_006118,0,NONE,NONE
TXN_011850,0,NONE,NONE
TXN_012173,0,NONE,NONE
TXN_011214,0,NONE,NONE
TXN_001128,0,NONE,NONE
TXN_004604,1,AMOUNT_ANOMALY,SUDDEN_HIGH_VALUE
TXN_005832,0,NONE,NONE
TXN_014550,0,NONE,NONE
TXN_013557,0,NONE,NONE
TXN_001489,0,NONE,NONE
TXN_013891,0,NONE,NONE
TXN_014639,0,NONE,NONE
TXN_003769,0,NONE,NONE
TXN_002196,0,NONE,NONE
TXN_012308,1,CARD_TESTING,MICRO_TRANSACTIONS
TXN_012593,0,NONE,NONE
TXN_013977,0,NONE,NONE
TXN_013525,0,NONE,NONE
TXN_005200,0,NONE,NONE
TXN_006377,0,NONE,NONE
TXN_014605,1,NETWORK,SHARED_DEVICE
TXN_001720,0,NONE,NONE
TXN_004780,0,NONE,NONE
TXN_000042,0,NONE,NONE
TXN_004116,0,NONE,NONE
TXN_008347,0,NONE,NONE
TXN_000492,1,SEQUENTIAL,MICRO_TO_LARGE_ESCALATION
TXN_001979,0,NONE,NONE
TXN_013526,0,NONE,NONE
TXN_000071,0,NONE,NONE
TXN_003356,0,NONE,NONE
TXN_012638,0,NONE,NONE
TXN_011801,0,NONE,NONE
TXN_008704,0,NONE,NONE
TXN_008266,0,NONE,NONE
TXN_014156,0,NONE,NONE
TXN_000538,0,NONE,NONE
TXN_002332,0,NONE,NONE
TXN_009705,0,NONE,NONE
TXN_006532,0,NONE,NONE
TXN_009657,0,NONE,NONE
TXN_001361,0,NONE,NONE
TXN_002194,0,NONE,NONE
TXN_014381,0,NONE,NONE
TXN_009095,0,NONE,NONE
TXN_008262,0,NONE,NONE
TXN_002239,1,VELOCITY,RAPID_TRANSACTIONS
TXN_014797,1,TIME_ANOMALY,UNUSUAL_HOUR
TXN_009909,0,NONE,NONE
TXN_004616,0,NONE,NONE
TXN_001754,0,NONE,NONE
TXN_005420,0,NONE,NONE
TXN_011102,1,TIME_ANOMALY,UNUSUAL_HOUR
TXN_000029,0,NONE,NONE
TXN_007677,0,NONE,NONE
TXN_004476,0,NONE,NONE
TXN_011938,0,NONE,NONE
TXN_012351,1,TIME_ANOMALY,UNUSUAL_HOUR
TXN_008472,1,BEHAVIORAL,SPENDING_PATTERN_SHIFT
TXN_009243,0,NONE,NONE
TXN_011478,1,TIME_ANOMALY,UNUSUAL_HOUR
TXN_008065,0,NONE,NONE
TXN_014787,1,TIME_ANOMALY,UNUSUAL_HOUR
TXN_000737,0,NONE,NONE
TXN_012549,0,NONE,NONE
TXN_001583,1,AMOUNT_ANOMALY,SUDDEN_HIGH_VALUE
TXN_008989,1,SEQUENTIAL,MICRO_TO_LARGE_ESCALATION
TXN_009336,0,NONE,NONE
TXN_002038,1,GEOGRAPHIC,IMPOSSIBLE_TRAVEL
TXN_008048,0,NONE,NONE
TXN_006078,0,NONE,NONE
TXN_000320,0,NONE,NONE
TXN_011563,0,NONE,NONE
TXN_004246,0,NONE,NONE
TXN_009724,0,NONE,NONE
TXN_012624,0,NONE,NONE
TXN_014843,0,NONE,NONE
TXN_001994,0,NONE,NONE
TXN_012882,0,NONE,NONE
TXN_009544,0,NONE,NONE
TXN_003446,0,NONE,NONE
TXN_004799,0,NONE,NONE
TXN_007748,0,NONE,NONE
TXN_002051,0,NONE,NONE
TXN_003055,0,NONE,NONE
TXN_007069,0,NONE,NONE
TXN_011386,0,NONE,NONE
TXN_000289,1,MERCHANT,UNUSUAL_MERCHANT
TXN_014527,0,NONE,NONE
TXN_009155,0,NONE,NONE
TXN_005783,0,NONE,NONE
TXN_010919,0,NONE,NONE
TXN_007534,0,NONE,NONE
TXN_000208,0,NONE,NONE
TXN_000340,0,NONE,NONE
TXN_003015,0,NONE,NONE
TXN_010083,0,NONE,NONE
TXN_011791,0,NONE,NONE
TXN_008688,0,NONE,NONE
TXN_001407,0,NONE,NONE
TXN_000544,1,GEOGRAPHIC,IMPOSSIBLE_TRAVEL
TXN_003061,0,NONE,NONE
TXN_001802,0,NONE,NONE
TXN_005993,0,NONE,NONE
TXN_001214,0,NONE,NONE
TXN_000884,1,CARD_TESTING,MICRO_TRANSACTIONS
TXN_010944,0,NONE,NONE
TXN_011409,0,NONE,NONE
TXN_008998,0,NONE,NONE
TXN_013889,0,NONE,NONE
TXN_007213,0,NONE,NONE
TXN_010259,0,NONE,NONE
TXN_007221,0,NONE,NONE
TXN_006465,0,NONE,NONE
TXN_005553,0,NONE,NONE
TXN_008197,0,NONE,NONE
TXN_014505,0,NONE,NONE
TXN_014761,0,NONE,NONE
TXN_011818,0,NONE,NONE
TXN_001028,0,NONE,NONE
TXN_010229,0,NONE,NONE
TXN_012000,0,NONE,NONE
TXN_007081,0,NONE,NONE
TXN_013913,0,NONE,NONE
TXN_010922,0,NONE,NONE
TXN_000781,0,NONE,NONE
TXN_003600,0,NONE,NONE
TXN_006957,0,NONE,NONE
TXN_009027,0,NONE,NONE
TXN_008430,0,NONE,NONE
TXN_010214,0,NONE,NONE
TXN_000912,0,NONE,NONE
TXN_011264,1,TIME_ANOMALY,UNUSUAL_HOUR
TXN_012788,0,NONE,NONE
TXN_002150,0,NONE,NONE
TXN_013962,0,NONE,NONE
TXN_012043,0,NONE,NONE
TXN_010552,0,NONE,NONE
TXN_011157,0,NONE,NONE
TXN_011997,0,NONE,NONE
TXN_003149,1,TIME_ANOMALY,UNUSUAL_HOUR
TXN_012481,0,NONE,NONE
TXN_004150,0,NONE,NONE
TXN_014314,0,NONE,NONE
TXN_008064,0,NONE,NONE
TXN_000111,0,NONE,NONE
TXN_008962,0,NONE,NONE
TXN_005813,0,NONE,NONE
TXN_003346,0,NONE,NONE
TXN_003392,0,NONE,NONE
TXN_013142,0,NONE,NONE
TXN_006334,0,NONE,NONE
TXN_003251,0,NONE,NONE
TXN_011839,0,NONE,NONE
TXN_014914,0,NONE,NONE
TXN_004875,0,NONE,NONE
TXN_009235,0,NONE,NONE
TXN_004581,0,NONE,NONE
TXN_008059,0,NONE,NONE
TXN_003847,0,NONE,NONE
TXN_014085,0,NONE,NONE
TXN_010343,0,NONE,NONE
TXN_004245,0,NONE,NONE
TXN_003669,0,NONE,NONE
TXN_003932,0,NONE,NONE
TXN_009031,0,NONE,NONE
TXN_005948,0,NONE,NONE
TXN_000988,0,NONE,NONE
TXN_013370,0,NONE,NONE
TXN_011448,0,NONE,NONE
TXN_012190,1,NETWORK,SHARED_DEVICE
TXN_011221,0,NONE,NONE
TXN_005772,0,NONE,NONE
TXN_004522,0,NONE,NONE
TXN_007806,0,NONE,NONE
TXN_014206,0,NONE,NONE
TXN_007102,0,NONE,NONE
TXN_009519,0,NONE,NONE
TXN_003558,0,NONE,NONE
TXN_001475,0,NONE,NONE
TXN_000658,0,NONE,NONE
TXN_004561,0,NONE,NONE
TXN_012488,0,NONE,NONE
TXN_009385,0,NONE,NONE
TXN_007342,0,NONE,NONE
TXN_011811,0,NONE,NONE
TXN_000361,0,NONE,NONE
TXN_014992,0,NONE,NONE
TXN_011212,0,NONE,NONE
TXN_013468,0,NONE,NONE
TXN_010850,0,NONE,NONE
TXN_002115,0,NONE,NONE
TXN_009926,0,NONE,NONE
TXN_009012,1,VELOCITY,RAPID_TRANSACTIONS
TXN_011301,0,NONE,NONE
TXN_009088,0,NONE,NONE
TXN_012019,0,NONE,NONE
TXN_008458,0,NONE,NONE
TXN_002271,0,NONE,NONE
TXN_003925,0,NONE,NONE
TXN_006033,0,NONE,NONE
TXN_009975,0,NONE,NONE
TXN_012894,0,NONE,NONE
TXN_014812,0,NONE,NONE
TXN_005308,0,NONE,NONE
TXN_011027,0,NONE,NONE
TXN_010728,0,NONE,NONE
TXN_000202,0,NONE,NONE
TXN_006991,0,NONE,NONE
TXN_009168,0,NONE,NONE
TXN_014039,0,NONE,NONE
TXN_002212,0,NONE,NONE
TXN_001220,0,NONE,NONE
TXN_012430,0,NONE,NONE
TXN_001814,0,NONE,NONE
TXN_003591,0,NONE,NONE
TXN_004567,0,NONE,NONE
TXN_001716,0,NONE,NONE
TXN_013284,0,NONE,NONE
TXN_001945,0,NONE,NONE
TXN_012242,0,NONE,NONE
TXN_010454,0,NONE,NONE
TXN_002366,0,NONE,NONE
TXN_006438,0,NONE,NONE
TXN_000374,0,NONE,NONE
TXN_006277,1,GEOGRAPHIC,IMPOSSIBLE_TRAVEL
TXN_014043,0,NONE,NONE
TXN_014624,0,NONE,NONE
TXN_011268,0,NONE,NONE
TXN_011753,0,NONE,NONE
TXN_010181,0,NONE,NONE
TXN_008385,1,SEQUENTIAL,MICRO_TO_LARGE_ESCALATION
TXN_005791,0,NONE,NONE
TXN_003498,0,NONE,NONE
TXN_005189,0,NONE,NONE
TXN_009327,0,NONE,NONE
TXN_009503,1,GEOGRAPHIC,IMPOSSIBLE_TRAVEL
TXN_006404,1,MERCHANT,UNUSUAL_MERCHANT
TXN_001255,0,NONE,NONE
TXN_009628,0,NONE,NONE
TXN_001948,0,NONE,NONE
TXN_005024,0,NONE,NONE
TXN_008480,0,NONE,NONE
TXN_004669,1,GEOGRAPHIC,IMPOSSIBLE_TRAVEL
TXN_002570,0,NONE,NONE
TXN_008132,0,NONE,NONE
TXN_009606,1,CARD_TESTING,MICRO_TRANSACTIONS
TXN_014401,0,NONE,NONE
TXN_009838,1,CARD_TESTING,MICRO_TRANSACTIONS
TXN_005674,0,NONE,NONE
TXN_008372,0,NONE,NONE
TXN_004703,0,NONE,NONE
TXN_007603,0,NONE,NONE
TXN_005387,0,NONE,NONE
TXN_000237,0,NONE,NONE
TXN_009970,0,NONE,NONE
TXN_003154,0,NONE,NONE
TXN_001016,0,NONE,NONE
TXN_005037,0,NONE,NONE
TXN_009767,0,NONE,NONE
TXN_001397,0,NONE,NONE
TXN_012709,0,NONE,NONE
TXN_005514,0,NONE,NONE
TXN_002475,0,NONE,NONE
TXN_003056,0,NONE,NONE
TXN_010159,0,NONE,NONE
TXN_002546,0,NONE,NONE
TXN_000677,0,NONE,NONE
TXN_008315,0,NONE,NONE
TXN_011849,0,NONE,NONE
TXN_007843,0,NONE,NONE
TXN_013563,1,TIME_ANOMALY,UNUSUAL_HOUR
TXN_013494,0,NONE,NONE
TXN_008899,0,NONE,NONE
TXN_009044,0,NONE,NONE
TXN_014963,0,NONE,NONE
TXN_010381,0,NONE,NONE
TXN_007074,0,NONE,NONE
TXN_004547,0,NONE,NONE
TXN_001396,0,NONE,NONE
TXN_009745,0,NONE,NONE
TXN_002002,0,NONE,NONE
TXN_001848,0,NONE,NONE
TXN_007508,0,NONE,NONE
TXN_006413,0,NONE,NONE
TXN_007749,0,NONE,NONE
TXN_013150,0,NONE,NONE
TXN_005319,0,NONE,NONE
TXN_002926,1,MERCHANT,UNUSUAL_MERCHANT
TXN_010969,0,NONE,NONE
TXN_013737,0,NONE,NONE
TXN_007056,0,NONE,NONE
TXN_014892,0,NONE,NONE
TXN_004996,0,NONE,NONE
TXN_000163,0,NONE,NONE
TXN_002995,0,NONE,NONE
TXN_000190,0,NONE,NONE
TXN_010498,0,NONE,NONE
TXN_006718,0,NONE,NONE
TXN_001501,0,NONE,NONE
TXN_000958,0,NONE,NONE
TXN_007922,1,MERCHANT,UNUSUAL_MERCHANT
TXN_011593,0,NONE,NONE
TXN_001228,0,NONE,NONE
TXN_001768,0,NONE,NONE
TXN_008186,0,NONE,NONE
TXN_001711,0,NONE,NONE
TXN_008580,0,NONE,NONE
TXN_003918,0,NONE,NONE
TXN_001312,0,NONE,NONE
TXN_004206,0,NONE,NONE
TXN_000304,0,NONE,NONE
TXN_006044,0,NONE,NONE
TXN_014690,0,NONE,NONE
TXN_008611,0,NONE,NONE
TXN_008178,0,NONE,NONE
TXN_002939,0,NONE,NONE
TXN_013357,1,BEHAVIORAL,SPENDING_PATTERN_SHIFT
TXN_009557,0,NONE,NONE
TXN_007281,0,NONE,NONE
TXN_010324,0,NONE,NONE
TXN_013736,0,NONE,NONE
TXN_010339,0,NONE,NONE
TXN_000249,0,NONE,NONE
TXN_000129,0,NONE,NONE
TXN_005775,0,NONE,NONE
TXN_008817,0,NONE,NONE
TXN_006918,0,NONE,NONE
TXN_001545,0,NONE,NONE
TXN_006307,0,NONE,NONE
TXN_002020,1,DEVICE,NEW_DEVICE
TXN_007662,0,NONE,NONE
TXN_009886,0,NONE,NONE
TXN_007326,0,NONE,NONE
TXN_013373,1,SEQUENTIAL,MICRO_TO_LARGE_ESCALATION
TXN_013998,0,NONE,NONE
TXN_004324,1,GEOGRAPHIC,IMPOSSIBLE_TRAVEL
TXN_011615,0,NONE,NONE
TXN_013578,0,NONE,NONE
TXN_009255,0,NONE,NONE
TXN_000750,0,NONE,NONE
TXN_012023,0,NONE,NONE
TXN_012379,0,NONE,NONE
TXN_013616,0,NONE,NONE
TXN_006791,0,NONE,NONE
TXN_014813,0,NONE,NONE
TXN_008388,0,NONE,NONE
TXN_014300,0,NONE,NONE
TXN_003440,0,NONE,NONE
TXN_013710,0,NONE,NONE
TXN_004607,0,NONE,NONE
TXN_005355,0,NONE,NONE
TXN_014594,0,NONE,NONE
TXN_006968,0,NONE,NONE
TXN_006035,0,NONE,NONE
TXN_001686,0,NONE,NONE
TXN_007923,1,AMOUNT_ANOMALY,SUDDEN_HIGH_VALUE
TXN_010201,0,NONE,NONE
TXN_011911,0,NONE,NONE
TXN_010321,0,NONE,NONE
TXN_000080,0,NONE,NONE
TXN_000919,0,NONE,NONE
TXN_001459,0,NONE,NONE
TXN_008320,0,NONE,NONE
TXN_010161,0,NONE,NONE
TXN_013747,0,NONE,NONE
TXN_006372,0,NONE,NONE
TXN_010560,0,NONE,NONE
TXN_008484,0,NONE,NONE
TXN_002454,0,NONE,NONE
TXN_003231,0,NONE,NONE
TXN_001631,0,NONE,NONE
TXN_011315,0,NONE,NONE
TXN_009366,0,NONE,NONE
TXN_010465,0,NONE,NONE
TXN_002630,0,NONE,NONE
TXN_002362,1,VELOCITY,RAPID_TRANSACTIONS
TXN_000483,0,NONE,NONE
TXN_004439,1,MERCHANT,UNUSUAL_MERCHANT
TXN_013358,0,NONE,NONE
TXN_013828,0,NONE,NONE
TXN_008287,0,NONE,NONE
TXN_003657,0,NONE,NONE
TXN_009230,0,NONE,NONE
TXN_004838,0,NONE,NONE
TXN_001166,0,NONE,NONE
TXN_008413,0,NONE,NONE
TXN_003914,0,NONE,NONE
TXN_005521,0,NONE,NONE
TXN_006509,0,NONE,NONE
TXN_010685,0,NONE,NONE
TXN_001873,0,NONE,NONE
TXN_008849,0,NONE,NONE
TXN_001726,0,NONE,NONE
TXN_003361,0,NONE,NONE
TXN_008923,0,NONE,NONE
TXN_003153,0,NONE,NONE
TXN_005922,0,NONE,NONE
TXN_001582,1,AMOUNT_ANOMALY,SUDDEN_HIGH_VALUE
TXN_003443,0,NONE,NONE
TXN_011051,0,NONE,NONE
TXN_004187,0,NONE,NONE
TXN_006863,0,NONE,NONE
TXN_007976,0,NONE,NONE
TXN_007330,0,NONE,NONE
TXN_008719,0,NONE,NONE
TXN_010603,0,NONE,NONE
TXN_001713,0,NONE,NONE
TXN_011841,0,NONE,NONE
TXN_012437,1,MERCHANT,UNUSUAL_MERCHANT
TXN_006104,0,NONE,NONE
TXN_012482,0,NONE,NONE
TXN_008826,0,NONE,NONE
TXN_001211,0,NONE,NONE
TXN_009996,0,NONE,NONE
TXN_011272,1,NETWORK,SHARED_DEVICE
TXN_000079,0,NONE,NONE
TXN_006089,1,BEHAVIORAL,SPENDING_PATTERN_SHIFT
TXN_000668,0,NONE,NONE
TXN_006634,0,NONE,NONE
TXN_002479,1,GEOGRAPHIC,IMPOSSIBLE_TRAVEL
TXN_006032,0,NONE,NONE
TXN_004486,0,NONE,NONE
TXN_009847,0,NONE,NONE
TXN_004793,0,NONE,NONE
TXN_013209,0,NONE,NONE
TXN_009809,0,NONE,NONE
TXN_008313,0,NONE,NONE
TXN_006544,0,NONE,NONE
TXN_007715,0,NONE,NONE
TXN_001439,0,NONE,NONE
TXN_011419,0,NONE,NONE
TXN_008987,0,NONE,NONE
TXN_014343,0,NONE,NONE
TXN_006580,0,NONE,NONE
TXN_008348,0,NONE,NONE
TXN_006497,0,NONE,NONE
TXN_012349,0,NONE,NONE
TXN_008639,1,MERCHANT,UNUSUAL_MERCHANT
TXN_011585,0,NONE,NONE
TXN_001422,0,NONE,NONE
TXN_004072,0,NONE,NONE
TXN_009542,0,NONE,NONE
TXN_000817,0,NONE,NONE
TXN_001446,0,NONE,NONE
TXN_001566,0,NONE,NONE
TXN_011696,0,NONE,NONE
TXN_003937,0,NONE,NONE
TXN_008031,1,GEOGRAPHIC,IMPOSSIBLE_TRAVEL
TXN_001679,0,NONE,NONE
TXN_013330,1,GEOGRAPHIC,IMPOSSIBLE_TRAVEL
TXN_005881,0,NONE,NONE
TXN_007610,1,GEOGRAPHIC,IMPOSSIBLE_TRAVEL
TXN_010226,0,NONE,NONE
TXN_009415,0,NONE,NONE
TXN_006132,0,NONE,NONE
TXN_002987,0,NONE,NONE
TXN_001699,0,NONE,NONE
TXN_010662,1,AMOUNT_ANOMALY,SUDDEN_HIGH_VALUE
TXN_012041,0,NONE,NONE
TXN_006870,0,NONE,NONE
TXN_011719,0,NONE,NONE
TXN_007877,0,NONE,NONE
TXN_002551,0,NONE,NONE
TXN_008246,1,NETWORK,SHARED_DEVICE
TXN_009392,0,NONE,NONE
TXN_000394,0,NONE,NONE
TXN_003686,0,NONE,NONE
TXN_002868,0,NONE,NONE
TXN_009645,0,NONE,NONE
TXN_000536,0,NONE,NONE
TXN_010550,0,NONE,NONE
TXN_001371,0,NONE,NONE
TXN_012226,0,NONE,NONE
TXN_009504,0,NONE,NONE
TXN_013887,0,NONE,NONE
TXN_006354,0,NONE,NONE
TXN_010279,0,NONE,NONE
TXN_013797,0,NONE,NONE
TXN_003647,0,NONE,NONE
TXN_008260,0,NONE,NONE
TXN_009642,0,NONE,NONE
TXN_007555,0,NONE,NONE
TXN_007543,0,NONE,NONE
TXN_007260,0,NONE,NONE
TXN_009126,0,NONE,NONE
TXN_014144,0,NONE,NONE
TXN_008535,0,NONE,NONE
TXN_008476,0,NONE,NONE
TXN_013338,0,NONE,NONE
TXN_012669,0,NONE,NONE
TXN_004484,0,NONE,NONE
TXN_001192,0,NONE,NONE
TXN_014319,0,NONE,NONE
TXN_010466,0,NONE,NONE
TXN_010128,0,NONE,NONE
TXN_013787,0,NONE,NONE
TXN_012852,0,NONE,NONE
TXN_003427,0,NONE,NONE
TXN_001127,0,NONE,NONE
TXN_004333,0,NONE,NONE
TXN_009109,0,NONE,NONE
TXN_005049,0,NONE,NONE
TXN_011077,0,NONE,NONE
TXN_002611,0,NONE,NONE
TXN_014935,0,NONE,NONE
TXN_007400,0,NONE,NONE
TXN_014981,0,NONE,NONE
TXN_003529,0,NONE,NONE
TXN_002599,0,NONE,NONE
TXN_003869,0,NONE,NONE
TXN_009062,0,NONE,NONE
TXN_012999,0,NONE,NONE
TXN_006485,0,NONE,NONE
TXN_012189,0,NONE,NONE
TXN_012105,0,NONE,NONE
TXN_013355,0,NONE,NONE
TXN_012516,0,NONE,NONE
TXN_003347,0,NONE,NONE
TXN_002731,0,NONE,NONE
TXN_004081,0,NONE,NONE
TXN_004046,0,NONE,NONE
TXN_010302,0,NONE,NONE
TXN_000984,0,NONE,NONE
TXN_002407,0,NONE,NONE
TXN_014642,0,NONE,NONE
TXN_005796,0,NONE,NONE
TXN_004053,1,BEHAVIORAL,SPENDING_PATTERN_SHIFT
TXN_002141,0,NONE,NONE
TXN_008900,0,NONE,NONE
TXN_005803,1,VELOCITY,RAPID_TRANSACTIONS
TXN_006642,0,NONE,NONE
TXN_001503,1,AMOUNT_ANOMALY,SUDDEN_HIGH_VALUE
TXN_007840,0,NONE,NONE
TXN_001110,0,NONE,NONE
TXN_014632,1,CARD_TESTING,MICRO_TRANSACTIONS
TXN_009216,0,NONE,NONE
TXN_004809,0,NONE,NONE
TXN_001763,0,NONE,NONE
TXN_002608,0,NONE,NONE
TXN_000644,0,NONE,NONE
TXN_007643,0,NONE,NONE
TXN_010066,0,NONE,NONE
TXN_002905,0,NONE,NONE
TXN_001957,0,NONE,NONE
TXN_004692,0,NONE,NONE
TXN_012937,0,NONE,NONE
TXN_008603,0,NONE,NONE
TXN_009918,0,NONE,NONE
TXN_009139,0,NONE,NONE
TXN_011438,0,NONE,NONE
TXN_001562,1,BEHAVIORAL,SPENDING_PATTERN_SHIFT
TXN_001320,0,NONE,NONE
TXN_012846,0,NONE,NONE
TXN_005115,0,NONE,NONE
TXN_009396,0,NONE,NONE
TXN_010372,0,NONE,NONE
TXN_002701,1,BEHAVIORAL,SPENDING_PATTERN_SHIFT
TXN_006073,0,NONE,NONE
TXN_002025,0,NONE,NONE
TXN_013390,0,NONE,NONE
TXN_001342,1,GEOGRAPHIC,IMPOSSIBLE_TRAVEL
TXN_006753,0,NONE,NONE
TXN_008180,1,VELOCITY,RAPID_TRANSACTIONS
TXN_003434,0,NONE,NONE
TXN_012602,0,NONE,NONE
TXN_006947,0,NONE,NONE
TXN_006976,0,NONE,NONE
TXN_009696,0,NONE,NONE
TXN_005385,0,NONE,NONE
TXN_002197,1,AMOUNT_ANOMALY,SUDDEN_HIGH_VALUE
TXN_005847,0,NONE,NONE
TXN_002500,0,NONE,NONE
TXN_002078,0,NONE,NONE
TXN_005034,0,NONE,NONE
TXN_014575,1,AMOUNT_ANOMALY,SUDDEN_HIGH_VALUE
TXN_000542,0,NONE,NONE
TXN_009610,0,NONE,NONE
TXN_011175,0,NONE,NONE
TXN_004735,0,NONE,NONE
TXN_007581,0,NONE,NONE
TXN_008543,0,NONE,NONE
TXN_001060,0,NONE,NONE
TXN_000040,0,NONE,NONE
TXN_005607,0,NONE,NONE
TXN_003385,0,NONE,NONE
TXN_006661,0,NONE,NONE
TXN_000617,0,NONE,NONE
TXN_006127,0,NONE,NONE
TXN_006562,0,NONE,NONE
TXN_001048,0,NONE,NONE
TXN_002848,1,VELOCITY,RAPID_TRANSACTIONS
TXN_004582,0,NONE,NONE
TXN_005166,0,NONE,NONE
TXN_014626,0,NONE,NONE
TXN_002285,1,GEOGRAPHIC,IMPOSSIBLE_TRAVEL
TXN_006884,0,NONE,NONE
TXN_012597,0,NONE,NONE
TXN_014790,0,NONE,NONE
TXN_007908,0,NONE,NONE
TXN_009816,0,NONE,NONE
TXN_011477,0,NONE,NONE
TXN_013161,0,NONE,NONE
TXN_002344,0,NONE,NONE
TXN_006630,0,NONE,NONE
TXN_008442,0,NONE,NONE
TXN_006997,0,NONE,NONE
TXN_012684,0,NONE,NONE
TXN_014256,0,NONE,NONE
TXN_013179,0,NONE,NONE
TXN_006398,0,NONE,NONE
TXN_000519,0,NONE,NONE
TXN_011691,0,NONE,NONE
TXN_009999,0,NONE,NONE
TXN_007669,0,NONE,NONE
TXN_000880,0,NONE,NONE
TXN_003555,0,NONE,NONE
TXN_009914,0,NONE,NONE
TXN_006288,0,NONE,NONE
TXN_001146,0,NONE,NONE
TXN_012943,0,NONE,NONE
TXN_002291,0,NONE,NONE
TXN_003452,0,NONE,NONE
TXN_003634,0,NONE,NONE
TXN_002252,0,NONE,NONE
TXN_003078,0,NONE,NONE
TXN_001600,0,NONE,NONE
TXN_009939,0,NONE,NONE
TXN_006818,0,NONE,NONE
TXN_006445,0,NONE,NONE
TXN_006511,0,NONE,NONE
TXN_001817,1,NETWORK,SHARED_DEVICE
TXN_007018,0,NONE,NONE
TXN_014159,1,MERCHANT,UNUSUAL_MERCHANT
TXN_002880,1,MERCHANT,UNUSUAL_MERCHANT
TXN_005694,1,VELOCITY,RAPID_TRANSACTIONS
TXN_004443,0,NONE,NONE
TXN_004366,0,NONE,NONE
TXN_001184,0,NONE,NONE
TXN_007812,0,NONE,NONE
TXN_013107,0,NONE,NONE
TXN_010756,0,NONE,NONE
TXN_010056,0,NONE,NONE
TXN_013321,0,NONE,NONE
TXN_009904,0,NONE,NONE
TXN_014458,0,NONE,NONE
TXN_005632,0,NONE,NONE
TXN_003892,0,NONE,NONE
TXN_004062,0,NONE,NONE
TXN_000514,0,NONE,NONE
TXN_013342,0,NONE,NONE
TXN_005717,0,NONE,NONE
TXN_007993,0,NONE,NONE
TXN_008589,1,TIME_ANOMALY,UNUSUAL_HOUR
TXN_008379,0,NONE,NONE
TXN_011348,0,NONE,NONE
TXN_001330,0,NONE,NONE
TXN_012159,0,NONE,NONE
TXN_002163,1,TIME_ANOMALY,UNUSUAL_HOUR
TXN_008708,0,NONE,NONE
TXN_009254,0,NONE,NONE
TXN_005096,0,NONE,NONE
TXN_012503,0,NONE,NONE
TXN_009856,0,NONE,NONE
TXN_003806,0,NONE,NONE
TXN_013464,0,NONE,NONE
TXN_008534,0,NONE,NONE
TXN_013007,0,NONE,NONE
TXN_012805,0,NONE,NONE
TXN_011457,0,NONE,NONE
TXN_009303,0,NONE,NONE
TXN_013621,0,NONE,NONE
TXN_006687,0,NONE,NONE
TXN_009920,0,NONE,NONE
TXN_008025,0,NONE,NONE
TXN_002093,0,NONE,NONE
TXN_008567,0,NONE,NONE
TXN_012766,0,NONE,NONE
TXN_009367,1,SEQUENTIAL,MICRO_TO_LARGE_ESCALATION
TXN_001014,0,NONE,NONE
TXN_005060,0,NONE,NONE
TXN_005600,0,NONE,NONE
TXN_004143,0,NONE,NONE
TXN_004846,0,NONE,NONE
TXN_014635,0,NONE,NONE
TXN_013586,0,NONE,NONE
TXN_000390,0,NONE,NONE
TXN_004003,0,NONE,NONE
TXN_010817,0,NONE,NONE
TXN_002063,0,NONE,NONE
TXN_004252,1,GEOGRAPHIC,IMPOSSIBLE_TRAVEL
TXN_003279,0,NONE,NONE
TXN_011490,0,NONE,NONE
TXN_002006,0,NONE,NONE
TXN_003479,0,NONE,NONE
TXN_005339,0,NONE,NONE
TXN_014452,0,NONE,NONE
TXN_006451,0,NONE,NONE
TXN_003532,0,NONE,NONE
TXN_008297,0,NONE,NONE
TXN_008788,0,NONE,NONE
TXN_014446,0,NONE,NONE
TXN_003049,0,NONE,NONE
TXN_002518,0,NONE,NONE
TXN_012006,0,NONE,NONE
TXN_010140,1,AMOUNT_ANOMALY,SUDDEN_HIGH_VALUE
TXN_003167,0,NONE,NONE
TXN_001466,0,NONE,NONE
TXN_004067,0,NONE,NONE
TXN_004188,0,NONE,NONE
TXN_005353,0,NONE,NONE
TXN_003598,0,NONE,NONE
TXN_011032,1,NETWORK,SHARED_DEVICE
TXN_007307,0,NONE,NONE
TXN_002137,1,GEOGRAPHIC,IMPOSSIBLE_TRAVEL
TXN_002983,0,NONE,NONE
TXN_011673,1,MERCHANT,UNUSUAL_MERCHANT
TXN_001331,0,NONE,NONE
TXN_009729,0,NONE,NONE
TXN_004991,0,NONE,NONE
TXN_004079,0,NONE,NONE
TXN_004398,0,NONE,NONE
TXN_002743,0,NONE,NONE
TXN_003696,0,NONE,NONE
TXN_004042,0,NONE,NONE
TXN_005278,0,NONE,NONE
TXN_001610,0,NONE,NONE
TXN_011912,0,NONE,NONE
TXN_002941,0,NONE,NONE
TXN_010886,0,NONE,NONE
TXN_008473,0,NONE,NONE
TXN_013152,0,NONE,NONE
TXN_000195,0,NONE,NONE
TXN_001823,0,NONE,NONE
TXN_008004,0,NONE,NONE
TXN_012719,0,NONE,NONE
TXN_001916,0,NONE,NONE
TXN_001935,0,NONE,NONE
TXN_002320,0,NONE,NONE
TXN_003963,0,NONE,NONE
TXN_009627,0,NONE,NONE
TXN_007909,0,NONE,NONE
TXN_002391,1,GEOGRAPHIC,IMPOSSIBLE_TRAVEL
TXN_013276,0,NONE,NONE
TXN_001951,0,NONE,NONE
TXN_013601,0,NONE,NONE
TXN_014830,0,NONE,NONE
TXN_011705,1,DEVICE,NEW_DEVICE
TXN_011498,0,NONE,NONE
TXN_010228,0,NONE,NONE
TXN_001580,0,NONE,NONE
TXN_008882,0,NONE,NONE
TXN_011243,0,NONE,NONE
TXN_007871,0,NONE,NONE
TXN_004837,1,BEHAVIORAL,SPENDING_PATTERN_SHIFT
TXN_008173,0,NONE,NONE
TXN_003762,0,NONE,NONE
TXN_005074,0,NONE,NONE
TXN_007641,0,NONE,NONE
TXN_003599,0,NONE,NONE
TXN_010469,0,NONE,NONE
TXN_004458,0,NONE,NONE
TXN_008601,0,NONE,NONE
TXN_012381,0,NONE,NONE
TXN_005406,0,NONE,NONE
TXN_012219,0,NONE,NONE
TXN_009208,0,NONE,NONE
TXN_014034,0,NONE,NONE
TXN_005508,0,NONE,NONE
TXN_014598,0,NONE,NONE
TXN_000861,0,NONE,NONE
TXN_014279,0,NONE,NONE
TXN_006221,0,NONE,NONE
TXN_001923,0,NONE,NONE
TXN_001496,0,NONE,NONE
TXN_013738,0,NONE,NONE
TXN_000378,1,CARD_TESTING,MICRO_TRANSACTIONS
TXN_000709,0,NONE,NONE
TXN_011431,0,NONE,NONE
TXN_011279,0,NONE,NONE
TXN_010725,0,NONE,NONE
TXN_013873,0,NONE,NONE
TXN_007026,0,NONE,NONE
TXN_004416,1,SEQUENTIAL,MICRO_TO_LARGE_ESCALATION
TXN_003961,0,NONE,NONE
TXN_011072,0,NONE,NONE
TXN_009283,0,NONE,NONE
TXN_013634,1,SEQUENTIAL,MICRO_TO_LARGE_ESCALATION
TXN_004881,0,NONE,NONE
TXN_008972,0,NONE,NONE
TXN_007879,0,NONE,NONE
TXN_008507,0,NONE,NONE
TXN_000774,0,NONE,NONE
TXN_002588,0,NONE,NONE
TXN_003668,0,NONE,NONE
TXN_005597,0,NONE,NONE
TXN_002931,0,NONE,NONE
TXN_000423,0,NONE,NONE
TXN_013906,0,NONE,NONE
TXN_014503,0,NONE,NONE
TXN_007668,0,NONE,NONE
TXN_004844,0,NONE,NONE
TXN_008804,0,NONE,NONE
TXN_006739,0,NONE,NONE
TXN_000193,0,NONE,NONE
TXN_012245,0,NONE,NONE
TXN_008461,0,NONE,NONE
TXN_012674,1,DEVICE,NEW_DEVICE
TXN_007545,0,NONE,NONE
TXN_013392,0,NONE,NONE
TXN_003896,0,NONE,NONE
TXN_009217,1,NETWORK,SHARED_DEVICE
TXN_004903,0,NONE,NONE
TXN_009196,0,NONE,NONE
TXN_009536,1,NETWORK,SHARED_DEVICE
TXN_005675,0,NONE,NONE
TXN_014957,0,NONE,NONE
TXN_013740,0,NONE,NONE
TXN_001270,0,NONE,NONE
TXN_005380,0,NONE,NONE
TXN_001771,0,NONE,NONE
TXN_000866,0,NONE,NONE
TXN_005490,0,NONE,NONE
TXN_004428,0,NONE,NONE
TXN_003631,0,NONE,NONE
TXN_013379,0,NONE,NONE
TXN_004999,0,NONE,NONE
TXN_001109,0,NONE,NONE
TXN_011041,0,NONE,NONE
TXN_007907,0,NONE,NONE
TXN_010062,0,NONE,NONE
TXN_005457,0,NONE,NONE
TXN_001604,0,NONE,NONE
TXN_011995,1,GEOGRAPHIC,IMPOSSIBLE_TRAVEL
TXN_010489,0,NONE,NONE
TXN_003540,0,NONE,NONE
TXN_009513,1,BEHAVIORAL,SPENDING_PATTERN_SHIFT
TXN_008424,0,NONE,NONE
TXN_005670,0,NONE,NONE
TXN_009306,0,NONE,NONE
TXN_002427,0,NONE,NONE
TXN_009726,0,NONE,NONE
TXN_005144,0,NONE,NONE
TXN_012480,0,NONE,NONE
TXN_006975,0,NONE,NONE
TXN_010404,0,NONE,NONE
TXN_006955,1,DEVICE,NEW_DEVICE
TXN_001340,0,NONE,NONE
TXN_006143,1,TIME_ANOMALY,UNUSUAL_HOUR
TXN_003638,0,NONE,NONE
TXN_005171,0,NONE,NONE
TXN_009195,0,NONE,NONE
TXN_002907,0,NONE,NONE
TXN_013052,0,NONE,NONE
TXN_001700,0,NONE,NONE
TXN_005283,0,NONE,NONE
TXN_000738,0,NONE,NONE
TXN_008043,0,NONE,NONE
TXN_005800,0,NONE,NONE
TXN_000317,0,NONE,NONE
TXN_003534,1,BEHAVIORAL,SPENDING_PATTERN_SHIFT
TXN_008321,0,NONE,NONE
TXN_014977,0,NONE,NONE
TXN_001345,0,NONE,NONE
TXN_009695,0,NONE,NONE
TXN_010529,0,NONE,NONE
TXN_010527,0,NONE,NONE
TXN_012185,0,NONE,NONE
TXN_001915,0,NONE,NONE
TXN_006418,0,NONE,NONE
TXN_014112,0,NONE,NONE
TXN_012875,0,NONE,NONE
TXN_007172,0,NONE,NONE
TXN_008154,0,NONE,NONE
TXN_013447,0,NONE,NONE
TXN_014377,0,NONE,NONE
TXN_009582,0,NONE,NONE
TXN_014155,0,NONE,NONE
TXN_013522,0,NONE,NONE
TXN_001103,0,NONE,NONE
TXN_012575,0,NONE,NONE
TXN_013643,0,NONE,NONE
TXN_004165,0,NONE,NONE
TXN_008914,0,NONE,NONE
TXN_005248,0,NONE,NONE
TXN_010349,0,NONE,NONE
TXN_006585,0,NONE,NONE
TXN_012016,0,NONE,NONE
TXN_011452,0,NONE,NONE
TXN_004118,0,NONE,NONE
TXN_000462,0,NONE,NONE
TXN_009476,0,NONE,NONE
TXN_014438,0,NONE,NONE
TXN_012331,0,NONE,NONE
TXN_014794,1,NETWORK,SHARED_DEVICE
TXN_005657,0,NONE,NONE
TXN_003530,0,NONE,NONE
TXN_013131,0,NONE,NONE
TXN_011652,0,NONE,NONE
TXN_009617,0,NONE,NONE
TXN_005799,0,NONE,NONE
TXN_012313,0,NONE,NONE
TXN_009431,0,NONE,NONE
TXN_003335,0,NONE,NONE
TXN_008209,0,NONE,NONE
TXN_005669,0,NONE,NONE
TXN_006998,0,NONE,NONE
TXN_011421,0,NONE,NONE
TXN_011790,0,NONE,NONE
TXN_013278,0,NONE,NONE
TXN_002644,0,NONE,NONE
TXN_011650,1,TIME_ANOMALY,UNUSUAL_HOUR
TXN_010858,0,NONE,NONE
TXN_006357,0,NONE,NONE
TXN_014411,0,NONE,NONE
TXN_007523,0,NONE,NONE
TXN_001022,0,NONE,NONE
TXN_006331,0,NONE,NONE
TXN_007055,0,NONE,NONE
TXN_001224,0,NONE,NONE
TXN_005599,0,NONE,NONE
TXN_014613,1,GEOGRAPHIC,IMPOSSIBLE_TRAVEL
TXN_005932,0,NONE,NONE
TXN_011046,0,NONE,NONE
TXN_003152,0,NONE,NONE
TXN_003417,0,NONE,NONE
TXN_008624,0,NONE,NONE
TXN_007503,0,NONE,NONE
TXN_001062,0,NONE,NONE
TXN_011989,0,NONE,NONE
TXN_007738,0,NONE,NONE
TXN_006452,0,NONE,NONE
TXN_002032,0,NONE,NONE
TXN_001324,0,NONE,NONE
TXN_013719,0,NONE,NONE
TXN_008003,0,NONE,NONE
TXN_012386,0,NONE,NONE
TXN_013182,0,NONE,NONE
TXN_002741,0,NONE,NONE
TXN_011354,0,NONE,NONE
TXN_003709,0,NONE,NONE
TXN_006647,0,NONE,NONE
TXN_006799,0,NONE,NONE
TXN_011373,1,MERCHANT,UNUSUAL_MERCHANT
TXN_014303,0,NONE,NONE
TXN_010443,0,NONE,NONE
TXN_009871,0,NONE,NONE
TXN_000424,0,NONE,NONE
TXN_001199,0,NONE,NONE
TXN_003465,0,NONE,NONE
TXN_006228,0,NONE,NONE
TXN_004653,0,NONE,NONE
TXN_009683,0,NONE,NONE
TXN_011187,0,NONE,NONE
TXN_009318,0,NONE,NONE
TXN_005995,0,NONE,NONE
TXN_011688,0,NONE,NONE
TXN_000418,0,NONE,NONE
TXN_001989,0,NONE,NONE
TXN_005940,0,NONE,NONE
TXN_005745,0,NONE,NONE
TXN_001187,0,NONE,NONE
TXN_005083,0,NONE,NONE
TXN_011885,0,NONE,NONE
TXN_006158,0,NONE,NONE
TXN_004468,0,NONE,NONE
TXN_005142,0,NONE,NONE
TXN_005757,0,NONE,NONE
TXN_005767,0,NONE,NONE
TXN_004753,0,NONE,NONE
TXN_011118,0,NONE,NONE
TXN_002879,0,NONE,NONE
TXN_007501,0,NONE,NONE
TXN_004032,1,GEOGRAPHIC,IMPOSSIBLE_TRAVEL
TXN_011828,0,NONE,NONE
TXN_012992,0,NONE,NONE
TXN_001068,0,NONE,NONE
TXN_006369,0,NONE,NONE
TXN_002587,0,NONE,NONE
TXN_010098,0,NONE,NONE
TXN_003179,0,NONE,NONE
TXN_002564,0,NONE,NONE
TXN_009860,0,NONE,NONE
TXN_012121,0,NONE,NONE
TXN_014286,0,NONE,NONE
TXN_007244,0,NONE,NONE
TXN_005450,0,NONE,NONE
TXN_014869,0,NONE,NONE
TXN_003810,0,NONE,NONE
TXN_012690,0,NONE,NONE
TXN_012122,0,NONE,NONE
TXN_004319,0,NONE,NONE
TXN_005192,0,NONE,NONE
TXN_011443,0,NONE,NONE
TXN_011164,0,NONE,NONE
TXN_011336,0,NONE,NONE
TXN_002088,0,NONE,NONE
TXN_006695,0,NONE,NONE
TXN_014996,1,AMOUNT_ANOMALY,SUDDEN_HIGH_VALUE
TXN_011905,0,NONE,NONE
TXN_004984,0,NONE,NONE
TXN_000974,0,NONE,NONE
TXN_010335,0,NONE,NONE
TXN_001838,0,NONE,NONE
TXN_002374,0,NONE,NONE
TXN_010029,0,NONE,NONE
TXN_008833,0,NONE,NONE
TXN_008942,0,NONE,NONE
TXN_010105,0,NONE,NONE
TXN_013093,0,NONE,NONE
TXN_004810,0,NONE,NONE
TXN_013429,1,MERCHANT,UNUSUAL_MERCHANT
TXN_013257,1,CARD_TESTING,MICRO_TRANSACTIONS
TXN_010377,0,NONE,NONE
TXN_004619,0,NONE,NONE
TXN_013503,0,NONE,NONE
TXN_007162,0,NONE,NONE
TXN_014657,0,NONE,NONE
TXN_000905,0,NONE,NONE
TXN_011178,0,NONE,NONE
TXN_011056,0,NONE,NONE
TXN_001895,1,GEOGRAPHIC,IMPOSSIBLE_TRAVEL
TXN_003215,0,NONE,NONE
TXN_010838,0,NONE,NONE
TXN_001094,0,NONE,NONE
TXN_009551,0,NONE,NONE
TXN_001569,0,NONE,NONE
TXN_013169,0,NONE,NONE
TXN_005395,0,NONE,NONE
TXN_001831,0,NONE,NONE
TXN_007753,0,NONE,NONE
TXN_000133,1,TIME_ANOMALY,UNUSUAL_HOUR
TXN_014352,0,NONE,NONE
TXN_002914,0,NONE,NONE
TXN_000409,0,NONE,NONE
TXN_006826,0,NONE,NONE
TXN_005552,0,NONE,NONE
TXN_002801,0,NONE,NONE
TXN_001800,0,NONE,NONE
TXN_002007,0,NONE,NONE
TXN_003249,0,NONE,NONE
TXN_011447,1,MERCHANT,UNUSUAL_MERCHANT
TXN_010719,0,NONE,NONE
TXN_002330,0,NONE,NONE
TXN_006766,1,GEOGRAPHIC,IMPOSSIBLE_TRAVEL
TXN_004130,1,TIME_ANOMALY,UNUSUAL_HOUR
TXN_009456,0,NONE,NONE
TXN_001505,0,NONE,NONE
TXN_004962,0,NONE,NONE
TXN_010670,0,NONE,NONE
TXN_001387,0,NONE,NONE
TXN_008073,0,NONE,NONE
TXN_013456,0,NONE,NONE
TXN_005373,0,NONE,NONE
TXN_000084,0,NONE,NONE
TXN_000799,0,NONE,NONE
TXN_003645,1,VELOCITY,RAPID_TRANSACTIONS
TXN_000021,0,NONE,NONE
TXN_009132,0,NONE,NONE
TXN_004144,0,NONE,NONE
TXN_007495,0,NONE,NONE
TXN_006193,1,SEQUENTIAL,MICRO_TO_LARGE_ESCALATION
TXN_011142,0,NONE,NONE
TXN_008796,0,NONE,NONE
TXN_006531,0,NONE,NONE
TXN_002333,0,NONE,NONE
TXN_009444,0,NONE,NONE
TXN_007292,0,NONE,NONE
TXN_005345,0,NONE,NONE
TXN_012209,0,NONE,NONE
TXN_007265,0,NONE,NONE
TXN_002027,0,NONE,NONE
TXN_013055,1,BEHAVIORAL,SPENDING_PATTERN_SHIFT
TXN_009599,0,NONE,NONE
TXN_003938,0,NONE,NONE
TXN_010413,0,NONE,NONE
TXN_005344,0,NONE,NONE
TXN_011931,0,NONE,NONE
TXN_013927,0,NONE,NONE
TXN_011047,0,NONE,NONE
TXN_014707,0,NONE,NONE
TXN_006577,0,NONE,NONE
TXN_007060,0,NONE,NONE
TXN_007168,1,SEQUENTIAL,MICRO_TO_LARGE_ESCALATION
TXN_006584,0,NONE,NONE
TXN_001078,0,NONE,NONE
TXN_007912,0,NONE,NONE
TXN_009915,0,NONE,NONE
TXN_000697,0,NONE,NONE
TXN_002568,1,VELOCITY,RAPID_TRANSACTIONS
TXN_002508,0,NONE,NONE
TXN_006712,0,NONE,NONE
TXN_012735,0,NONE,NONE
TXN_002985,0,NONE,NONE
TXN_008729,0,NONE,NONE
TXN_008687,0,NONE,NONE
TXN_010050,0,NONE,NONE
TXN_003824,0,NONE,NONE
TXN_005251,0,NONE,NONE
TXN_004354,0,NONE,NONE
TXN_005321,0,NONE,NONE
TXN_011583,0,NONE,NONE
TXN_002146,0,NONE,NONE
TXN_002839,0,NONE,NONE
TXN_008932,0,NONE,NONE
TXN_002397,0,NONE,NONE
TXN_003007,0,NONE,NONE
TXN_003554,0,NONE,NONE
TXN_002813,0,NONE,NONE
TXN_002308,0,NONE,NONE
TXN_010222,0,NONE,NONE
TXN_005073,0,NONE,NONE
TXN_006917,0,NONE,NONE
TXN_013502,0,NONE,NONE
TXN_002100,0,NONE,NONE
TXN_003176,0,NONE,NONE
TXN_001135,0,NONE,NONE
TXN_012512,0,NONE,NONE
TXN_012953,0,NONE,NONE
TXN_000890,0,NONE,NONE
TXN_000551,0,NONE,NONE
TXN_000826,0,NONE,NONE
TXN_003880,0,NONE,NONE
TXN_011906,0,NONE,NONE
TXN_007709,0,NONE,NONE
TXN_008289,0,NONE,NONE
TXN_006059,0,NONE,NONE
TXN_011451,0,NONE,NONE
TXN_005052,0,NONE,NONE
TXN_007821,0,NONE,NONE
TXN_009741,0,NONE,NONE
TXN_012257,0,NONE,NONE
TXN_005608,0,NONE,NONE
TXN_001136,0,NONE,NONE
TXN_001326,0,NONE,NONE
TXN_008845,0,NONE,NONE
TXN_003538,0,NONE,NONE
TXN_006828,0,NONE,NONE
TXN_012556,0,NONE,NONE
TXN_012491,0,NONE,NONE
TXN_008240,0,NONE,NONE
TXN_005029,0,NONE,NONE
TXN_005102,0,NONE,NONE
TXN_001336,1,SEQUENTIAL,MICRO_TO_LARGE_ESCALATION
TXN_012154,0,NONE,NONE
TXN_008927,0,NONE,NONE
TXN_005623,0,NONE,NONE
TXN_007153,0,NONE,NONE
TXN_000448,1,GEOGRAPHIC,IMPOSSIBLE_TRAVEL
TXN_012625,1,NETWORK,SHARED_DEVICE
TXN_000878,1,TIME_ANOMALY,UNUSUAL_HOUR
TXN_010069,0,NONE,NONE
TXN_014441,0,NONE,NONE
TXN_002542,1,TIME_ANOMALY,UNUSUAL_HOUR
TXN_014433,0,NONE,NONE
TXN_007757,0,NONE,NONE
TXN_013713,0,NONE,NONE
TXN_011637,0,NONE,NONE
TXN_012407,0,NONE,NONE
TXN_004132,0,NONE,NONE
TXN_010363,0,NONE,NONE
TXN_005223,0,NONE,NONE
TXN_003784,0,NONE,NONE
TXN_011519,0,NONE,NONE
TXN_009160,0,NONE,NONE
TXN_011418,0,NONE,NONE
TXN_005419,0,NONE,NONE
TXN_001995,0,NONE,NONE
TXN_006869,0,NONE,NONE
TXN_006543,0,NONE,NONE
TXN_004893,0,NONE,NONE
TXN_011167,0,NONE,NONE
TXN_010112,0,NONE,NONE
TXN_007347,1,VELOCITY,RAPID_TRANSACTIONS
TXN_009799,0,NONE,NONE
TXN_009039,0,NONE,NONE
TXN_003256,0,NONE,NONE
TXN_006932,1,DEVICE,NEW_DEVICE
TXN_013658,1,SEQUENTIAL,MICRO_TO_LARGE_ESCALATION
TXN_012377,0,NONE,NONE
TXN_005715,0,NONE,NONE
TXN_011086,0,NONE,NONE
TXN_009515,0,NONE,NONE
TXN_004660,0,NONE,NONE
TXN_000676,0,NONE,NONE
TXN_007352,0,NONE,NONE
TXN_008460,0,NONE,NONE
TXN_005260,0,NONE,NONE
TXN_006341,0,NONE,NONE
TXN_000757,0,NONE,NONE
TXN_005259,0,NONE,NONE
TXN_006250,0,NONE,NONE
TXN_010869,0,NONE,NONE
TXN_008494,0,NONE,NONE
TXN_011990,0,NONE,NONE
TXN_010267,0,NONE,NONE
TXN_003250,0,NONE,NONE
TXN_014176,1,SEQUENTIAL,MICRO_TO_LARGE_ESCALATION
TXN_011017,0,NONE,NONE
TXN_009700,0,NONE,NONE
TXN_003123,0,NONE,NONE
TXN_012555,0,NONE,NONE
TXN_009579,0,NONE,NONE
TXN_010113,1,AMOUNT_ANOMALY,SUDDEN_HIGH_VALUE
TXN_001874,0,NONE,NONE
TXN_004549,0,NONE,NONE
TXN_010137,0,NONE,NONE
TXN_007888,1,VELOCITY,RAPID_TRANSACTIONS
TXN_002425,0,NONE,NONE
TXN_006225,0,NONE,NONE
TXN_011271,0,NONE,NONE
TXN_007210,0,NONE,NONE
TXN_014807,0,NONE,NONE
TXN_002135,0,NONE,NONE
TXN_007721,0,NONE,NONE
TXN_003610,0,NONE,NONE
TXN_007088,1,AMOUNT_ANOMALY,SUDDEN_HIGH_VALUE
TXN_002733,1,GEOGRAPHIC,IMPOSSIBLE_TRAVEL
TXN_008915,0,NONE,NONE
TXN_003786,0,NONE,NONE
TXN_014824,0,NONE,NONE
TXN_002162,0,NONE,NONE
TXN_009535,0,NONE,NONE
TXN_014472,0,NONE,NONE
TXN_001678,0,NONE,NONE
TXN_011363,0,NONE,NONE
TXN_012560,0,NONE,NONE
TXN_006380,0,NONE,NONE
TXN_002990,0,NONE,NONE
TXN_014336,0,NONE,NONE
TXN_011780,0,NONE,NONE
TXN_014212,0,NONE,NONE
TXN_008961,0,NONE,NONE
TXN_007305,0,NONE,NONE
TXN_009240,0,NONE,NONE
TXN_013190,0,NONE,NONE
TXN_003027,0,NONE,NONE
TXN_006467,0,NONE,NONE
TXN_004169,0,NONE,NONE
TXN_008798,0,NONE,NONE
TXN_010239,0,NONE,NONE
TXN_005170,0,NONE,NONE
TXN_014251,0,NONE,NONE
TXN_011649,0,NONE,NONE
TXN_006140,0,NONE,NONE
TXN_009711,1,AMOUNT_ANOMALY,SUDDEN_HIGH_VALUE
TXN_002030,0,NONE,NONE
TXN_003691,0,NONE,NONE
TXN_002139,0,NONE,NONE
TXN_006388,0,NONE,NONE
TXN_010822,0,NONE,NONE
TXN_010634,0,NONE,NONE
TXN_010878,0,NONE,NONE
TXN_002144,0,NONE,NONE
TXN_008812,0,NONE,NONE
TXN_000657,0,NONE,NONE
TXN_000534,0,NONE,NONE
TXN_012327,0,NONE,NONE
TXN_004706,0,NONE,NONE
TXN_006268,0,NONE,NONE
TXN_002215,0,NONE,NONE
TXN_009576,0,NONE,NONE
TXN_011015,0,NONE,NONE
TXN_009788,0,NONE,NONE
TXN_013724,0,NONE,NONE
TXN_002529,0,NONE,NONE
TXN_003425,0,NONE,NONE
TXN_012991,0,NONE,NONE
TXN_008384,0,NONE,NONE
TXN_013559,0,NONE,NONE
TXN_011311,0,NONE,NONE
TXN_012862,1,BEHAVIORAL,SPENDING_PATTERN_SHIFT
TXN_011125,0,NONE,NONE
TXN_010147,0,NONE,NONE
TXN_009248,0,NONE,NONE
TXN_004704,0,NONE,NONE
TXN_003749,0,NONE,NONE
TXN_006056,0,NONE,NONE
TXN_012451,0,NONE,NONE
TXN_006662,0,NONE,NONE
TXN_007670,0,NONE,NONE
TXN_009423,0,NONE,NONE
TXN_002035,0,NONE,NONE
TXN_007148,0,NONE,NONE
TXN_005787,0,NONE,NONE
TXN_004080,0,NONE,NONE
TXN_010215,0,NONE,NONE
TXN_002980,0,NONE,NONE
TXN_004745,1,NETWORK,SHARED_DEVICE
TXN_002563,0,NONE,NONE
TXN_014697,1,CARD_TESTING,MICRO_TRANSACTIONS
TXN_008349,0,NONE,NONE
TXN_010705,0,NONE,NONE
TXN_000119,0,NONE,NONE
TXN_000718,0,NONE,NONE
TXN_003520,0,NONE,NONE
TXN_000733,0,NONE,NONE
TXN_000472,0,NONE,NONE
TXN_012254,0,NONE,NONE
TXN_001639,0,NONE,NONE
TXN_010353,0,NONE,NONE
TXN_008862,0,NONE,NONE
TXN_009956,0,NONE,NONE
TXN_002312,0,NONE,NONE
TXN_000087,0,NONE,NONE
TXN_001460,0,NONE,NONE
TXN_014467,0,NONE,NONE
TXN_005017,0,NONE,NONE
TXN_004564,0,NONE,NONE
TXN_008627,0,NONE,NONE
TXN_013268,0,NONE,NONE
TXN_001857,0,NONE,NONE
TXN_007113,0,NONE,NONE
TXN_003373,1,BEHAVIORAL,SPENDING_PATTERN_SHIFT
TXN_002729,0,NONE,NONE
TXN_013709,1,VELOCITY,RAPID_TRANSACTIONS
TXN_013645,0,NONE,NONE
TXN_002161,1,MERCHANT,UNUSUAL_MERCHANT
TXN_010271,0,NONE,NONE
TXN_013614,0,NONE,NONE
TXN_001097,0,NONE,NONE
TXN_009820,0,NONE,NONE
TXN_007648,0,NONE,NONE
TXN_009410,0,NONE,NONE
TXN_014867,0,NONE,NONE
TXN_013380,0,NONE,NONE
TXN_014878,1,SEQUENTIAL,MICRO_TO_LARGE_ESCALATION
TXN_012598,1,VELOCITY,RAPID_TRANSACTIONS
TXN_000526,0,NONE,NONE
TXN_009946,0,NONE,NONE
TXN_013513,0,NONE,NONE
TXN_014984,0,NONE,NONE
TXN_014618,0,NONE,NONE
TXN_011437,1,GEOGRAPHIC,IMPOSSIBLE_TRAVEL
TXN_008636,0,NONE,NONE
TXN_003733,0,NONE,NONE
TXN_009486,0,NONE,NONE
TXN_008469,0,NONE,NONE
TXN_007928,0,NONE,NONE
TXN_001020,0,NONE,NONE
TXN_002687,0,NONE,NONE
TXN_004964,0,NONE,NONE
TXN_009307,1,SEQUENTIAL,MICRO_TO_LARGE_ESCALATION
TXN_005197,0,NONE,NONE
TXN_008803,0,NONE,NONE
TXN_006212,0,NONE,NONE
TXN_006301,0,NONE,NONE
TXN_009251,0,NONE,NONE
TXN_014492,0,NONE,NONE
TXN_010571,0,NONE,NONE
TXN_011547,0,NONE,NONE
TXN_014307,0,NONE,NONE
TXN_002257,0,NONE,NONE
TXN_012462,0,NONE,NONE
TXN_006553,0,NONE,NONE
TXN_003227,0,NONE,NONE
TXN_011621,0,NONE,NONE
TXN_011775,0,NONE,NONE
TXN_001842,0,NONE,NONE
TXN_009692,0,NONE,NONE
TXN_001877,0,NONE,NONE
TXN_006878,0,NONE,NONE
TXN_003461,1,BEHAVIORAL,SPENDING_PATTERN_SHIFT
TXN_011306,0,NONE,NONE
TXN_001013,0,NONE,NONE
TXN_012858,0,NONE,NONE
TXN_012439,0,NONE,NONE
TXN_009825,0,NONE,NONE
TXN_011619,0,NONE,NONE
TXN_014666,0,NONE,NONE
TXN_010304,0,NONE,NONE
TXN_006043,1,AMOUNT_ANOMALY,SUDDEN_HIGH_VALUE
TXN_014818,0,NONE,NONE
TXN_014203,1,NETWORK,SHARED_DEVICE
TXN_003713,0,NONE,NONE
TXN_007329,1,DEVICE,NEW_DEVICE
TXN_010477,0,NONE,NONE
TXN_010589,0,NONE,NONE
TXN_000439,0,NONE,NONE
TXN_007710,1,CARD_TESTING,MICRO_TRANSACTIONS
TXN_002062,0,NONE,NONE
TXN_001642,0,NONE,NONE
TXN_005414,0,NONE,NONE
TXN_011235,1,CARD_TESTING,MICRO_TRANSACTIONS
TXN_001829,0,NONE,NONE
TXN_004596,0,NONE,NONE
TXN_009833,0,NONE,NONE
TXN_001839,0,NONE,NONE
TXN_014700,0,NONE,NONE
TXN_006310,0,NONE,NONE
TXN_003562,0,NONE,NONE
TXN_007435,0,NONE,NONE
TXN_014752,0,NONE,NONE
TXN_004348,0,NONE,NONE
TXN_012025,1,VELOCITY,RAPID_TRANSACTIONS
TXN_005526,0,NONE,NONE
TXN_013374,1,BEHAVIORAL,SPENDING_PATTERN_SHIFT
TXN_008503,0,NONE,NONE
TXN_002259,0,NONE,NONE
TXN_011731,0,NONE,NONE
TXN_014844,0,NONE,NONE
TXN_003735,0,NONE,NONE
TXN_002947,0,NONE,NONE
TXN_012589,0,NONE,NONE
TXN_003180,0,NONE,NONE
TXN_014955,0,NONE,NONE
TXN_003305,0,NONE,NONE
TXN_006924,0,NONE,NONE
TXN_013263,0,NONE,NONE
TXN_004152,0,NONE,NONE
TXN_012229,0,NONE,NONE
TXN_001208,0,NONE,NONE
TXN_008102,0,NONE,NONE
TXN_011843,0,NONE,NONE
TXN_013803,0,NONE,NONE
TXN_006297,0,NONE,NONE
TXN_001328,0,NONE,NONE
TXN_002616,0,NONE,NONE
TXN_014074,0,NONE,NONE
TXN_013068,0,NONE,NONE
TXN_003776,0,NONE,NONE
TXN_004950,0,NONE,NONE
TXN_008865,0,NONE,NONE
TXN_014909,0,NONE,NONE
TXN_013980,0,NONE,NONE
TXN_000435,0,NONE,NONE
TXN_011604,0,NONE,NONE
TXN_013829,0,NONE,NONE
TXN_008690,0,NONE,NONE
TXN_011877,0,NONE,NONE
TXN_003163,0,NONE,NONE
TXN_007727,0,NONE,NONE
TXN_000293,0,NONE,NONE
TXN_011139,0,NONE,NONE
TXN_005277,0,NONE,NONE
TXN_009653,0,NONE,NONE
TXN_011866,0,NONE,NONE
TXN_005522,0,NONE,NONE
TXN_009697,0,NONE,NONE
TXN_011415,0,NONE,NONE
TXN_010169,1,MERCHANT,UNUSUAL_MERCHANT
TXN_009257,0,NONE,NONE
TXN_014698,0,NONE,NONE
TXN_011062,0,NONE,NONE
TXN_011789,0,NONE,NONE
TXN_005988,0,NONE,NONE
TXN_013552,0,NONE,NONE
TXN_014870,0,NONE,NONE
TXN_010358,0,NONE,NONE
TXN_014243,0,NONE,NONE
TXN_012186,0,NONE,NONE
TXN_014391,1,NETWORK,SHARED_DEVICE
TXN_014207,0,NONE,NONE
TXN_009558,0,NONE,NONE
TXN_010162,0,NONE,NONE
TXN_012120,0,NONE,NONE
TXN_007636,0,NONE,NONE
TXN_003583,0,NONE,NONE
TXN_001370,0,NONE,NONE
TXN_003316,0,NONE,NONE
TXN_010541,0,NONE,NONE
TXN_006103,0,NONE,NONE
TXN_000804,0,NONE,NONE
TXN_005501,0,NONE,NONE
TXN_005828,0,NONE,NONE
TXN_004634,1,SEQUENTIAL,MICRO_TO_LARGE_ESCALATION
TXN_014406,0,NONE,NONE
TXN_011449,0,NONE,NONE
TXN_008642,0,NONE,NONE
TXN_002095,0,NONE,NONE
TXN_011444,0,NONE,NONE
TXN_001777,0,NONE,NONE
TXN_003730,0,NONE,NONE
TXN_001223,0,NONE,NONE
TXN_001558,0,NONE,NONE
TXN_002636,0,NONE,NONE
TXN_002936,0,NONE,NONE
TXN_005253,1,GEOGRAPHIC,IMPOSSIBLE_TRAVEL
TXN_010073,0,NONE,NONE
TXN_008218,0,NONE,NONE
TXN_002276,0,NONE,NONE
TXN_014084,0,NONE,NONE
TXN_008606,0,NONE,NONE
TXN_010269,0,NONE,NONE
TXN_003137,0,NONE,NONE
TXN_011064,0,NONE,NONE
TXN_009399,0,NONE,NONE
TXN_004177,0,NONE,NONE
TXN_014189,0,NONE,NONE
TXN_010884,0,NONE,NONE
TXN_005330,0,NONE,NONE
TXN_009344,0,NONE,NONE
TXN_001613,0,NONE,NONE
TXN_008380,0,NONE,NONE
TXN_003958,0,NONE,NONE
TXN_005417,0,NONE,NONE
TXN_002800,0,NONE,NONE
TXN_006508,0,NONE,NONE
TXN_002437,0,NONE,NONE
TXN_004292,0,NONE,NONE
TXN_003170,0,NONE,NONE
TXN_008071,0,NONE,NONE
TXN_005651,0,NONE,NONE
TXN_004682,0,NONE,NONE
TXN_002709,0,NONE,NONE
TXN_006589,0,NONE,NONE
TXN_014160,0,NONE,NONE
TXN_000398,0,NONE,NONE
TXN_002968,0,NONE,NONE
TXN_013443,0,NONE,NONE
TXN_000412,0,NONE,NONE
TXN_001517,0,NONE,NONE
TXN_011357,0,NONE,NONE
TXN_013056,0,NONE,NONE
TXN_001064,0,NONE,NONE
TXN_007977,0,NONE,NONE
TXN_004061,0,NONE,NONE
TXN_013664,0,NONE,NONE
TXN_013533,0,NONE,NONE
TXN_014680,0,NONE,NONE
TXN_008361,0,NONE,NONE
TXN_008838,0,NONE,NONE
TXN_012666,0,NONE,NONE
TXN_007652,0,NONE,NONE
TXN_004419,0,NONE,NONE
TXN_012098,0,NONE,NONE
TXN_012606,0,NONE,NONE
TXN_008646,0,NONE,NONE
TXN_013698,0,NONE,NONE
TXN_001359,0,NONE,NONE
TXN_000156,0,NONE,NONE
TXN_014669,0,NONE,NONE
TXN_005191,0,NONE,NONE
TXN_008982,0,NONE,NONE
TXN_012212,0,NONE,NONE
TXN_010800,0,NONE,NONE
TXN_007158,0,NONE,NONE
TXN_009279,0,NONE,NONE
TXN_004095,0,NONE,NONE
TXN_002747,0,NONE,NONE
TXN_005009,0,NONE,NONE
TXN_002270,0,NONE,NONE
TXN_014171,0,NONE,NONE
TXN_013784,0,NONE,NONE
TXN_013716,0,NONE,NONE
TXN_011537,0,NONE,NONE
TXN_007084,0,NONE,NONE
TXN_003582,0,NONE,NONE
TXN_006070,0,NONE,NONE
TXN_002890,0,NONE,NONE
TXN_013547,0,NONE,NONE
TXN_001813,0,NONE,NONE
TXN_007223,0,NONE,NONE
TXN_001712,0,NONE,NONE
TXN_007557,0,NONE,NONE
TXN_002234,0,NONE,NONE
TXN_008807,0,NONE,NONE
TXN_013219,0,NONE,NONE
TXN_003209,0,NONE,NONE
TXN_006794,0,NONE,NONE
TXN_012595,0,NONE,NONE
TXN_002149,0,NONE,NONE
TXN_014276,0,NONE,NONE
TXN_010859,0,NONE,NONE
TXN_006214,0,NONE,NONE
TXN_007318,0,NONE,NONE
TXN_008439,0,NONE,NONE
TXN_012698,0,NONE,NONE
TXN_009353,0,NONE,NONE
TXN_008040,0,NONE,NONE
TXN_003134,0,NONE,NONE
TXN_003504,0,NONE,NONE
TXN_002951,1,NETWORK,SHARED_DEVICE
TXN_005644,0,NONE,NONE
TXN_012867,0,NONE,NONE
TXN_014693,0,NONE,NONE
TXN_006786,0,NONE,NONE
TXN_001346,0,NONE,NONE
TXN_010713,0,NONE,NONE
TXN_003075,0,NONE,NONE
TXN_013693,0,NONE,NONE
TXN_014029,0,NONE,NONE
TXN_009478,0,NONE,NONE
TXN_010501,0,NONE,NONE
TXN_009867,0,NONE,NONE
TXN_006811,0,NONE,NONE
TXN_010022,0,NONE,NONE
TXN_009356,0,NONE,NONE
TXN_004976,0,NONE,NONE
TXN_000512,0,NONE,NONE
TXN_012918,0,NONE,NONE
TXN_005177,0,NONE,NONE
TXN_006240,0,NONE,NONE
TXN_005905,1,MERCHANT,UNUSUAL_MERCHANT
TXN_012756,0,NONE,NONE
TXN_004545,0,NONE,NONE
TXN_005627,0,NONE,NONE
TXN_007261,0,NONE,NONE
TXN_003254,1,DEVICE,NEW_DEVICE
TXN_000139,0,NONE,NONE
TXN_013057,0,NONE,NONE
TXN_001118,0,NONE,NONE
TXN_014506,0,NONE,NONE
TXN_010827,0,NONE,NONE
TXN_008046,0,NONE,NONE
TXN_001529,0,NONE,NONE
TXN_009674,0,NONE,NONE
TXN_001836,0,NONE,NONE
TXN_008863,1,GEOGRAPHIC,IMPOSSIBLE_TRAVEL
TXN_006154,0,NONE,NONE
TXN_013689,0,NONE,NONE
TXN_010564,0,NONE,NONE
TXN_010681,0,NONE,NONE
TXN_008651,0,NONE,NONE
TXN_010049,0,NONE,NONE
TXN_013915,0,NONE,NONE
TXN_014185,0,NONE,NONE
TXN_006928,0,NONE,NONE
TXN_001335,0,NONE,NONE
TXN_008420,0,NONE,NONE
TXN_014905,0,NONE,NONE
TXN_007366,0,NONE,NONE
TXN_005809,0,NONE,NONE
TXN_011198,0,NONE,NONE
TXN_008740,0,NONE,NONE
TXN_003091,0,NONE,NONE
TXN_003295,0,NONE,NONE
TXN_009930,0,NONE,NONE
TXN_011842,0,NONE,NONE
TXN_011276,0,NONE,NONE
TXN_013902,0,NONE,NONE
TXN_002828,1,TIME_ANOMALY,UNUSUAL_HOUR
TXN_005646,0,NONE,NONE
TXN_000805,0,NONE,NONE
TXN_010616,0,NONE,NONE
TXN_014431,0,NONE,NONE
TXN_006142,0,NONE,NONE
TXN_002519,0,NONE,NONE
TXN_001715,0,NONE,NONE
TXN_004475,0,NONE,NONE
TXN_013181,0,NONE,NONE
TXN_006122,0,NONE,NONE
TXN_003705,0,NONE,NONE
TXN_014748,1,NETWORK,SHARED_DEVICE
TXN_009375,0,NONE,NONE
TXN_007259,1,GEOGRAPHIC,IMPOSSIBLE_TRAVEL
TXN_003296,0,NONE,NONE
TXN_003983,0,NONE,NONE
TXN_007355,0,NONE,NONE
TXN_002840,0,NONE,NONE
TXN_004551,0,NONE,NONE
TXN_013463,0,NONE,NONE
TXN_006269,0,NONE,NONE
TXN_013720,0,NONE,NONE
TXN_010255,0,NONE,NONE
TXN_011756,0,NONE,NONE
TXN_009548,0,NONE,NONE
TXN_001769,0,NONE,NONE
TXN_000023,0,NONE,NONE
TXN_001542,0,NONE,NONE
TXN_005705,0,NONE,NONE
TXN_004302,0,NONE,NONE
TXN_004426,1,AMOUNT_ANOMALY,SUDDEN_HIGH_VALUE
TXN_003014,0,NONE,NONE
TXN_010990,0,NONE,NONE
TXN_002863,0,NONE,NONE
TXN_005688,0,NONE,NONE
TXN_005681,0,NONE,NONE
TXN_001050,0,NONE,NONE
TXN_006022,1,BEHAVIORAL,SPENDING_PATTERN_SHIFT
TXN_009858,0,NONE,NONE
TXN_006611,0,NONE,NONE
TXN_000728,0,NONE,NONE
TXN_007604,0,NONE,NONE
TXN_014444,0,NONE,NONE
TXN_005972,0,NONE,NONE
TXN_006120,0,NONE,NONE
TXN_001884,1,CARD_TESTING,MICRO_TRANSACTIONS
TXN_003868,0,NONE,NONE
TXN_000025,0,NONE,NONE
TXN_003036,0,NONE,NONE
TXN_005069,0,NONE,NONE
TXN_004427,0,NONE,NONE
TXN_007313,0,NONE,NONE
TXN_000490,0,NONE,NONE
TXN_011725,0,NONE,NONE
TXN_012913,1,BEHAVIORAL,SPENDING_PATTERN_SHIFT
TXN_012599,1,AMOUNT_ANOMALY,SUDDEN_HIGH_VALUE
TXN_010440,0,NONE,NONE
TXN_010954,0,NONE,NONE
TXN_007577,0,NONE,NONE
TXN_002925,0,NONE,NONE
TXN_000020,0,NONE,NONE
TXN_003502,0,NONE,NONE
TXN_006189,0,NONE,NONE
TXN_002908,0,NONE,NONE
TXN_005844,0,NONE,NONE
TXN_004404,0,NONE,NONE
TXN_008746,0,NONE,NONE
TXN_001413,0,NONE,NONE
TXN_011680,0,NONE,NONE
TXN_003106,0,NONE,NONE
TXN_003547,0,NONE,NONE
TXN_004191,0,NONE,NONE
TXN_001879,0,NONE,NONE
TXN_008802,0,NONE,NONE
TXN_011527,1,BEHAVIORAL,SPENDING_PATTERN_SHIFT
TXN_008198,0,NONE,NONE
TXN_004798,0,NONE,NONE
TXN_014368,0,NONE,NONE
TXN_000982,0,NONE,NONE
TXN_003145,0,NONE,NONE
TXN_002459,1,DEVICE,NEW_DEVICE
TXN_010318,1,BEHAVIORAL,SPENDING_PATTERN_SHIFT
TXN_008165,0,NONE,NONE
TXN_003637,0,NONE,NONE
TXN_005811,0,NONE,NONE
TXN_004570,0,NONE,NONE
TXN_002326,0,NONE,NONE
TXN_001756,0,NONE,NONE
TXN_003863,0,NONE,NONE
TXN_008181,0,NONE,NONE
TXN_012073,0,NONE,NONE
TXN_000811,0,NONE,NONE
TXN_010414,0,NONE,NONE
TXN_009742,0,NONE,NONE
TXN_013674,1,NETWORK,SHARED_DEVICE
TXN_003866,1,MERCHANT,UNUSUAL_MERCHANT
TXN_003592,0,NONE,NONE
TXN_014045,0,NONE,NONE
TXN_001563,0,NONE,NONE
TXN_002209,0,NONE,NONE
TXN_007070,0,NONE,NONE
TXN_002696,0,NONE,NONE
TXN_010638,0,NONE,NONE
TXN_013134,0,NONE,NONE
TXN_001151,0,NONE,NONE
TXN_002378,1,MERCHANT,UNUSUAL_MERCHANT
TXN_001977,0,NONE,NONE
TXN_004822,0,NONE,NONE
TXN_010727,0,NONE,NONE
TXN_000674,0,NONE,NONE
TXN_006271,0,NONE,NONE
TXN_013768,0,NONE,NONE
TXN_006455,0,NONE,NONE
TXN_003648,0,NONE,NONE
TXN_011258,0,NONE,NONE
TXN_002928,1,NETWORK,SHARED_DEVICE
TXN_012515,0,NONE,NONE
TXN_001510,0,NONE,NONE
TXN_013581,0,NONE,NONE
TXN_000475,0,NONE,NONE
TXN_008298,0,NONE,NONE
TXN_008100,1,DEVICE,NEW_DEVICE
TXN_006857,1,NETWORK,SHARED_DEVICE
TXN_013132,0,NONE,NONE
TXN_010621,0,NONE,NONE
TXN_014565,0,NONE,NONE
TXN_009673,0,NONE,NONE
TXN_006744,0,NONE,NONE
TXN_001393,0,NONE,NONE
TXN_012603,0,NONE,NONE
TXN_000703,0,NONE,NONE
TXN_005846,0,NONE,NONE
TXN_014765,1,TIME_ANOMALY,UNUSUAL_HOUR
TXN_008017,0,NONE,NONE
TXN_009121,0,NONE,NONE
TXN_003827,0,NONE,NONE
TXN_007895,0,NONE,NONE
TXN_005473,0,NONE,NONE
TXN_013506,0,NONE,NONE
TXN_011993,0,NONE,NONE
TXN_007529,0,NONE,NONE
TXN_001065,0,NONE,NONE
TXN_006859,0,NONE,NONE
TXN_011240,0,NONE,NONE
TXN_008356,1,TIME_ANOMALY,UNUSUAL_HOUR
TXN_000397,0,NONE,NONE
TXN_003545,0,NONE,NONE
TXN_014671,0,NONE,NONE
TXN_011193,0,NONE,NONE
TXN_000364,0,NONE,NONE
TXN_009564,0,NONE,NONE
TXN_002535,1,AMOUNT_ANOMALY,SUDDEN_HIGH_VALUE
TXN_014760,0,NONE,NONE
TXN_003902,1,MERCHANT,UNUSUAL_MERCHANT
TXN_011340,0,NONE,NONE
TXN_006364,0,NONE,NONE
TXN_014989,1,MERCHANT,UNUSUAL_MERCHANT
TXN_014047,0,NONE,NONE
TXN_002446,0,NONE,NONE
TXN_005882,0,NONE,NONE
TXN_008498,0,NONE,NONE
TXN_006237,0,NONE,NONE
TXN_014647,1,MERCHANT,UNUSUAL_MERCHANT
TXN_011049,1,NETWORK,SHARED_DEVICE
TXN_000259,0,NONE,NONE
TXN_007983,0,NONE,NONE
TXN_003080,0,NONE,NONE
TXN_004652,0,NONE,NONE
TXN_012956,0,NONE,NONE
TXN_010890,0,NONE,NONE
TXN_005217,0,NONE,NONE
TXN_001023,0,NONE,NONE
TXN_010783,1,AMOUNT_ANOMALY,SUDDEN_HIGH_VALUE
TXN_014488,0,NONE,NONE
TXN_004344,0,NONE,NONE
TXN_007635,1,NETWORK,SHARED_DEVICE
TXN_009666,0,NONE,NONE
TXN_004633,0,NONE,NONE
TXN_003685,0,NONE,NONE
TXN_010249,0,NONE,NONE
TXN_011518,0,NONE,NONE
TXN_013527,0,NONE,NONE
TXN_011670,0,NONE,NONE
TXN_002373,0,NONE,NONE
TXN_006745,0,NONE,NONE
TXN_012594,0,NONE,NONE
TXN_013507,0,NONE,NONE
TXN_010299,0,NONE,NONE
TXN_003423,0,NONE,NONE
TXN_007810,0,NONE,NONE
TXN_004912,0,NONE,NONE
TXN_012244,0,NONE,NONE
TXN_014600,0,NONE,NONE
TXN_007272,0,NONE,NONE
TXN_007799,0,NONE,NONE
TXN_005415,0,NONE,NONE
TXN_000124,0,NONE,NONE
TXN_011028,0,NONE,NONE
TXN_005867,1,DEVICE,NEW_DEVICE
TXN_010322,0,NONE,NONE
TXN_005911,1,GEOGRAPHIC,IMPOSSIBLE_TRAVEL
TXN_001145,0,NONE,NONE
TXN_014854,0,NONE,NONE
TXN_009124,0,NONE,NONE
TXN_011598,0,NONE,NONE
TXN_000991,0,NONE,NONE
TXN_014610,0,NONE,NONE
TXN_000450,0,NONE,NONE
TXN_012297,0,NONE,NONE
TXN_014913,0,NONE,NONE
TXN_005872,0,NONE,NONE
TXN_006446,0,NONE,NONE
TXN_004340,0,NONE,NONE
TXN_000218,0,NONE,NONE
TXN_008095,0,NONE,NONE
TXN_006454,1,CARD_TESTING,MICRO_TRANSACTIONS
TXN_000309,1,GEOGRAPHIC,IMPOSSIBLE_TRAVEL
TXN_003360,0,NONE,NONE
TXN_005220,0,NONE,NONE
TXN_004927,0,NONE,NONE
TXN_001864,0,NONE,NONE
TXN_009290,0,NONE,NONE
TXN_002193,0,NONE,NONE
TXN_001868,0,NONE,NONE
TXN_004913,0,NONE,NONE
TXN_000146,0,NONE,NONE
TXN_010905,0,NONE,NONE
TXN_005979,0,NONE,NONE
TXN_004943,1,BEHAVIORAL,SPENDING_PATTERN_SHIFT
TXN_012829,0,NONE,NONE
TXN_002916,0,NONE,NONE
TXN_003412,0,NONE,NONE
TXN_002646,0,NONE,NONE
TXN_011071,0,NONE,NONE
TXN_002918,0,NONE,NONE
TXN_004695,0,NONE,NONE
TXN_003212,0,NONE,NONE
TXN_000387,0,NONE,NONE
TXN_004814,0,NONE,NONE
TXN_001605,0,NONE,NONE
TXN_012069,0,NONE,NONE
TXN_002299,1,GEOGRAPHIC,IMPOSSIBLE_TRAVEL
TXN_008768,0,NONE,NONE
TXN_005921,0,NONE,NONE
TXN_003624,0,NONE,NONE
TXN_011821,0,NONE,NONE
TXN_011328,1,SEQUENTIAL,MICRO_TO_LARGE_ESCALATION
TXN_000329,0,NONE,NONE
TXN_003076,1,CARD_TESTING,MICRO_TRANSACTIONS
TXN_001482,0,NONE,NONE
TXN_010902,0,NONE,NONE
TXN_004969,0,NONE,NONE
TXN_013180,0,NONE,NONE
TXN_005486,0,NONE,NONE
TXN_014811,0,NONE,NONE
TXN_003053,0,NONE,NONE
TXN_012712,1,BEHAVIORAL,SPENDING_PATTERN_SHIFT
TXN_001414,0,NONE,NONE
TXN_007686,0,NONE,NONE
TXN_014778,1,BEHAVIORAL,SPENDING_PATTERN_SHIFT
TXN_008075,1,SEQUENTIAL,MICRO_TO_LARGE_ESCALATION
TXN_000125,0,NONE,NONE
TXN_000312,0,NONE,NONE
TXN_011833,0,NONE,NONE
TXN_002598,0,NONE,NONE
TXN_000962,0,NONE,NONE
TXN_010217,0,NONE,NONE
TXN_010419,0,NONE,NONE
TXN_005566,0,NONE,NONE
TXN_008008,0,NONE,NONE
TXN_005980,0,NONE,NONE
TXN_004466,0,NONE,NONE
TXN_004033,0,NONE,NONE
TXN_003003,0,NONE,NONE
TXN_003269,0,NONE,NONE
TXN_011082,0,NONE,NONE
TXN_002517,0,NONE,NONE
TXN_013969,0,NONE,NONE
TXN_007395,0,NONE,NONE
TXN_012855,0,NONE,NONE
TXN_014007,0,NONE,NONE
TXN_001451,0,NONE,NONE
TXN_010992,0,NONE,NONE
TXN_006130,0,NONE,NONE
TXN_013144,0,NONE,NONE
TXN_012443,0,NONE,NONE
TXN_008433,0,NONE,NONE
TXN_013120,0,NONE,NONE
TXN_013037,0,NONE,NONE
TXN_011732,0,NONE,NONE
TXN_004307,0,NONE,NONE
TXN_013727,0,NONE,NONE
TXN_010072,0,NONE,NONE
TXN_009659,0,NONE,NONE
TXN_012269,0,NONE,NONE
TXN_012714,0,NONE,NONE
TXN_013971,1,BEHAVIORAL,SPENDING_PATTERN_SHIFT
TXN_000234,0,NONE,NONE
TXN_005915,0,NONE,NONE
TXN_012062,0,NONE,NONE
TXN_005708,0,NONE,NONE
TXN_007630,0,NONE,NONE
TXN_009591,0,NONE,NONE
TXN_009483,0,NONE,NONE
TXN_009179,0,NONE,NONE
TXN_010797,0,NONE,NONE
TXN_005475,0,NONE,NONE
TXN_004663,0,NONE,NONE
TXN_006996,0,NONE,NONE
TXN_012970,0,NONE,NONE
TXN_014619,0,NONE,NONE
TXN_012316,0,NONE,NONE
TXN_001040,1,TIME_ANOMALY,UNUSUAL_HOUR
TXN_003899,0,NONE,NONE
TXN_001751,0,NONE,NONE
TXN_009041,0,NONE,NONE
TXN_007257,0,NONE,NONE
TXN_006933,0,NONE,NONE
TXN_009803,0,NONE,NONE
TXN_011141,0,NONE,NONE
TXN_005531,0,NONE,NONE
TXN_002382,0,NONE,NONE
TXN_001436,0,NONE,NONE
TXN_012967,0,NONE,NONE
TXN_010061,0,NONE,NONE
TXN_009781,0,NONE,NONE
TXN_012980,0,NONE,NONE
TXN_010023,0,NONE,NONE
TXN_005028,0,NONE,NONE
TXN_003622,0,NONE,NONE
TXN_007067,0,NONE,NONE
TXN_007065,1,MERCHANT,UNUSUAL_MERCHANT
TXN_013235,0,NONE,NONE
TXN_005255,0,NONE,NONE
TXN_006428,0,NONE,NONE
TXN_008784,0,NONE,NONE
TXN_004045,0,NONE,NONE
TXN_004667,0,NONE,NONE
TXN_002012,0,NONE,NONE
TXN_005617,0,NONE,NONE
TXN_011535,0,NONE,NONE
TXN_005778,0,NONE,NONE
TXN_005147,0,NONE,NONE
TXN_006390,0,NONE,NONE
TXN_004539,0,NONE,NONE
TXN_000109,0,NONE,NONE
TXN_006937,0,NONE,NONE
TXN_000488,0,NONE,NONE
TXN_007995,0,NONE,NONE
TXN_012927,0,NONE,NONE
TXN_014082,0,NONE,NONE
TXN_001808,0,NONE,NONE
TXN_003487,0,NONE,NONE
TXN_003492,0,NONE,NONE
TXN_009701,0,NONE,NONE
TXN_014509,0,NONE,NONE
TXN_009194,0,NONE,NONE
TXN_013033,0,NONE,NONE
TXN_010257,0,NONE,NONE
TXN_006171,0,NONE,NONE
TXN_003054,0,NONE,NONE
TXN_001787,0,NONE,NONE
TXN_009481,0,NONE,NONE
TXN_007553,0,NONE,NONE
TXN_005313,0,NONE,NONE
TXN_005427,0,NONE,NONE
TXN_004228,0,NONE,NONE
TXN_006740,0,NONE,NONE
TXN_014451,0,NONE,NONE
TXN_011679,0,NONE,NONE
TXN_005776,0,NONE,NONE
TXN_014070,0,NONE,NONE
TXN_001386,0,NONE,NONE
TXN_011946,0,NONE,NONE
TXN_005496,0,NONE,NONE
TXN_012723,1,MERCHANT,UNUSUAL_MERCHANT
TXN_010077,0,NONE,NONE
TXN_004000,0,NONE,NONE
TXN_004523,1,GEOGRAPHIC,IMPOSSIBLE_TRAVEL
TXN_011549,0,NONE,NONE
TXN_005281,0,NONE,NONE
TXN_004140,0,NONE,NONE
TXN_013802,0,NONE,NONE
TXN_005273,0,NONE,NONE
TXN_004410,0,NONE,NONE
TXN_011953,0,NONE,NONE
TXN_007702,1,TIME_ANOMALY,UNUSUAL_HOUR
TXN_009989,0,NONE,NONE
TXN_008161,0,NONE,NONE
TXN_006491,0,NONE,NONE
TXN_002540,0,NONE,NONE
TXN_000426,0,NONE,NONE
TXN_007299,0,NONE,NONE
TXN_012277,0,NONE,NONE
TXN_010230,0,NONE,NONE
TXN_002734,0,NONE,NONE
TXN_009011,0,NONE,NONE
TXN_011411,0,NONE,NONE
TXN_005777,0,NONE,NONE
TXN_011986,0,NONE,NONE
TXN_003481,0,NONE,NONE
TXN_008811,0,NONE,NONE
TXN_000741,1,NETWORK,SHARED_DEVICE
TXN_001525,0,NONE,NONE
TXN_007516,0,NONE,NONE
TXN_014246,0,NONE,NONE
TXN_001096,1,GEOGRAPHIC,IMPOSSIBLE_TRAVEL
TXN_004160,0,NONE,NONE
TXN_010153,0,NONE,NONE
TXN_012677,0,NONE,NONE
TXN_009798,0,NONE,NONE
TXN_013583,0,NONE,NONE
TXN_003158,0,NONE,NONE
TXN_010346,0,NONE,NONE
TXN_014393,0,NONE,NONE
TXN_002830,0,NONE,NONE
TXN_003909,0,NONE,NONE
TXN_005288,0,NONE,NONE
TXN_011979,0,NONE,NONE
TXN_010373,0,NONE,NONE
TXN_004536,0,NONE,NONE
TXN_001114,1,GEOGRAPHIC,IMPOSSIBLE_TRAVEL
TXN_007323,0,NONE,NONE
TXN_009021,0,NONE,NONE
TXN_006057,1,AMOUNT_ANOMALY,SUDDEN_HIGH_VALUE
TXN_007708,0,NONE,NONE
TXN_010561,0,NONE,NONE
TXN_009997,0,NONE,NONE
TXN_008034,0,NONE,NONE
TXN_007611,1,DEVICE,NEW_DEVICE
TXN_002732,0,NONE,NONE
TXN_005023,0,NONE,NONE
TXN_006522,1,BEHAVIORAL,SPENDING_PATTERN_SHIFT
TXN_005579,0,NONE,NONE
TXN_007393,0,NONE,NONE
TXN_002796,0,NONE,NONE
TXN_013436,0,NONE,NONE
TXN_006575,0,NONE,NONE
TXN_009115,0,NONE,NONE
TXN_007430,0,NONE,NONE
TXN_012543,0,NONE,NONE
TXN_009127,0,NONE,NONE
TXN_004642,1,TIME_ANOMALY,UNUSUAL_HOUR
TXN_011172,0,NONE,NONE
TXN_010491,0,NONE,NONE
TXN_008632,0,NONE,NONE
TXN_011030,0,NONE,NONE
TXN_013688,0,NONE,NONE
TXN_004779,0,NONE,NONE
TXN_000515,0,NONE,NONE
TXN_009681,0,NONE,NONE
TXN_009865,0,NONE,NONE
TXN_004622,0,NONE,NONE
TXN_013754,0,NONE,NONE
TXN_009839,0,NONE,NONE
TXN_005698,0,NONE,NONE
TXN_006655,0,NONE,NONE
TXN_002833,0,NONE,NONE
TXN_006635,0,NONE,NONE
TXN_002509,0,NONE,NONE
TXN_014925,0,NONE,NONE
TXN_014386,0,NONE,NONE
TXN_014122,0,NONE,NONE
TXN_001694,0,NONE,NONE
TXN_004321,0,NONE,NONE
TXN_001434,0,NONE,NONE
TXN_000907,0,NONE,NONE
TXN_011769,0,NONE,NONE
TXN_002506,0,NONE,NONE
TXN_006281,0,NONE,NONE
TXN_001958,0,NONE,NONE
TXN_014931,0,NONE,NONE
TXN_000217,1,NETWORK,SHARED_DEVICE
TXN_012153,0,NONE,NONE
TXN_008235,0,NONE,NONE
TXN_014430,0,NONE,NONE
TXN_009143,0,NONE,NONE
TXN_006571,0,NONE,NONE
TXN_004648,0,NONE,NONE
TXN_003442,0,NONE,NONE
TXN_013124,0,NONE,NONE
TXN_002642,0,NONE,NONE
TXN_000632,0,NONE,NONE
TXN_005938,0,NONE,NONE
TXN_010846,0,NONE,NONE
TXN_009836,0,NONE,NONE
TXN_014862,0,NONE,NONE
TXN_008369,0,NONE,NONE
TXN_007747,0,NONE,NONE
TXN_008371,0,NONE,NONE
TXN_006040,0,NONE,NONE
TXN_000846,0,NONE,NONE
TXN_013995,0,NONE,NONE
TXN_010982,0,NONE,NONE
TXN_013996,0,NONE,NONE
TXN_000030,0,NONE,NONE
TXN_004018,1,DEVICE,NEW_DEVICE
TXN_001314,1,MERCHANT,UNUSUAL_MERCHANT
TXN_011153,1,BEHAVIORAL,SPENDING_PATTERN_SHIFT
TXN_013779,0,NONE,NONE
TXN_013591,0,NONE,NONE
TXN_001902,0,NONE,NONE
TXN_010526,0,NONE,NONE
TXN_009852,0,NONE,NONE
TXN_014480,0,NONE,NONE
TXN_006901,0,NONE,NONE
TXN_009601,0,NONE,NONE
TXN_002160,0,NONE,NONE
TXN_010412,1,TIME_ANOMALY,UNUSUAL_HOUR
TXN_001611,0,NONE,NONE
TXN_002267,0,NONE,NONE
TXN_010551,0,NONE,NONE
TXN_010032,0,NONE,NONE
TXN_014763,0,NONE,NONE
TXN_010910,0,NONE,NONE
TXN_005504,0,NONE,NONE
TXN_000886,1,CARD_TESTING,MICRO_TRANSACTIONS
TXN_002189,0,NONE,NONE
TXN_009686,0,NONE,NONE
TXN_004493,1,CARD_TESTING,MICRO_TRANSACTIONS
TXN_002867,0,NONE,NONE
TXN_006586,0,NONE,NONE
TXN_010308,0,NONE,NONE
TXN_011266,0,NONE,NONE
TXN_006210,0,NONE,NONE
TXN_014532,0,NONE,NONE
TXN_014266,0,NONE,NONE
TXN_000765,0,NONE,NONE
TXN_007775,0,NONE,NONE
TXN_008576,0,NONE,NONE
TXN_011227,0,NONE,NONE
TXN_009049,0,NONE,NONE
TXN_014822,0,NONE,NONE
TXN_014445,0,NONE,NONE
TXN_009001,0,NONE,NONE
TXN_004093,0,NONE,NONE
TXN_014205,0,NONE,NONE
TXN_004857,0,NONE,NONE
TXN_011669,0,NONE,NONE
TXN_002574,0,NONE,NONE
TXN_000407,0,NONE,NONE
TXN_007661,0,NONE,NONE
TXN_011466,0,NONE,NONE
TXN_004697,0,NONE,NONE
TXN_006759,0,NONE,NONE
TXN_005841,0,NONE,NONE
TXN_007699,0,NONE,NONE
TXN_011676,0,NONE,NONE
TXN_010542,0,NONE,NONE
TXN_006861,0,NONE,NONE
TXN_014663,1,CARD_TESTING,MICRO_TRANSACTIONS
TXN_007554,0,NONE,NONE
TXN_007027,1,MERCHANT,UNUSUAL_MERCHANT
TXN_011856,0,NONE,NONE
TXN_012675,0,NONE,NONE
TXN_007016,0,NONE,NONE
TXN_008210,0,NONE,NONE
TXN_008700,0,NONE,NONE
TXN_007541,0,NONE,NONE
TXN_005891,0,NONE,NONE
TXN_000505,0,NONE,NONE
TXN_005624,1,GEOGRAPHIC,IMPOSSIBLE_TRAVEL
TXN_011576,0,NONE,NONE
TXN_013426,0,NONE,NONE
TXN_003302,0,NONE,NONE
TXN_009690,0,NONE,NONE
TXN_006697,0,NONE,NONE
TXN_004792,0,NONE,NONE
TXN_009238,0,NONE,NONE
TXN_013985,0,NONE,NONE
TXN_005452,0,NONE,NONE
TXN_001292,0,NONE,NONE
TXN_003432,0,NONE,NONE
TXN_003904,0,NONE,NONE
TXN_009076,0,NONE,NONE
TXN_008236,0,NONE,NONE
TXN_002207,0,NONE,NONE
TXN_005544,0,NONE,NONE
TXN_007881,0,NONE,NONE
TXN_002721,0,NONE,NONE
TXN_009258,0,NONE,NONE
TXN_014805,0,NONE,NONE
TXN_007384,0,NONE,NONE
TXN_014051,0,NONE,NONE
TXN_009830,0,NONE,NONE
TXN_005517,0,NONE,NONE
TXN_009244,1,MERCHANT,UNUSUAL_MERCHANT
TXN_013584,0,NONE,NONE
TXN_004916,0,NONE,NONE
TXN_005513,0,NONE,NONE
TXN_014021,0,NONE,NONE
TXN_007878,1,MERCHANT,UNUSUAL_MERCHANT
TXN_009940,1,GEOGRAPHIC,IMPOSSIBLE_TRAVEL
TXN_007931,0,NONE,NONE
TXN_002727,0,NONE,NONE
TXN_005650,0,NONE,NONE
TXN_010139,0,NONE,NONE
TXN_010730,0,NONE,NONE
TXN_002917,0,NONE,NONE
TXN_008848,0,NONE,NONE
TXN_011782,0,NONE,NONE
TXN_011761,0,NONE,NONE
TXN_013673,0,NONE,NONE
TXN_007804,0,NONE,NONE
TXN_005110,0,NONE,NONE
TXN_005433,0,NONE,NONE
TXN_009935,0,NONE,NONE
TXN_001479,0,NONE,NONE
TXN_012358,0,NONE,NONE
TXN_000784,0,NONE,NONE
TXN_002107,0,NONE,NONE
TXN_012078,0,NONE,NONE
TXN_004071,0,NONE,NONE
TXN_000126,0,NONE,NONE
TXN_000734,0,NONE,NONE
TXN_011356,0,NONE,NONE
TXN_006156,0,NONE,NONE
TXN_006200,0,NONE,NONE
TXN_007123,1,MERCHANT,UNUSUAL_MERCHANT
TXN_003445,1,MERCHANT,UNUSUAL_MERCHANT
TXN_009383,0,NONE,NONE
TXN_013396,0,NONE,NONE
TXN_001640,0,NONE,NONE
TXN_007013,0,NONE,NONE
TXN_013111,0,NONE,NONE
TXN_002578,0,NONE,NONE
TXN_006613,0,NONE,NONE
TXN_013627,1,NETWORK,SHARED_DEVICE
TXN_002358,0,NONE,NONE
TXN_008418,1,GEOGRAPHIC,IMPOSSIBLE_TRAVEL
TXN_003677,0,NONE,NONE
TXN_013521,0,NONE,NONE
TXN_014864,0,NONE,NONE
TXN_012456,0,NONE,NONE
TXN_008110,0,NONE,NONE
TXN_008179,0,NONE,NONE
TXN_007965,0,NONE,NONE
TXN_011138,0,NONE,NONE
TXN_014333,0,NONE,NONE
TXN_013562,0,NONE,NONE
TXN_000276,1,GEOGRAPHIC,IMPOSSIBLE_TRAVEL
TXN_009345,0,NONE,NONE
TXN_009253,0,NONE,NONE
TXN_010439,1,CARD_TESTING,MICRO_TRANSACTIONS
TXN_011746,1,CARD_TESTING,MICRO_TRANSACTIONS
TXN_001148,0,NONE,NONE
TXN_012834,1,GEOGRAPHIC,IMPOSSIBLE_TRAVEL
TXN_005199,0,NONE,NONE
TXN_001075,0,NONE,NONE
TXN_004678,0,NONE,NONE
TXN_013588,0,NONE,NONE
TXN_007847,0,NONE,NONE
TXN_001591,0,NONE,NONE
TXN_004953,0,NONE,NONE
TXN_006527,0,NONE,NONE
TXN_011054,0,NONE,NONE
TXN_006951,0,NONE,NONE
TXN_007868,0,NONE,NONE
TXN_001233,1,DEVICE,NEW_DEVICE
TXN_006663,1,AMOUNT_ANOMALY,SUDDEN_HIGH_VALUE
TXN_009111,0,NONE,NONE
TXN_014603,0,NONE,NONE
TXN_002534,1,AMOUNT_ANOMALY,SUDDEN_HIGH_VALUE
TXN_004889,1,VELOCITY,RAPID_TRANSACTIONS
TXN_001249,0,NONE,NONE
TXN_012944,0,NONE,NONE
TXN_011184,0,NONE,NONE
TXN_002556,0,NONE,NONE
TXN_000638,0,NONE,NONE
TXN_000511,0,NONE,NONE
TXN_000597,0,NONE,NONE
TXN_003285,0,NONE,NONE
TXN_011555,0,NONE,NONE
TXN_009876,0,NONE,NONE
TXN_011435,0,NONE,NONE
TXN_011317,0,NONE,NONE
TXN_008873,0,NONE,NONE
TXN_009374,0,NONE,NONE
TXN_011944,0,NONE,NONE
TXN_004732,0,NONE,NONE
TXN_008527,0,NONE,NONE
TXN_008714,0,NONE,NONE
TXN_005763,0,NONE,NONE
TXN_004801,0,NONE,NONE
TXN_011532,0,NONE,NONE
TXN_013926,0,NONE,NONE
TXN_006760,0,NONE,NONE
TXN_007295,0,NONE,NONE
TXN_005870,0,NONE,NONE
TXN_000592,0,NONE,NONE
TXN_014933,1,TIME_ANOMALY,UNUSUAL_HOUR
TXN_014859,1,TIME_ANOMALY,UNUSUAL_HOUR
TXN_008258,0,NONE,NONE
TXN_001219,0,NONE,NONE
TXN_011347,0,NONE,NONE
TXN_008341,0,NONE,NONE
TXN_008479,0,NONE,NONE
TXN_011326,0,NONE,NONE
TXN_012915,0,NONE,NONE
TXN_014478,0,NONE,NONE
TXN_002788,0,NONE,NONE
TXN_009981,0,NONE,NONE
TXN_013202,0,NONE,NONE
TXN_007437,0,NONE,NONE
TXN_003626,0,NONE,NONE
TXN_014890,0,NONE,NONE
TXN_011542,0,NONE,NONE
TXN_000927,0,NONE,NONE
TXN_003310,0,NONE,NONE
TXN_011428,0,NONE,NONE
TXN_006499,0,NONE,NONE
TXN_001971,0,NONE,NONE
TXN_014455,0,NONE,NONE
TXN_010720,0,NONE,NONE
TXN_010478,0,NONE,NONE
TXN_014464,0,NONE,NONE
TXN_003097,0,NONE,NONE
TXN_005815,0,NONE,NONE
TXN_005551,0,NONE,NONE
TXN_001162,0,NONE,NONE
TXN_005229,0,NONE,NONE
TXN_001914,1,AMOUNT_ANOMALY,SUDDEN_HIGH_VALUE
TXN_010743,0,NONE,NONE
TXN_012433,0,NONE,NONE
TXN_005673,0,NONE,NONE
TXN_013433,0,NONE,NONE
TXN_012198,0,NONE,NONE
TXN_009913,0,NONE,NONE
TXN_001875,0,NONE,NONE
TXN_008432,0,NONE,NONE
TXN_000098,0,NONE,NONE
TXN_000530,1,CARD_TESTING,MICRO_TRANSACTIONS
TXN_000525,0,NONE,NONE
TXN_012267,0,NONE,NONE
TXN_008815,0,NONE,NONE
TXN_005925,0,NONE,NONE
TXN_011605,1,NETWORK,SHARED_DEVICE
TXN_007586,0,NONE,NONE
TXN_011013,0,NONE,NONE
TXN_001381,0,NONE,NONE
TXN_012369,0,NONE,NONE
TXN_003257,1,DEVICE,NEW_DEVICE
TXN_008417,0,NONE,NONE
TXN_006804,0,NONE,NONE
TXN_011239,0,NONE,NONE
TXN_001428,0,NONE,NONE
TXN_002041,0,NONE,NONE
TXN_001181,0,NONE,NONE
TXN_002081,0,NONE,NONE
TXN_013220,0,NONE,NONE
TXN_005190,0,NONE,NONE
TXN_012387,0,NONE,NONE
TXN_010310,0,NONE,NONE
TXN_008187,0,NONE,NONE
TXN_009590,0,NONE,NONE
TXN_013746,0,NONE,NONE
TXN_005231,0,NONE,NONE
TXN_011395,0,NONE,NONE
TXN_009824,0,NONE,NONE
TXN_009716,0,NONE,NONE
TXN_011933,0,NONE,NONE
TXN_004369,0,NONE,NONE
TXN_006513,0,NONE,NONE
TXN_012314,1,NETWORK,SHARED_DEVICE
TXN_004671,0,NONE,NONE
TXN_006709,0,NONE,NONE
TXN_014166,0,NONE,NONE
TXN_001662,0,NONE,NONE
TXN_000486,1,SEQUENTIAL,MICRO_TO_LARGE_ESCALATION
TXN_000308,0,NONE,NONE
TXN_007984,0,NONE,NONE
TXN_006688,0,NONE,NONE
TXN_009634,0,NONE,NONE
TXN_010708,1,VELOCITY,RAPID_TRANSACTIONS
TXN_013783,0,NONE,NONE
TXN_008625,0,NONE,NONE
TXN_006666,0,NONE,NONE
TXN_013303,0,NONE,NONE
TXN_008114,0,NONE,NONE
TXN_001889,0,NONE,NONE
TXN_005233,0,NONE,NONE
TXN_006134,0,NONE,NONE
TXN_000078,0,NONE,NONE
TXN_001793,0,NONE,NONE
TXN_012091,0,NONE,NONE
TXN_001533,0,NONE,NONE
TXN_009707,1,MERCHANT,UNUSUAL_MERCHANT
TXN_010155,0,NONE,NONE
TXN_006324,0,NONE,NONE
TXN_000243,0,NONE,NONE
TXN_004391,0,NONE,NONE
TXN_000953,0,NONE,NONE
TXN_002192,0,NONE,NONE
TXN_010535,0,NONE,NONE
TXN_007471,0,NONE,NONE
TXN_007575,1,SEQUENTIAL,MICRO_TO_LARGE_ESCALATION
TXN_013234,0,NONE,NONE
TXN_005497,0,NONE,NONE
TXN_013014,0,NONE,NONE
TXN_005879,0,NONE,NONE
TXN_006386,0,NONE,NONE
TXN_013460,0,NONE,NONE
TXN_001890,0,NONE,NONE
TXN_013409,0,NONE,NONE
TXN_005462,0,NONE,NONE
TXN_008421,0,NONE,NONE
TXN_007426,0,NONE,NONE
TXN_010746,0,NONE,NONE
TXN_008684,0,NONE,NONE
TXN_004865,0,NONE,NONE
TXN_012619,0,NONE,NONE
TXN_006285,0,NONE,NONE
TXN_012330,0,NONE,NONE
TXN_000152,0,NONE,NONE
TXN_006500,0,NONE,NONE
TXN_004839,0,NONE,NONE
TXN_001253,0,NONE,NONE
TXN_008058,0,NONE,NONE
TXN_006911,0,NONE,NONE
TXN_011206,0,NONE,NONE
TXN_007012,0,NONE,NONE
TXN_008190,0,NONE,NONE
TXN_001706,0,NONE,NONE
TXN_001093,0,NONE,NONE
TXN_012640,0,NONE,NONE
TXN_001772,0,NONE,NONE
TXN_006803,1,TIME_ANOMALY,UNUSUAL_HOUR
TXN_007361,0,NONE,NONE
TXN_012659,0,NONE,NONE
TXN_001015,1,MERCHANT,UNUSUAL_MERCHANT
TXN_007861,0,NONE,NONE
TXN_010632,0,NONE,NONE
TXN_013428,0,NONE,NONE
TXN_005494,1,DEVICE,NEW_DEVICE
TXN_008081,0,NONE,NONE
TXN_011958,0,NONE,NONE
TXN_013065,0,NONE,NONE
TXN_013867,0,NONE,NONE
TXN_011633,0,NONE,NONE
TXN_003767,0,NONE,NONE
TXN_004393,1,NETWORK,SHARED_DEVICE
TXN_001703,0,NONE,NONE
TXN_013034,0,NONE,NONE
TXN_002896,0,NONE,NONE
TXN_007237,1,DEVICE,NEW_DEVICE
TXN_008973,0,NONE,NONE
TXN_006710,0,NONE,NONE
TXN_008104,0,NONE,NONE
TXN_012214,0,NONE,NONE
TXN_004377,1,VELOCITY,RAPID_TRANSACTIONS
TXN_001394,0,NONE,NONE
TXN_012272,0,NONE,NONE
TXN_001504,0,NONE,NONE
TXN_014164,0,NONE,NONE
TXN_006224,0,NONE,NONE
TXN_011417,0,NONE,NONE
TXN_001663,0,NONE,NONE
TXN_002449,0,NONE,NONE
TXN_001693,0,NONE,NONE
TXN_006315,0,NONE,NONE
TXN_003455,1,VELOCITY,RAPID_TRANSACTIONS
TXN_003100,0,NONE,NONE
TXN_001822,0,NONE,NONE
TXN_008391,0,NONE,NONE
TXN_012546,0,NONE,NONE
TXN_010866,0,NONE,NONE
TXN_013963,0,NONE,NONE
TXN_013978,0,NONE,NONE
TXN_008795,0,NONE,NONE
TXN_012228,0,NONE,NONE
TXN_004372,0,NONE,NONE
TXN_010225,0,NONE,NONE
TXN_012605,0,NONE,NONE
TXN_002337,0,NONE,NONE
TXN_014440,0,NONE,NONE
TXN_013183,1,VELOCITY,RAPID_TRANSACTIONS
TXN_007942,0,NONE,NONE
TXN_010648,0,NONE,NONE
TXN_010972,0,NONE,NONE
TXN_010669,0,NONE,NONE
TXN_009487,0,NONE,NONE
TXN_011932,0,NONE,NONE
TXN_012622,0,NONE,NONE
TXN_009457,0,NONE,NONE
TXN_007616,0,NONE,NONE
TXN_013965,0,NONE,NONE
TXN_010150,0,NONE,NONE
TXN_005438,0,NONE,NONE
TXN_011638,0,NONE,NONE
TXN_008113,0,NONE,NONE
TXN_014017,0,NONE,NONE
TXN_008152,0,NONE,NONE
TXN_005909,0,NONE,NONE
TXN_013850,0,NONE,NONE
TXN_005013,0,NONE,NONE
TXN_007547,0,NONE,NONE
TXN_000365,0,NONE,NONE
TXN_001368,1,BEHAVIORAL,SPENDING_PATTERN_SHIFT
TXN_006897,0,NONE,NONE
TXN_012476,0,NONE,NONE
TXN_006755,0,NONE,NONE
TXN_004176,0,NONE,NONE
TXN_013297,0,NONE,NONE
TXN_012939,0,NONE,NONE
TXN_003485,0,NONE,NONE
TXN_013141,0,NONE,NONE
TXN_004520,0,NONE,NONE
TXN_000252,0,NONE,NONE
TXN_008449,0,NONE,NONE
TXN_005609,0,NONE,NONE
TXN_004847,0,NONE,NONE
TXN_013681,0,NONE,NONE
TXN_007334,0,NONE,NONE
TXN_009814,0,NONE,NONE
TXN_013469,0,NONE,NONE
TXN_004806,0,NONE,NONE
TXN_003359,1,AMOUNT_ANOMALY,SUDDEN_HIGH_VALUE
TXN_009936,0,NONE,NONE
TXN_006572,0,NONE,NONE
TXN_004579,0,NONE,NONE
TXN_013397,0,NONE,NONE
TXN_000018,0,NONE,NONE
TXN_014421,0,NONE,NONE
TXN_010350,0,NONE,NONE
TXN_000628,0,NONE,NONE
TXN_008758,0,NONE,NONE
TXN_009848,0,NONE,NONE
TXN_007740,0,NONE,NONE
TXN_005498,0,NONE,NONE
TXN_002029,0,NONE,NONE
TXN_000323,1,TIME_ANOMALY,UNUSUAL_HOUR
TXN_011325,0,NONE,NONE
TXN_001364,0,NONE,NONE
TXN_001409,0,NONE,NONE
TXN_004505,0,NONE,NONE
TXN_011140,0,NONE,NONE
TXN_008331,0,NONE,NONE
TXN_011722,0,NONE,NONE
TXN_012354,1,AMOUNT_ANOMALY,SUDDEN_HIGH_VALUE
TXN_010340,0,NONE,NONE
TXN_012838,0,NONE,NONE
TXN_002136,1,VELOCITY,RAPID_TRANSACTIONS
TXN_009232,0,NONE,NONE
TXN_004108,0,NONE,NONE
TXN_010764,0,NONE,NONE
TXN_009720,0,NONE,NONE
TXN_007022,1,CARD_TESTING,MICRO_TRANSACTIONS
TXN_002966,0,NONE,NONE
TXN_002929,0,NONE,NONE
TXN_013467,0,NONE,NONE
TXN_012590,0,NONE,NONE
TXN_000920,0,NONE,NONE
TXN_006464,0,NONE,NONE
TXN_013114,0,NONE,NONE
TXN_009954,1,SEQUENTIAL,MICRO_TO_LARGE_ESCALATION
TXN_006449,0,NONE,NONE
TXN_009207,0,NONE,NONE
TXN_009748,0,NONE,NONE
TXN_012811,0,NONE,NONE
TXN_012484,0,NONE,NONE
TXN_013002,0,NONE,NONE
TXN_009028,0,NONE,NONE
TXN_003271,0,NONE,NONE
TXN_008358,1,VELOCITY,RAPID_TRANSACTIONS
TXN_007452,0,NONE,NONE
TXN_000995,0,NONE,NONE
TXN_011458,0,NONE,NONE
TXN_000036,0,NONE,NONE
TXN_013001,0,NONE,NONE
TXN_010565,0,NONE,NONE
TXN_000762,0,NONE,NONE
TXN_000684,0,NONE,NONE
TXN_001894,0,NONE,NONE
TXN_000648,0,NONE,NONE
TXN_005712,0,NONE,NONE
TXN_005412,0,NONE,NONE
TXN_007155,0,NONE,NONE
TXN_001553,0,NONE,NONE
TXN_014982,0,NONE,NONE
TXN_001834,0,NONE,NONE
TXN_010868,0,NONE,NONE
TXN_004276,0,NONE,NONE
TXN_012424,0,NONE,NONE
TXN_005814,0,NONE,NONE
TXN_008609,0,NONE,NONE
TXN_012134,1,BEHAVIORAL,SPENDING_PATTERN_SHIFT
TXN_007734,0,NONE,NONE
TXN_011827,0,NONE,NONE
TXN_009689,0,NONE,NONE
TXN_001378,0,NONE,NONE
TXN_002118,1,MERCHANT,UNUSUAL_MERCHANT
TXN_001493,0,NONE,NONE
TXN_014579,0,NONE,NONE
TXN_001308,0,NONE,NONE
TXN_014569,0,NONE,NONE
TXN_001066,0,NONE,NONE
TXN_006579,0,NONE,NONE
TXN_013606,0,NONE,NONE
TXN_006151,0,NONE,NONE
TXN_006429,0,NONE,NONE
TXN_006245,0,NONE,NONE
TXN_006696,0,NONE,NONE
TXN_001319,0,NONE,NONE
TXN_013810,0,NONE,NONE
TXN_000481,0,NONE,NONE
TXN_009923,0,NONE,NONE
TXN_007994,0,NONE,NONE
TXN_007312,0,NONE,NONE
TXN_003752,0,NONE,NONE
TXN_011259,0,NONE,NONE
TXN_010013,0,NONE,NONE
TXN_005900,0,NONE,NONE
TXN_010221,0,NONE,NONE
TXN_014247,0,NONE,NONE
TXN_006573,0,NONE,NONE
TXN_001840,0,NONE,NONE
TXN_012680,0,NONE,NONE
TXN_005622,0,NONE,NONE
TXN_012961,1,SEQUENTIAL,MICRO_TO_LARGE_ESCALATION
TXN_012310,0,NONE,NONE
TXN_010951,0,NONE,NONE
TXN_009578,0,NONE,NONE
TXN_010973,0,NONE,NONE
TXN_014109,0,NONE,NONE
TXN_009267,0,NONE,NONE
TXN_004047,0,NONE,NONE
TXN_009786,1,VELOCITY,RAPID_TRANSACTIONS
TXN_008027,0,NONE,NONE
TXN_007449,0,NONE,NONE
TXN_006124,0,NONE,NONE
TXN_005206,1,VELOCITY,RAPID_TRANSACTIONS
TXN_002627,0,NONE,NONE
TXN_012180,0,NONE,NONE
TXN_006112,1,VELOCITY,RAPID_TRANSACTIONS
TXN_011716,0,NONE,NONE
TXN_003131,0,NONE,NONE
TXN_006387,0,NONE,NONE
TXN_000892,0,NONE,NONE
TXN_011896,0,NONE,NONE
TXN_001395,0,NONE,NONE
TXN_000199,0,NONE,NONE
TXN_012103,0,NONE,NONE
TXN_002967,0,NONE,NONE
TXN_010176,0,NONE,NONE
TXN_013067,0,NONE,NONE
TXN_000245,0,NONE,NONE
TXN_013450,0,NONE,NONE
TXN_000478,0,NONE,NONE
TXN_006023,0,NONE,NONE
TXN_008536,0,NONE,NONE
TXN_002988,0,NONE,NONE
TXN_001425,0,NONE,NONE
TXN_010823,0,NONE,NONE
TXN_001021,0,NONE,NONE
TXN_006862,0,NONE,NONE
TXN_001866,0,NONE,NONE
TXN_011331,0,NONE,NONE
TXN_014672,0,NONE,NONE
TXN_012959,0,NONE,NONE
TXN_002610,0,NONE,NONE
TXN_011872,0,NONE,NONE
TXN_003844,1,SEQUENTIAL,MICRO_TO_LARGE_ESCALATION
TXN_007100,0,NONE,NONE
TXN_001730,0,NONE,NONE
TXN_012389,0,NONE,NONE
TXN_012607,0,NONE,NONE
TXN_011562,0,NONE,NONE
TXN_010857,0,NONE,NONE
TXN_011480,0,NONE,NONE
TXN_007827,0,NONE,NONE
TXN_005440,0,NONE,NONE
TXN_011052,0,NONE,NONE
TXN_005693,0,NONE,NONE
TXN_002411,1,GEOGRAPHIC,IMPOSSIBLE_TRAVEL
TXN_009277,0,NONE,NONE
TXN_014261,0,NONE,NONE
TXN_014795,0,NONE,NONE
TXN_010494,0,NONE,NONE
TXN_001681,0,NONE,NONE
TXN_011366,0,NONE,NONE
TXN_000159,0,NONE,NONE
TXN_005019,0,NONE,NONE
TXN_004849,0,NONE,NONE
TXN_004120,0,NONE,NONE
TXN_011862,0,NONE,NONE
TXN_011329,0,NONE,NONE
TXN_010811,0,NONE,NONE
TXN_010475,0,NONE,NONE
TXN_000503,0,NONE,NONE
TXN_006770,0,NONE,NONE
TXN_009493,0,NONE,NONE
TXN_013245,0,NONE,NONE
TXN_008783,0,NONE,NONE
TXN_008138,0,NONE,NONE
TXN_014518,1,SEQUENTIAL,MICRO_TO_LARGE_ESCALATION
TXN_009593,0,NONE,NONE
TXN_000097,1,MERCHANT,UNUSUAL_MERCHANT
TXN_009167,0,NONE,NONE
TXN_005090,1,TIME_ANOMALY,UNUSUAL_HOUR
TXN_011635,0,NONE,NONE
TXN_008395,1,GEOGRAPHIC,IMPOSSIBLE_TRAVEL
TXN_000093,0,NONE,NONE
TXN_014670,1,MERCHANT,UNUSUAL_MERCHANT
TXN_000864,0,NONE,NONE
TXN_007124,0,NONE,NONE
TXN_012548,0,NONE,NONE
TXN_010694,0,NONE,NONE
TXN_005746,0,NONE,NONE
TXN_003208,0,NONE,NONE
TXN_010710,0,NONE,NONE
TXN_003447,0,NONE,NONE
TXN_012181,0,NONE,NONE
TXN_002435,0,NONE,NONE
TXN_009210,0,NONE,NONE
TXN_010490,0,NONE,NONE
TXN_010667,0,NONE,NONE
TXN_003835,0,NONE,NONE
TXN_012851,1,VELOCITY,RAPID_TRANSACTIONS
TXN_005409,0,NONE,NONE
TXN_006208,0,NONE,NONE
TXN_005676,1,GEOGRAPHIC,IMPOSSIBLE_TRAVEL
TXN_004133,1,CARD_TESTING,MICRO_TRANSACTIONS
TXN_002394,0,NONE,NONE
TXN_000942,0,NONE,NONE
TXN_007417,0,NONE,NONE
TXN_006481,0,NONE,NONE
TXN_012359,0,NONE,NONE
TXN_003616,0,NONE,NONE
TXN_001507,0,NONE,NONE
TXN_007988,0,NONE,NONE
TXN_014265,0,NONE,NONE
TXN_010924,0,NONE,NONE
TXN_008716,0,NONE,NONE
TXN_008689,0,NONE,NONE
TXN_004395,0,NONE,NONE
TXN_012600,0,NONE,NONE
TXN_005318,0,NONE,NONE
TXN_007116,0,NONE,NONE
TXN_003333,0,NONE,NONE
TXN_014783,0,NONE,NONE
TXN_006442,0,NONE,NONE
TXN_000358,1,SEQUENTIAL,MICRO_TO_LARGE_ESCALATION
TXN_010828,0,NONE,NONE
TXN_011475,0,NONE,NONE
TXN_007287,0,NONE,NONE
TXN_001824,0,NONE,NONE
TXN_000081,0,NONE,NONE
TXN_013441,0,NONE,NONE
TXN_005641,0,NONE,NONE
TXN_000922,0,NONE,NONE
TXN_008844,0,NONE,NONE
TXN_000589,0,NONE,NONE
TXN_005393,1,NETWORK,SHARED_DEVICE
TXN_012544,0,NONE,NONE
TXN_004553,0,NONE,NONE
TXN_014373,1,SEQUENTIAL,MICRO_TO_LARGE_ESCALATION
TXN_003850,0,NONE,NONE
TXN_007377,0,NONE,NONE
TXN_011440,0,NONE,NONE
TXN_001546,0,NONE,NONE
TXN_008764,0,NONE,NONE
TXN_003754,0,NONE,NONE
TXN_008153,0,NONE,NONE
TXN_007887,0,NONE,NONE
TXN_003068,0,NONE,NONE
TXN_008406,0,NONE,NONE
TXN_005655,0,NONE,NONE
TXN_010786,0,NONE,NONE
TXN_013145,0,NONE,NONE
TXN_005978,0,NONE,NONE
TXN_008024,0,NONE,NONE
TXN_005595,0,NONE,NONE
TXN_003990,1,AMOUNT_ANOMALY,SUDDEN_HIGH_VALUE
TXN_001047,0,NONE,NONE
TXN_011984,0,NONE,NONE
TXN_014460,0,NONE,NONE
TXN_000178,0,NONE,NONE
TXN_014643,0,NONE,NONE
TXN_013277,0,NONE,NONE
TXN_009017,0,NONE,NONE
TXN_001133,0,NONE,NONE
TXN_005956,0,NONE,NONE
TXN_008253,1,AMOUNT_ANOMALY,SUDDEN_HIGH_VALUE
TXN_011831,0,NONE,NONE
TXN_004100,0,NONE,NONE
TXN_011293,0,NONE,NONE
TXN_008957,0,NONE,NONE
TXN_009547,0,NONE,NONE
TXN_003774,0,NONE,NONE
TXN_010584,0,NONE,NONE
TXN_007897,0,NONE,NONE
TXN_002241,0,NONE,NONE
TXN_001550,0,NONE,NONE
TXN_006343,0,NONE,NONE
TXN_009863,1,CARD_TESTING,MICRO_TRANSACTIONS
TXN_014956,0,NONE,NONE
TXN_000527,0,NONE,NONE
TXN_003092,0,NONE,NONE
TXN_014809,0,NONE,NONE
TXN_004588,0,NONE,NONE
TXN_004429,0,NONE,NONE
TXN_000069,0,NONE,NONE
TXN_007094,0,NONE,NONE
TXN_011093,0,NONE,NONE
TXN_011525,1,SEQUENTIAL,MICRO_TO_LARGE_ESCALATION
TXN_012027,0,NONE,NONE
TXN_003739,0,NONE,NONE
TXN_000474,0,NONE,NONE
TXN_011888,1,NETWORK,SHARED_DEVICE
TXN_000229,0,NONE,NONE
TXN_005618,0,NONE,NONE
TXN_014911,0,NONE,NONE
TXN_011033,0,NONE,NONE
TXN_014215,0,NONE,NONE
TXN_003371,0,NONE,NONE
TXN_013820,0,NONE,NONE
TXN_009326,0,NONE,NONE
TXN_014423,0,NONE,NONE
TXN_010245,0,NONE,NONE
TXN_007215,0,NONE,NONE
TXN_003508,1,DEVICE,NEW_DEVICE
TXN_004643,0,NONE,NONE
TXN_014883,0,NONE,NONE
TXN_004381,0,NONE,NONE
TXN_008045,0,NONE,NONE
TXN_012870,0,NONE,NONE
TXN_007416,0,NONE,NONE
TXN_003731,0,NONE,NONE
TXN_005951,0,NONE,NONE
TXN_007842,0,NONE,NONE
TXN_007274,1,DEVICE,NEW_DEVICE
TXN_013049,0,NONE,NONE
TXN_005363,0,NONE,NONE
TXN_002782,0,NONE,NONE
TXN_001086,0,NONE,NONE
TXN_009957,0,NONE,NONE
TXN_010651,0,NONE,NONE
TXN_001579,0,NONE,NONE
TXN_003186,0,NONE,NONE
TXN_002076,0,NONE,NONE
TXN_008039,0,NONE,NONE
TXN_014175,0,NONE,NONE
TXN_008070,0,NONE,NONE
TXN_002175,0,NONE,NONE
TXN_004137,0,NONE,NONE
TXN_000198,0,NONE,NONE
TXN_006686,0,NONE,NONE
TXN_002200,0,NONE,NONE
TXN_002806,0,NONE,NONE
TXN_000910,0,NONE,NONE
TXN_002541,0,NONE,NONE
TXN_008776,0,NONE,NONE
TXN_004263,0,NONE,NONE
TXN_005080,0,NONE,NONE
TXN_014934,0,NONE,NONE
TXN_003133,0,NONE,NONE
TXN_000605,0,NONE,NONE
TXN_010115,0,NONE,NONE
TXN_013412,0,NONE,NONE
TXN_013375,0,NONE,NONE
TXN_002372,0,NONE,NONE
TXN_011430,0,NONE,NONE
TXN_001481,0,NONE,NONE
TXN_000506,0,NONE,NONE
TXN_000076,0,NONE,NONE
TXN_006569,0,NONE,NONE
TXN_004105,0,NONE,NONE
TXN_004640,0,NONE,NONE
TXN_013459,0,NONE,NONE
TXN_011208,0,NONE,NONE
TXN_012052,0,NONE,NONE
TXN_000980,0,NONE,NONE
TXN_003957,0,NONE,NONE
TXN_009402,0,NONE,NONE
TXN_003031,0,NONE,NONE
TXN_000345,0,NONE,NONE
TXN_001202,1,VELOCITY,RAPID_TRANSACTIONS
TXN_006384,1,SEQUENTIAL,MICRO_TO_LARGE_ESCALATION
TXN_011567,0,NONE,NONE
TXN_004478,0,NONE,NONE
TXN_008239,0,NONE,NONE
TXN_011369,0,NONE,NONE
TXN_004821,0,NONE,NONE
TXN_013406,1,MERCHANT,UNUSUAL_MERCHANT
TXN_000528,0,NONE,NONE
TXN_011473,0,NONE,NONE
TXN_013512,0,NONE,NONE
TXN_011520,0,NONE,NONE
TXN_008599,0,NONE,NONE
TXN_012724,1,VELOCITY,RAPID_TRANSACTIONS
TXN_014416,0,NONE,NONE
TXN_007761,1,VELOCITY,RAPID_TRANSACTIONS
TXN_008078,0,NONE,NONE
TXN_006931,0,NONE,NONE
TXN_009703,0,NONE,NONE
TXN_005869,0,NONE,NONE
TXN_014342,0,NONE,NONE
TXN_004448,0,NONE,NONE
TXN_003020,0,NONE,NONE
TXN_004204,0,NONE,NONE
TXN_004352,0,NONE,NONE
TXN_000695,0,NONE,NONE
TXN_004077,0,NONE,NONE
TXN_002520,0,NONE,NONE
TXN_014468,0,NONE,NONE
TXN_012537,0,NONE,NONE
TXN_010278,0,NONE,NONE
TXN_003781,0,NONE,NONE
TXN_007320,0,NONE,NONE
TXN_009484,0,NONE,NONE
TXN_009947,0,NONE,NONE
TXN_013155,1,SEQUENTIAL,MICRO_TO_LARGE_ESCALATION
TXN_011455,0,NONE,NONE
TXN_004700,0,NONE,NONE
TXN_004365,1,VELOCITY,RAPID_TRANSACTIONS
TXN_002186,0,NONE,NONE
TXN_007959,1,VELOCITY,RAPID_TRANSACTIONS
TXN_014832,0,NONE,NONE
TXN_004757,0,NONE,NONE
TXN_007040,0,NONE,NONE
TXN_006079,0,NONE,NONE
TXN_014696,0,NONE,NONE
TXN_006034,0,NONE,NONE
TXN_002046,0,NONE,NONE
TXN_012403,0,NONE,NONE
TXN_007037,0,NONE,NONE
TXN_012857,0,NONE,NONE
TXN_001212,0,NONE,NONE
TXN_010891,0,NONE,NONE
TXN_010367,0,NONE,NONE
TXN_000902,1,MERCHANT,UNUSUAL_MERCHANT
TXN_008945,0,NONE,NONE
TXN_001339,0,NONE,NONE
TXN_006148,0,NONE,NONE
TXN_009905,0,NONE,NONE
TXN_010314,0,NONE,NONE
TXN_008649,0,NONE,NONE
TXN_002348,0,NONE,NONE
TXN_001886,0,NONE,NONE
TXN_010347,0,NONE,NONE
TXN_004826,0,NONE,NONE
TXN_006806,0,NONE,NONE
TXN_009527,0,NONE,NONE
TXN_000565,0,NONE,NONE
TXN_012218,0,NONE,NONE
TXN_014576,0,NONE,NONE
TXN_014167,0,NONE,NONE
TXN_003089,1,NETWORK,SHARED_DEVICE
TXN_008668,0,NONE,NONE
TXN_009033,0,NONE,NONE
TXN_002763,1,BEHAVIORAL,SPENDING_PATTERN_SHIFT
TXN_005078,0,NONE,NONE
TXN_009138,0,NONE,NONE
TXN_002809,1,CARD_TESTING,MICRO_TRANSACTIONS
TXN_002740,0,NONE,NONE
TXN_004254,1,TIME_ANOMALY,UNUSUAL_HOUR
TXN_014152,0,NONE,NONE
TXN_011623,0,NONE,NONE
TXN_003301,1,TIME_ANOMALY,UNUSUAL_HOUR
TXN_005365,1,VELOCITY,RAPID_TRANSACTIONS
TXN_003986,0,NONE,NONE
TXN_012303,0,NONE,NONE
TXN_008211,0,NONE,NONE
TXN_010057,0,NONE,NONE
TXN_009449,0,NONE,NONE
TXN_007057,0,NONE,NONE
TXN_014413,0,NONE,NONE
TXN_010093,0,NONE,NONE
TXN_006970,0,NONE,NONE
TXN_005157,0,NONE,NONE
TXN_014729,0,NONE,NONE
TXN_004542,0,NONE,NONE
TXN_007896,1,VELOCITY,RAPID_TRANSACTIONS
TXN_005588,0,NONE,NONE
TXN_003467,0,NONE,NONE
TXN_012032,0,NONE,NONE
TXN_001182,0,NONE,NONE
TXN_011875,0,NONE,NONE
TXN_011965,0,NONE,NONE
TXN_011968,0,NONE,NONE
TXN_000828,0,NONE,NONE
TXN_005064,0,NONE,NONE
TXN_004196,0,NONE,NONE
TXN_008438,0,NONE,NONE
TXN_000596,1,GEOGRAPHIC,IMPOSSIBLE_TRAVEL
TXN_004060,0,NONE,NONE
TXN_010622,0,NONE,NONE
TXN_000260,0,NONE,NONE
TXN_007764,1,GEOGRAPHIC,IMPOSSIBLE_TRAVEL
TXN_014024,1,BEHAVIORAL,SPENDING_PATTERN_SHIFT
TXN_005068,0,NONE,NONE
TXN_014706,0,NONE,NONE
TXN_011090,0,NONE,NONE
TXN_004845,0,NONE,NONE
TXN_013531,0,NONE,NONE
TXN_000246,0,NONE,NONE
TXN_000845,0,NONE,NONE
TXN_008575,0,NONE,NONE
TXN_002251,0,NONE,NONE
TXN_006482,0,NONE,NONE
TXN_001710,0,NONE,NONE
TXN_007289,1,BEHAVIORAL,SPENDING_PATTERN_SHIFT
TXN_000331,0,NONE,NONE
TXN_005293,0,NONE,NONE
TXN_001356,0,NONE,NONE
TXN_009271,0,NONE,NONE
TXN_002805,0,NONE,NONE
TXN_008720,0,NONE,NONE
TXN_007862,0,NONE,NONE
TXN_000055,0,NONE,NONE
TXN_014751,1,DEVICE,NEW_DEVICE
TXN_009545,0,NONE,NONE
TXN_000467,0,NONE,NONE
TXN_004318,0,NONE,NONE
TXN_002471,0,NONE,NONE
TXN_011368,0,NONE,NONE
TXN_006793,0,NONE,NONE
TXN_009738,0,NONE,NONE
TXN_009269,0,NONE,NONE
TXN_008697,0,NONE,NONE
TXN_014741,0,NONE,NONE
TXN_000032,0,NONE,NONE
TXN_002424,1,SEQUENTIAL,MICRO_TO_LARGE_ESCALATION
TXN_008950,1,BEHAVIORAL,SPENDING_PATTERN_SHIFT
TXN_009068,0,NONE,NONE
TXN_008722,0,NONE,NONE
TXN_006093,0,NONE,NONE
TXN_011943,0,NONE,NONE
TXN_000077,0,NONE,NONE
TXN_013186,0,NONE,NONE
TXN_009256,0,NONE,NONE
TXN_006779,0,NONE,NONE
TXN_006773,0,NONE,NONE
TXN_003585,0,NONE,NONE
TXN_000773,0,NONE,NONE
TXN_014394,0,NONE,NONE
TXN_008661,0,NONE,NONE
TXN_001138,0,NONE,NONE
TXN_006643,0,NONE,NONE
TXN_005011,0,NONE,NONE
TXN_002815,0,NONE,NONE
TXN_000247,0,NONE,NONE
TXN_003421,1,GEOGRAPHIC,IMPOSSIBLE_TRAVEL
TXN_009757,0,NONE,NONE
TXN_003355,0,NONE,NONE
TXN_004772,0,NONE,NONE
TXN_012217,0,NONE,NONE
TXN_012734,0,NONE,NONE
TXN_000706,0,NONE,NONE
TXN_005636,0,NONE,NONE
TXN_004457,0,NONE,NONE
TXN_003959,0,NONE,NONE
TXN_009365,0,NONE,NONE
TXN_009734,0,NONE,NONE
TXN_010260,0,NONE,NONE
TXN_006521,1,SEQUENTIAL,MICRO_TO_LARGE_ESCALATION
TXN_013054,0,NONE,NONE
TXN_011803,0,NONE,NONE
TXN_013669,1,CARD_TESTING,MICRO_TRANSACTIONS
TXN_005211,0,NONE,NONE
TXN_007302,0,NONE,NONE
TXN_006381,0,NONE,NONE
TXN_011145,0,NONE,NONE
TXN_013807,0,NONE,NONE
TXN_006470,0,NONE,NONE
TXN_011892,0,NONE,NONE
TXN_010040,0,NONE,NONE
TXN_002280,0,NONE,NONE
TXN_014094,0,NONE,NONE
TXN_014495,0,NONE,NONE
TXN_007567,0,NONE,NONE
TXN_010085,0,NONE,NONE
TXN_012615,0,NONE,NONE
TXN_004620,0,NONE,NONE
TXN_002757,0,NONE,NONE
TXN_013092,0,NONE,NONE
TXN_000956,0,NONE,NONE
TXN_004397,0,NONE,NONE
TXN_013836,0,NONE,NONE
TXN_001670,0,NONE,NONE
TXN_014485,0,NONE,NONE
TXN_005999,0,NONE,NONE
TXN_012053,0,NONE,NONE
TXN_012753,0,NONE,NONE
TXN_002872,0,NONE,NONE
TXN_000694,0,NONE,NONE
TXN_014268,0,NONE,NONE
TXN_007445,0,NONE,NONE
TXN_005117,0,NONE,NONE
TXN_014900,0,NONE,NONE
TXN_009559,0,NONE,NONE
TXN_011267,0,NONE,NONE
TXN_014631,1,CARD_TESTING,MICRO_TRANSACTIONS
TXN_013785,0,NONE,NONE
TXN_005214,0,NONE,NONE
TXN_003601,0,NONE,NONE
TXN_001032,0,NONE,NONE
TXN_014382,0,NONE,NONE
TXN_014944,0,NONE,NONE
TXN_008455,0,NONE,NONE
TXN_005002,0,NONE,NONE
TXN_006254,1,CARD_TESTING,MICRO_TRANSACTIONS
TXN_004338,0,NONE,NONE
TXN_005541,0,NONE,NONE
TXN_006539,0,NONE,NONE
TXN_008641,0,NONE,NONE
TXN_007667,0,NONE,NONE
TXN_014211,0,NONE,NONE
TXN_012657,0,NONE,NONE
TXN_011785,0,NONE,NONE
TXN_005174,0,NONE,NONE
TXN_002286,0,NONE,NONE
TXN_006379,0,NONE,NONE
TXN_012522,0,NONE,NONE
TXN_013649,0,NONE,NONE
TXN_004687,1,SEQUENTIAL,MICRO_TO_LARGE_ESCALATION
TXN_004726,0,NONE,NONE
TXN_000350,1,DEVICE,NEW_DEVICE
TXN_011900,0,NONE,NONE
TXN_010190,0,NONE,NONE
TXN_011126,1,TIME_ANOMALY,UNUSUAL_HOUR
TXN_001049,0,NONE,NONE
TXN_013119,1,CARD_TESTING,MICRO_TRANSACTIONS
TXN_004668,0,NONE,NONE
TXN_013592,0,NONE,NONE
TXN_009740,1,TIME_ANOMALY,UNUSUAL_HOUR
TXN_004371,1,TIME_ANOMALY,UNUSUAL_HOUR
TXN_014415,0,NONE,NONE
TXN_010791,0,NONE,NONE
TXN_006091,0,NONE,NONE
TXN_014284,0,NONE,NONE
TXN_011683,0,NONE,NONE
TXN_012233,0,NONE,NONE
TXN_006908,0,NONE,NONE
TXN_013029,0,NONE,NONE
TXN_004142,0,NONE,NONE
TXN_010543,0,NONE,NONE
TXN_007219,0,NONE,NONE
TXN_002838,0,NONE,NONE
TXN_010957,0,NONE,NONE
TXN_011755,0,NONE,NONE
TXN_013950,0,NONE,NONE
TXN_007412,0,NONE,NONE
TXN_000115,0,NONE,NONE
TXN_005735,0,NONE,NONE
TXN_005760,0,NONE,NONE
TXN_004528,0,NONE,NONE
TXN_007582,0,NONE,NONE
TXN_014937,0,NONE,NONE
TXN_005391,0,NONE,NONE
TXN_011864,0,NONE,NONE
TXN_002090,0,NONE,NONE
TXN_000191,0,NONE,NONE
TXN_006824,0,NONE,NONE
TXN_006680,0,NONE,NONE
TXN_003542,0,NONE,NONE
TXN_010887,0,NONE,NONE
TXN_007327,0,NONE,NONE
TXN_014008,0,NONE,NONE
TXN_002619,0,NONE,NONE
TXN_002948,0,NONE,NONE
TXN_014204,0,NONE,NONE
TXN_008979,0,NONE,NONE
TXN_011711,0,NONE,NONE
TXN_011312,0,NONE,NONE
TXN_013334,0,NONE,NONE
TXN_008244,0,NONE,NONE
TXN_000943,0,NONE,NONE
TXN_005749,0,NONE,NONE
TXN_001351,0,NONE,NONE
TXN_000326,0,NONE,NONE
TXN_009937,0,NONE,NONE
TXN_008577,0,NONE,NONE
TXN_009566,0,NONE,NONE
TXN_007370,0,NONE,NONE
TXN_007479,0,NONE,NONE
TXN_007128,0,NONE,NONE
TXN_007011,0,NONE,NONE
TXN_002278,0,NONE,NONE
TXN_008948,0,NONE,NONE
TXN_003431,0,NONE,NONE
TXN_011377,0,NONE,NONE
TXN_007000,0,NONE,NONE
TXN_009226,0,NONE,NONE
TXN_013859,0,NONE,NONE
TXN_013035,0,NONE,NONE
TXN_000521,0,NONE,NONE
TXN_000370,0,NONE,NONE
TXN_007532,0,NONE,NONE
TXN_008302,0,NONE,NONE
TXN_002156,0,NONE,NONE
TXN_012274,0,NONE,NONE
TXN_011726,0,NONE,NONE
TXN_009615,0,NONE,NONE
TXN_014139,0,NONE,NONE
TXN_009508,0,NONE,NONE
TXN_014593,0,NONE,NONE
TXN_014223,0,NONE,NONE
TXN_003253,0,NONE,NONE
TXN_008759,0,NONE,NONE
TXN_014720,0,NONE,NONE
TXN_004788,0,NONE,NONE
TXN_014095,0,NONE,NONE
TXN_005625,0,NONE,NONE
TXN_003369,0,NONE,NONE
TXN_001749,0,NONE,NONE
TXN_001469,0,NONE,NONE
TXN_006847,0,NONE,NONE
TXN_004224,0,NONE,NONE
TXN_010897,0,NONE,NONE
TXN_002783,0,NONE,NONE
TXN_012750,0,NONE,NONE
TXN_010714,0,NONE,NONE
TXN_004729,0,NONE,NONE
TXN_006734,0,NONE,NONE
TXN_007832,0,NONE,NONE
TXN_011462,0,NONE,NONE
TXN_003457,0,NONE,NONE
TXN_005945,0,NONE,NONE
TXN_012608,0,NONE,NONE
TXN_011136,0,NONE,NONE
TXN_012960,0,NONE,NONE
TXN_008785,0,NONE,NONE
TXN_008485,0,NONE,NONE
TXN_012114,0,NONE,NONE
TXN_007077,0,NONE,NONE
TXN_006795,0,NONE,NONE
TXN_008978,0,NONE,NONE
TXN_005000,0,NONE,NONE
TXN_013546,0,NONE,NONE
TXN_003284,0,NONE,NONE
TXN_013229,0,NONE,NONE
TXN_011783,0,NONE,NONE
TXN_000796,1,VELOCITY,RAPID_TRANSACTIONS
TXN_009470,0,NONE,NONE
TXN_003266,0,NONE,NONE
TXN_009459,0,NONE,NONE
TXN_010762,0,NONE,NONE
TXN_008876,0,NONE,NONE
TXN_002421,0,NONE,NONE
TXN_008241,0,NONE,NONE
TXN_006261,0,NONE,NONE
TXN_012835,0,NONE,NONE
TXN_004512,0,NONE,NONE
TXN_006332,0,NONE,NONE
TXN_012050,0,NONE,NONE
TXN_010684,0,NONE,NONE
TXN_013690,0,NONE,NONE
TXN_013880,0,NONE,NONE
TXN_007836,0,NONE,NONE
TXN_002961,0,NONE,NONE
TXN_001077,0,NONE,NONE
TXN_010840,0,NONE,NONE
TXN_009808,0,NONE,NONE
TXN_010643,0,NONE,NONE
TXN_000520,0,NONE,NONE
TXN_005456,0,NONE,NONE
TXN_009687,0,NONE,NONE
TXN_010360,0,NONE,NONE
TXN_005532,1,GEOGRAPHIC,IMPOSSIBLE_TRAVEL
TXN_013313,1,SEQUENTIAL,MICRO_TO_LARGE_ESCALATION
TXN_001567,0,NONE,NONE
TXN_000315,0,NONE,NONE
TXN_008456,1,CARD_TESTING,MICRO_TRANSACTIONS
TXN_012984,0,NONE,NONE
TXN_014195,0,NONE,NONE
TXN_011665,1,TIME_ANOMALY,UNUSUAL_HOUR
TXN_011420,0,NONE,NONE
TXN_011857,0,NONE,NONE
TXN_004450,0,NONE,NONE
TXN_010042,0,NONE,NONE
TXN_007160,0,NONE,NONE
TXN_007098,0,NONE,NONE
TXN_006781,0,NONE,NONE
TXN_010793,0,NONE,NONE
TXN_001362,0,NONE,NONE
TXN_002477,1,BEHAVIORAL,SPENDING_PATTERN_SHIFT
TXN_007811,0,NONE,NONE
TXN_011533,0,NONE,NONE
TXN_004425,0,NONE,NONE
TXN_010931,0,NONE,NONE
TXN_002979,0,NONE,NONE
TXN_011207,0,NONE,NONE
TXN_000761,0,NONE,NONE
TXN_005964,0,NONE,NONE
TXN_005819,0,NONE,NONE
TXN_000122,0,NONE,NONE
TXN_009097,0,NONE,NONE
TXN_006823,0,NONE,NONE
TXN_003351,0,NONE,NONE
TXN_004253,0,NONE,NONE
TXN_008780,0,NONE,NONE
TXN_003748,0,NONE,NONE
TXN_011502,0,NONE,NONE
TXN_005001,0,NONE,NONE
TXN_012881,1,BEHAVIORAL,SPENDING_PATTERN_SHIFT
TXN_007685,1,GEOGRAPHIC,IMPOSSIBLE_TRAVEL
TXN_004113,0,NONE,NONE
TXN_005401,0,NONE,NONE
TXN_010766,0,NONE,NONE
TXN_005889,0,NONE,NONE
TXN_006910,0,NONE,NONE
TXN_005222,1,BEHAVIORAL,SPENDING_PATTERN_SHIFT
TXN_002231,0,NONE,NONE
TXN_005270,0,NONE,NONE
TXN_001431,0,NONE,NONE
TXN_014294,0,NONE,NONE
TXN_004367,0,NONE,NONE
TXN_004636,0,NONE,NONE
TXN_006952,0,NONE,NONE
TXN_011185,1,AMOUNT_ANOMALY,SUDDEN_HIGH_VALUE
TXN_003004,0,NONE,NONE
TXN_006565,1,TIME_ANOMALY,UNUSUAL_HOUR
TXN_013750,1,TIME_ANOMALY,UNUSUAL_HOUR
TXN_007025,0,NONE,NONE
TXN_012761,1,CARD_TESTING,MICRO_TRANSACTIONS
TXN_007206,0,NONE,NONE
TXN_001506,0,NONE,NONE
TXN_007151,0,NONE,NONE
TXN_002350,0,NONE,NONE
TXN_010818,0,NONE,NONE
TXN_008988,0,NONE,NONE
TXN_010410,0,NONE,NONE
TXN_012170,1,MERCHANT,UNUSUAL_MERCHANT
TXN_000047,0,NONE,NONE
TXN_007728,0,NONE,NONE
TXN_001826,1,TIME_ANOMALY,UNUSUAL_HOUR
TXN_013788,0,NONE,NONE
TXN_004784,0,NONE,NONE
TXN_005944,0,NONE,NONE
TXN_011144,0,NONE,NONE
TXN_004931,0,NONE,NONE
TXN_009339,0,NONE,NONE
TXN_008250,0,NONE,NONE
TXN_011573,0,NONE,NONE
TXN_004554,0,NONE,NONE
TXN_001273,1,SEQUENTIAL,MICRO_TO_LARGE_ESCALATION
TXN_007935,0,NONE,NONE
TXN_009621,0,NONE,NONE
TXN_012538,0,NONE,NONE
TXN_003044,0,NONE,NONE
TXN_011816,1,NETWORK,SHARED_DEVICE
TXN_012419,0,NONE,NONE
TXN_007561,0,NONE,NONE
TXN_001658,0,NONE,NONE
TXN_011509,0,NONE,NONE
TXN_006016,0,NONE,NONE
TXN_003161,0,NONE,NONE
TXN_005317,0,NONE,NONE
TXN_004394,0,NONE,NONE
TXN_012084,0,NONE,NONE
TXN_009234,0,NONE,NONE
TXN_014197,0,NONE,NONE
TXN_007175,0,NONE,NONE
TXN_001526,1,SEQUENTIAL,MICRO_TO_LARGE_ESCALATION
TXN_005249,0,NONE,NONE
TXN_003407,0,NONE,NONE
TXN_014339,0,NONE,NONE
TXN_006117,0,NONE,NONE
TXN_007844,0,NONE,NONE
TXN_014578,0,NONE,NONE
TXN_014567,0,NONE,NONE
TXN_011499,0,NONE,NONE
TXN_001316,1,NETWORK,SHARED_DEVICE
TXN_007823,0,NONE,NONE
TXN_009323,0,NONE,NONE
TXN_010755,0,NONE,NONE
TXN_011080,0,NONE,NONE
TXN_014679,0,NONE,NONE
TXN_014357,0,NONE,NONE
TXN_007446,0,NONE,NONE
TXN_006541,0,NONE,NONE
TXN_004533,0,NONE,NONE
TXN_010952,0,NONE,NONE
TXN_010204,0,NONE,NONE
TXN_013019,0,NONE,NONE
TXN_011158,0,NONE,NONE
TXN_003168,0,NONE,NONE
TXN_005383,0,NONE,NONE
TXN_004563,0,NONE,NONE
TXN_001833,0,NONE,NONE
TXN_012176,0,NONE,NONE
TXN_000053,0,NONE,NONE
TXN_005408,0,NONE,NONE
TXN_002045,0,NONE,NONE
TXN_011654,0,NONE,NONE
TXN_005426,0,NONE,NONE
TXN_011556,0,NONE,NONE
TXN_005779,0,NONE,NONE
TXN_010682,0,NONE,NONE
TXN_004014,0,NONE,NONE
TXN_010467,0,NONE,NONE
TXN_007958,0,NONE,NONE
TXN_014584,0,NONE,NONE
TXN_009796,0,NONE,NONE
TXN_011825,0,NONE,NONE
TXN_007409,0,NONE,NONE
TXN_008127,0,NONE,NONE
TXN_004777,0,NONE,NONE
TXN_000702,0,NONE,NONE
TXN_008139,0,NONE,NONE
TXN_013166,0,NONE,NONE
TXN_008397,0,NONE,NONE
TXN_002206,0,NONE,NONE
TXN_001954,0,NONE,NONE
TXN_010270,0,NONE,NONE
TXN_001470,0,NONE,NONE
TXN_009148,0,NONE,NONE
TXN_000972,0,NONE,NONE
TXN_009652,0,NONE,NONE
TXN_005432,0,NONE,NONE
TXN_001251,0,NONE,NONE
TXN_007476,0,NONE,NONE
TXN_013135,0,NONE,NONE
TXN_007042,0,NONE,NONE
TXN_005035,0,NONE,NONE
TXN_000264,0,NONE,NONE
TXN_014750,0,NONE,NONE
TXN_001500,0,NONE,NONE
TXN_007725,0,NONE,NONE
TXN_014589,0,NONE,NONE
TXN_001071,0,NONE,NONE
TXN_001919,0,NONE,NONE
TXN_014764,0,NONE,NONE
TXN_012586,0,NONE,NONE
TXN_010559,0,NONE,NONE
TXN_014143,0,NONE,NONE
TXN_000955,0,NONE,NONE
TXN_014000,1,SEQUENTIAL,MICRO_TO_LARGE_ESCALATION
TXN_005006,0,NONE,NONE
TXN_005407,0,NONE,NONE
TXN_003314,0,NONE,NONE
TXN_002462,0,NONE,NONE
TXN_008281,0,NONE,NONE
TXN_002746,0,NONE,NONE
TXN_007276,0,NONE,NONE
TXN_004733,0,NONE,NONE
TXN_012201,0,NONE,NONE
TXN_014330,0,NONE,NONE
TXN_006913,0,NONE,NONE
TXN_007343,1,SEQUENTIAL,MICRO_TO_LARGE_ESCALATION
TXN_002469,0,NONE,NONE
TXN_004039,0,NONE,NONE
TXN_008425,0,NONE,NONE
TXN_010613,0,NONE,NONE
TXN_003474,0,NONE,NONE
TXN_008512,0,NONE,NONE
TXN_012467,0,NONE,NONE
TXN_014341,1,BEHAVIORAL,SPENDING_PATTERN_SHIFT
TXN_002184,0,NONE,NONE
TXN_004070,0,NONE,NONE
TXN_006812,0,NONE,NONE
TXN_014312,0,NONE,NONE
TXN_012457,0,NONE,NONE
TXN_010409,0,NONE,NONE
TXN_008570,0,NONE,NONE
TXN_002845,0,NONE,NONE
TXN_002935,0,NONE,NONE
TXN_001267,0,NONE,NONE
TXN_005173,0,NONE,NONE
TXN_010421,0,NONE,NONE
TXN_009362,0,NONE,NONE
TXN_006679,0,NONE,NONE
TXN_013147,0,NONE,NONE
TXN_003989,0,NONE,NONE
TXN_004572,0,NONE,NONE
TXN_001572,0,NONE,NONE
TXN_003580,0,NONE,NONE
TXN_007461,0,NONE,NONE
TXN_001294,0,NONE,NONE
TXN_012773,0,NONE,NONE
TXN_012126,0,NONE,NONE
TXN_008222,0,NONE,NONE
TXN_013629,0,NONE,NONE
TXN_010832,1,SEQUENTIAL,MICRO_TO_LARGE_ESCALATION
TXN_010054,0,NONE,NONE
TXN_013485,1,MERCHANT,UNUSUAL_MERCHANT
TXN_007857,0,NONE,NONE
TXN_013523,0,NONE,NONE
TXN_005371,1,GEOGRAPHIC,IMPOSSIBLE_TRAVEL
TXN_011592,0,NONE,NONE
TXN_003732,0,NONE,NONE
TXN_000300,0,NONE,NONE
TXN_004034,0,NONE,NONE
TXN_010146,0,NONE,NONE
TXN_003664,0,NONE,NONE
TXN_009635,0,NONE,NONE
TXN_001876,1,CARD_TESTING,MICRO_TRANSACTIONS
TXN_012118,0,NONE,NONE
TXN_003189,0,NONE,NONE
TXN_004115,0,NONE,NONE
TXN_007606,0,NONE,NONE
TXN_014918,0,NONE,NONE
TXN_005235,1,GEOGRAPHIC,IMPOSSIBLE_TRAVEL
TXN_000844,0,NONE,NONE
TXN_005620,0,NONE,NONE
TXN_000058,0,NONE,NONE
TXN_007671,0,NONE,NONE
TXN_012464,0,NONE,NONE
TXN_002274,0,NONE,NONE
TXN_008637,0,NONE,NONE
TXN_005755,0,NONE,NONE
TXN_002050,0,NONE,NONE
TXN_007964,0,NONE,NONE
TXN_002927,0,NONE,NONE
TXN_003238,0,NONE,NONE
TXN_013097,0,NONE,NONE
TXN_005276,0,NONE,NONE
TXN_002792,0,NONE,NONE
TXN_002289,1,TIME_ANOMALY,UNUSUAL_HOUR
TXN_004824,1,TIME_ANOMALY,UNUSUAL_HOUR
TXN_006614,0,NONE,NONE
TXN_006549,0,NONE,NONE
TXN_010671,0,NONE,NONE
TXN_000678,0,NONE,NONE
TXN_000647,0,NONE,NONE
TXN_000556,0,NONE,NONE
TXN_004776,0,NONE,NONE
TXN_008678,0,NONE,NONE
TXN_007981,0,NONE,NONE
TXN_007380,0,NONE,NONE
TXN_006350,0,NONE,NONE
TXN_003630,0,NONE,NONE
TXN_009888,0,NONE,NONE
TXN_014827,0,NONE,NONE
TXN_002396,0,NONE,NONE
TXN_014951,0,NONE,NONE
TXN_014768,0,NONE,NONE
TXN_002367,0,NONE,NONE
TXN_011217,0,NONE,NONE
TXN_003552,0,NONE,NONE
TXN_008119,0,NONE,NONE
TXN_001296,0,NONE,NONE
TXN_007275,0,NONE,NONE
TXN_004442,0,NONE,NONE
TXN_007038,0,NONE,NONE
TXN_004613,0,NONE,NONE
TXN_003884,0,NONE,NONE
TXN_001752,1,VELOCITY,RAPID_TRANSACTIONS
TXN_007085,0,NONE,NONE
TXN_006555,0,NONE,NONE
TXN_010165,0,NONE,NONE
TXN_009090,0,NONE,NONE
TXN_014997,1,VELOCITY,RAPID_TRANSACTIONS
TXN_014987,0,NONE,NONE
TXN_008930,0,NONE,NONE
TXN_012720,0,NONE,NONE
TXN_001337,0,NONE,NONE
TXN_005679,0,NONE,NONE
TXN_006953,0,NONE,NONE
TXN_007850,0,NONE,NONE
TXN_005550,0,NONE,NONE
TXN_012904,0,NONE,NONE
TXN_000858,0,NONE,NONE
TXN_014424,0,NONE,NONE
TXN_011530,1,VELOCITY,RAPID_TRANSACTIONS
TXN_012205,0,NONE,NONE
TXN_011442,0,NONE,NONE
TXN_003978,0,NONE,NONE
TXN_014104,0,NONE,NONE
TXN_005085,0,NONE,NONE
TXN_012810,0,NONE,NONE
TXN_003175,0,NONE,NONE
TXN_012791,0,NONE,NONE
TXN_004110,1,GEOGRAPHIC,IMPOSSIBLE_TRAVEL
TXN_006919,0,NONE,NONE
TXN_007386,0,NONE,NONE
TXN_006183,0,NONE,NONE
TXN_008292,0,NONE,NONE
TXN_013218,0,NONE,NONE
TXN_005421,0,NONE,NONE
TXN_010429,0,NONE,NONE
TXN_010295,0,NONE,NONE
TXN_006631,0,NONE,NONE
TXN_012441,0,NONE,NONE
TXN_001548,0,NONE,NONE
TXN_005896,0,NONE,NONE
TXN_011263,0,NONE,NONE
TXN_010737,0,NONE,NONE
TXN_010486,0,NONE,NONE
TXN_005474,0,NONE,NONE
TXN_007522,0,NONE,NONE
TXN_001660,0,NONE,NONE
TXN_014612,1,CARD_TESTING,MICRO_TRANSACTIONS
TXN_012945,0,NONE,NONE
TXN_008770,0,NONE,NONE
TXN_006439,0,NONE,NONE
TXN_008918,0,NONE,NONE
TXN_002693,0,NONE,NONE
TXN_003916,0,NONE,NONE
TXN_006815,0,NONE,NONE
TXN_011634,1,NETWORK,SHARED_DEVICE
TXN_005386,0,NONE,NONE
TXN_013191,0,NONE,NONE
TXN_012256,0,NONE,NONE
TXN_005731,0,NONE,NONE
TXN_006159,0,NONE,NONE
TXN_001986,0,NONE,NONE
TXN_007367,0,NONE,NONE
TXN_000723,0,NONE,NONE
TXN_010025,1,AMOUNT_ANOMALY,SUDDEN_HIGH_VALUE
TXN_002039,0,NONE,NONE
TXN_014493,0,NONE,NONE
TXN_012109,0,NONE,NONE
TXN_005910,1,CARD_TESTING,MICRO_TRANSACTIONS
TXN_001310,0,NONE,NONE
TXN_010088,0,NONE,NONE
TXN_014876,0,NONE,NONE
TXN_004947,0,NONE,NONE
TXN_012730,0,NONE,NONE
TXN_005304,0,NONE,NONE
TXN_009343,0,NONE,NONE
TXN_006248,0,NONE,NONE
TXN_006287,1,MERCHANT,UNUSUAL_MERCHANT
TXN_011439,0,NONE,NONE
TXN_012425,0,NONE,NONE
TXN_005186,0,NONE,NONE
TXN_000382,0,NONE,NONE
TXN_000587,0,NONE,NONE
TXN_008217,0,NONE,NONE
TXN_011699,1,BEHAVIORAL,SPENDING_PATTERN_SHIFT
TXN_014675,0,NONE,NONE
TXN_009096,0,NONE,NONE
TXN_001931,0,NONE,NONE
TXN_001457,0,NONE,NONE
TXN_006805,0,NONE,NONE
TXN_011053,0,NONE,NONE
TXN_011464,0,NONE,NONE
TXN_001783,0,NONE,NONE
TXN_005261,0,NONE,NONE
TXN_010948,0,NONE,NONE
TXN_008141,0,NONE,NONE
TXN_013543,0,NONE,NONE
TXN_009377,0,NONE,NONE
TXN_014713,0,NONE,NONE
TXN_000518,0,NONE,NONE
TXN_008441,0,NONE,NONE
TXN_000384,0,NONE,NONE
TXN_006748,1,VELOCITY,RAPID_TRANSACTIONS
TXN_005094,0,NONE,NONE
TXN_014058,0,NONE,NONE
TXN_009739,1,BEHAVIORAL,SPENDING_PATTERN_SHIFT
TXN_009215,0,NONE,NONE
TXN_010135,0,NONE,NONE
TXN_007236,0,NONE,NONE
TXN_011200,0,NONE,NONE
TXN_011060,0,NONE,NONE
TXN_009005,0,NONE,NONE
TXN_014660,0,NONE,NONE
TXN_007675,0,NONE,NONE
TXN_004915,0,NONE,NONE
TXN_011150,0,NONE,NONE
TXN_002866,0,NONE,NONE
TXN_008310,1,DEVICE,NEW_DEVICE
TXN_011345,0,NONE,NONE
TXN_006278,0,NONE,NONE
TXN_012280,0,NONE,NONE
TXN_010733,0,NONE,NONE
TXN_012070,0,NONE,NONE
TXN_005817,0,NONE,NONE
TXN_011682,0,NONE,NONE
TXN_013103,0,NONE,NONE
TXN_005384,0,NONE,NONE
TXN_000391,0,NONE,NONE
TXN_012196,0,NONE,NONE
TXN_014263,0,NONE,NONE
TXN_008725,0,NONE,NONE
TXN_010804,0,NONE,NONE
TXN_013952,0,NONE,NONE
TXN_001782,0,NONE,NONE
TXN_002705,0,NONE,NONE
TXN_003148,0,NONE,NONE
TXN_002491,0,NONE,NONE
TXN_008974,0,NONE,NONE
TXN_008304,0,NONE,NONE
TXN_000896,0,NONE,NONE
TXN_002443,0,NONE,NONE
TXN_006414,0,NONE,NONE
TXN_000219,0,NONE,NONE
TXN_002910,0,NONE,NONE
TXN_011717,0,NONE,NONE
TXN_001518,0,NONE,NONE
TXN_003724,0,NONE,NONE
TXN_001424,0,NONE,NONE
TXN_001005,0,NONE,NONE
TXN_014668,0,NONE,NONE
TXN_008238,1,BEHAVIORAL,SPENDING_PATTERN_SHIFT
TXN_000954,0,NONE,NONE
TXN_012745,0,NONE,NONE
TXN_006685,0,NONE,NONE
TXN_005973,0,NONE,NONE
TXN_005695,0,NONE,NONE
TXN_013765,0,NONE,NONE
TXN_007436,0,NONE,NONE
TXN_010106,0,NONE,NONE
TXN_003196,0,NONE,NONE
TXN_009295,0,NONE,NONE
TXN_005883,0,NONE,NONE
TXN_001241,1,TIME_ANOMALY,UNUSUAL_HOUR
TXN_012958,0,NONE,NONE
TXN_000707,0,NONE,NONE
TXN_004827,0,NONE,NONE
TXN_011923,0,NONE,NONE
TXN_003282,0,NONE,NONE
TXN_007465,1,BEHAVIORAL,SPENDING_PATTERN_SHIFT
TXN_014640,0,NONE,NONE
TXN_011702,0,NONE,NONE
TXN_014417,0,NONE,NONE
TXN_008016,1,BEHAVIORAL,SPENDING_PATTERN_SHIFT
TXN_013233,0,NONE,NONE
TXN_005465,0,NONE,NONE
TXN_004223,1,GEOGRAPHIC,IMPOSSIBLE_TRAVEL
TXN_000630,1,CARD_TESTING,MICRO_TRANSACTIONS
TXN_004268,0,NONE,NONE
TXN_009900,0,NONE,NONE
TXN_007125,0,NONE,NONE
TXN_004471,0,NONE,NONE
TXN_001780,0,NONE,NONE
TXN_005367,0,NONE,NONE
TXN_007960,1,SEQUENTIAL,MICRO_TO_LARGE_ESCALATION
TXN_006750,0,NONE,NONE
TXN_014226,1,MERCHANT,UNUSUAL_MERCHANT
TXN_009837,0,NONE,NONE
TXN_003513,0,NONE,NONE
TXN_002956,0,NONE,NONE
TXN_002710,0,NONE,NONE
TXN_003646,1,VELOCITY,RAPID_TRANSACTIONS
TXN_003482,0,NONE,NONE
TXN_013813,0,NONE,NONE
TXN_001688,0,NONE,NONE
TXN_006488,0,NONE,NONE
TXN_007010,1,SEQUENTIAL,MICRO_TO_LARGE_ESCALATION
TXN_000924,0,NONE,NONE
TXN_013206,0,NONE,NONE
TXN_005577,0,NONE,NONE
TXN_014244,0,NONE,NONE
TXN_014614,0,NONE,NONE
TXN_008728,0,NONE,NONE
TXN_006654,0,NONE,NONE
TXN_005451,0,NONE,NONE
TXN_005372,1,AMOUNT_ANOMALY,SUDDEN_HIGH_VALUE
TXN_009828,0,NONE,NONE
TXN_008282,0,NONE,NONE
TXN_006322,0,NONE,NONE
TXN_005489,0,NONE,NONE
TXN_014735,0,NONE,NONE
TXN_013764,0,NONE,NONE
TXN_000633,0,NONE,NONE
TXN_013717,0,NONE,NONE
TXN_004111,0,NONE,NONE
TXN_009895,0,NONE,NONE
TXN_005953,0,NONE,NONE
TXN_006512,0,NONE,NONE
TXN_012801,0,NONE,NONE
TXN_008650,0,NONE,NONE
TXN_002754,0,NONE,NONE
TXN_012155,0,NONE,NONE
TXN_012888,0,NONE,NONE
TXN_010606,0,NONE,NONE
TXN_013924,0,NONE,NONE
TXN_004265,0,NONE,NONE
TXN_011081,0,NONE,NONE
TXN_002245,0,NONE,NONE
TXN_004299,0,NONE,NONE
TXN_004713,0,NONE,NONE
TXN_000344,0,NONE,NONE
TXN_009992,0,NONE,NONE
TXN_014556,0,NONE,NONE
TXN_005375,0,NONE,NONE
TXN_003456,0,NONE,NONE
TXN_005443,0,NONE,NONE
TXN_011379,1,VELOCITY,RAPID_TRANSACTIONS
TXN_000607,0,NONE,NONE
TXN_013725,0,NONE,NONE
TXN_000461,0,NONE,NONE
TXN_008410,0,NONE,NONE
TXN_014009,0,NONE,NONE
TXN_006115,0,NONE,NONE
TXN_005230,0,NONE,NONE
TXN_000001,0,NONE,NONE
TXN_010649,0,NONE,NONE
TXN_000451,0,NONE,NONE
TXN_012100,0,NONE,NONE
TXN_007477,0,NONE,NONE
TXN_007478,0,NONE,NONE
TXN_001615,0,NONE,NONE
TXN_001664,1,VELOCITY,RAPID_TRANSACTIONS
TXN_000070,0,NONE,NONE
TXN_010788,0,NONE,NONE
TXN_002052,0,NONE,NONE
TXN_003023,0,NONE,NONE
TXN_008191,0,NONE,NONE
TXN_009403,0,NONE,NONE
TXN_001705,0,NONE,NONE
TXN_013660,0,NONE,NONE
TXN_005436,1,CARD_TESTING,MICRO_TRANSACTIONS
TXN_008991,0,NONE,NONE
TXN_004163,0,NONE,NONE
TXN_010171,0,NONE,NONE
TXN_008284,0,NONE,NONE
TXN_014773,0,NONE,NONE
TXN_004490,0,NONE,NONE
TXN_005904,0,NONE,NONE
TXN_010038,0,NONE,NONE
TXN_014860,0,NONE,NONE
TXN_001930,0,NONE,NONE
TXN_001495,0,NONE,NONE
TXN_008954,0,NONE,NONE
TXN_007511,0,NONE,NONE
TXN_005587,0,NONE,NONE
TXN_014721,0,NONE,NONE
TXN_008544,0,NONE,NONE
TXN_009091,1,BEHAVIORAL,SPENDING_PATTERN_SHIFT
TXN_004421,0,NONE,NONE
TXN_011897,0,NONE,NONE
TXN_010864,0,NONE,NONE
TXN_003797,0,NONE,NONE
TXN_014255,0,NONE,NONE
TXN_010374,1,DEVICE,NEW_DEVICE
TXN_007763,1,VELOCITY,RAPID_TRANSACTIONS
TXN_008216,0,NONE,NONE
TXN_003323,0,NONE,NONE
TXN_005447,0,NONE,NONE
TXN_004203,0,NONE,NONE
TXN_002639,0,NONE,NONE
TXN_012265,0,NONE,NONE
TXN_013039,0,NONE,NONE
TXN_001036,0,NONE,NONE
TXN_005347,1,CARD_TESTING,MICRO_TRANSACTIONS
TXN_008353,0,NONE,NONE
TXN_014524,0,NONE,NONE
TXN_007457,0,NONE,NONE
TXN_004961,0,NONE,NONE
TXN_008751,0,NONE,NONE
TXN_001025,0,NONE,NONE
TXN_001981,0,NONE,NONE
TXN_002431,0,NONE,NONE
TXN_008737,0,NONE,NONE
TXN_011569,0,NONE,NONE
TXN_014332,0,NONE,NONE
TXN_009275,0,NONE,NONE
TXN_013897,0,NONE,NONE
TXN_010741,0,NONE,NONE
TXN_002617,0,NONE,NONE
TXN_009103,0,NONE,NONE
TXN_006420,0,NONE,NONE
TXN_008604,1,DEVICE,NEW_DEVICE
TXN_012699,0,NONE,NONE
TXN_014068,0,NONE,NONE
TXN_001123,0,NONE,NONE
TXN_003245,0,NONE,NONE
TXN_013553,0,NONE,NONE
TXN_005356,0,NONE,NONE
TXN_002218,0,NONE,NONE
TXN_005072,0,NONE,NONE
TXN_012260,0,NONE,NONE
TXN_000142,1,NETWORK,SHARED_DEVICE
TXN_002609,0,NONE,NONE
TXN_007293,0,NONE,NONE
TXN_012567,0,NONE,NONE
TXN_000101,0,NONE,NONE
TXN_012472,0,NONE,NONE
TXN_014920,0,NONE,NONE
TXN_008951,0,NONE,NONE
TXN_011698,0,NONE,NONE
TXN_014681,0,NONE,NONE
TXN_011739,1,TIME_ANOMALY,UNUSUAL_HOUR
TXN_014708,0,NONE,NONE
TXN_013248,0,NONE,NONE
TXN_011510,0,NONE,NONE
TXN_013818,0,NONE,NONE
TXN_009144,0,NONE,NONE
TXN_001661,1,SEQUENTIAL,MICRO_TO_LARGE_ESCALATION
TXN_011659,0,NONE,NONE
TXN_005997,0,NONE,NONE
TXN_010400,0,NONE,NONE
TXN_006971,0,NONE,NONE
TXN_009136,0,NONE,NONE
TXN_002579,0,NONE,NONE
TXN_009077,0,NONE,NONE
TXN_011766,0,NONE,NONE
TXN_006639,0,NONE,NONE
TXN_000266,0,NONE,NONE
TXN_002211,0,NONE,NONE
TXN_005738,0,NONE,NONE
TXN_011937,0,NONE,NONE
TXN_013528,0,NONE,NONE
TXN_005136,0,NONE,NONE
TXN_003612,0,NONE,NONE
TXN_004051,0,NONE,NONE
TXN_001608,0,NONE,NONE
TXN_008377,0,NONE,NONE
TXN_008370,0,NONE,NONE
TXN_001193,0,NONE,NONE
TXN_001160,0,NONE,NONE
TXN_005774,0,NONE,NONE
TXN_013576,0,NONE,NONE
TXN_008303,1,CARD_TESTING,MICRO_TRANSACTIONS
TXN_010472,0,NONE,NONE
TXN_010595,0,NONE,NONE
TXN_010370,0,NONE,NONE
TXN_003450,0,NONE,NONE
TXN_007500,0,NONE,NONE
TXN_006784,0,NONE,NONE
TXN_003381,0,NONE,NONE
TXN_013015,0,NONE,NONE
TXN_011523,0,NONE,NONE
TXN_014376,0,NONE,NONE
TXN_003891,0,NONE,NONE
TXN_013437,0,NONE,NONE
TXN_006018,0,NONE,NONE
TXN_013285,0,NONE,NONE
TXN_000318,0,NONE,NONE
TXN_002738,0,NONE,NONE
TXN_013896,0,NONE,NONE
TXN_012746,0,NONE,NONE
TXN_004258,0,NONE,NONE
TXN_012393,0,NONE,NONE
TXN_002736,0,NONE,NONE
TXN_006177,0,NONE,NONE
TXN_010117,0,NONE,NONE
TXN_000063,0,NONE,NONE
TXN_006196,0,NONE,NONE
TXN_007645,1,SEQUENTIAL,MICRO_TO_LARGE_ESCALATION
TXN_002091,0,NONE,NONE
TXN_001285,0,NONE,NONE
TXN_012849,0,NONE,NONE
TXN_005258,0,NONE,NONE
TXN_012182,0,NONE,NONE
TXN_011550,0,NONE,NONE
TXN_007860,0,NONE,NONE
TXN_007021,0,NONE,NONE
TXN_013656,0,NONE,NONE
TXN_009586,0,NONE,NONE
TXN_000782,0,NONE,NONE
TXN_011939,0,NONE,NONE
TXN_000979,0,NONE,NONE
TXN_008574,0,NONE,NONE
TXN_007097,0,NONE,NONE
TXN_012754,0,NONE,NONE
TXN_012076,0,NONE,NONE
TXN_003495,0,NONE,NONE
TXN_011283,0,NONE,NONE
TXN_002217,0,NONE,NONE
TXN_014744,0,NONE,NONE
TXN_014829,0,NONE,NONE
TXN_011450,0,NONE,NONE
TXN_005864,0,NONE,NONE
TXN_013685,0,NONE,NONE
TXN_008709,0,NONE,NONE
TXN_012258,0,NONE,NONE
TXN_013322,1,VELOCITY,RAPID_TRANSACTIONS
TXN_012157,0,NONE,NONE
TXN_004270,0,NONE,NONE
TXN_011275,0,NONE,NONE
TXN_003032,0,NONE,NONE
TXN_013434,0,NONE,NONE
TXN_014665,0,NONE,NONE
TXN_008903,0,NONE,NONE
TXN_010528,0,NONE,NONE
TXN_003195,0,NONE,NONE
TXN_013168,0,NONE,NONE
TXN_003164,0,NONE,NONE
TXN_006230,0,NONE,NONE
TXN_006948,0,NONE,NONE
TXN_005040,0,NONE,NONE
TXN_001163,0,NONE,NONE
TXN_012588,0,NONE,NONE
TXN_013101,0,NONE,NONE
TXN_000736,0,NONE,NONE
TXN_001004,0,NONE,NONE
TXN_004317,0,NONE,NONE
TXN_002640,0,NONE,NONE
TXN_006306,0,NONE,NONE
TXN_004710,0,NONE,NONE
TXN_000616,0,NONE,NONE
TXN_007660,0,NONE,NONE
TXN_001654,0,NONE,NONE
TXN_002248,0,NONE,NONE
TXN_003857,0,NONE,NONE
TXN_007066,0,NONE,NONE
TXN_013548,0,NONE,NONE
TXN_004441,1,BEHAVIORAL,SPENDING_PATTERN_SHIFT
TXN_002516,1,TIME_ANOMALY,UNUSUAL_HOUR
TXN_003809,0,NONE,NONE
TXN_007415,0,NONE,NONE
TXN_009073,0,NONE,NONE
TXN_008648,0,NONE,NONE
TXN_008228,0,NONE,NONE
TXN_014519,1,DEVICE,NEW_DEVICE
TXN_010585,0,NONE,NONE
TXN_009029,0,NONE,NONE
TXN_011757,0,NONE,NONE
TXN_007427,1,TIME_ANOMALY,UNUSUAL_HOUR
TXN_011237,0,NONE,NONE
TXN_001520,1,DEVICE,NEW_DEVICE
TXN_010471,0,NONE,NONE
TXN_013585,0,NONE,NONE
TXN_008334,0,NONE,NONE
TXN_004274,1,BEHAVIORAL,SPENDING_PATTERN_SHIFT
TXN_011159,0,NONE,NONE
TXN_010044,0,NONE,NONE
TXN_001353,0,NONE,NONE
TXN_002399,0,NONE,NONE
TXN_009866,0,NONE,NONE
TXN_002565,0,NONE,NONE
TXN_001218,0,NONE,NONE
TXN_012525,0,NONE,NONE
TXN_009841,0,NONE,NONE
TXN_007230,0,NONE,NONE
TXN_010344,0,NONE,NONE
TXN_002849,0,NONE,NONE
TXN_002755,0,NONE,NONE
TXN_007755,0,NONE,NONE
TXN_014986,0,NONE,NONE
TXN_003107,0,NONE,NONE
TXN_008220,1,SEQUENTIAL,MICRO_TO_LARGE_ESCALATION
TXN_005057,0,NONE,NONE
TXN_000185,0,NONE,NONE
TXN_009966,0,NONE,NONE
TXN_007145,0,NONE,NONE
TXN_003382,0,NONE,NONE
TXN_008087,0,NONE,NONE
TXN_000897,0,NONE,NONE
TXN_004454,0,NONE,NONE
TXN_006487,0,NONE,NONE
TXN_001805,0,NONE,NONE
TXN_001464,0,NONE,NONE
TXN_013196,0,NONE,NONE
TXN_009241,1,DEVICE,NEW_DEVICE
TXN_008967,1,BEHAVIORAL,SPENDING_PATTERN_SHIFT
TXN_000096,0,NONE,NONE
TXN_007248,0,NONE,NONE
TXN_004768,0,NONE,NONE
TXN_013684,0,NONE,NONE
TXN_013671,0,NONE,NONE
TXN_013343,0,NONE,NONE
TXN_005640,0,NONE,NONE
TXN_013951,0,NONE,NONE
TXN_011491,0,NONE,NONE
TXN_003453,0,NONE,NONE
TXN_002450,0,NONE,NONE
TXN_012446,0,NONE,NONE
TXN_008805,0,NONE,NONE
TXN_012568,0,NONE,NONE
TXN_007232,1,MERCHANT,UNUSUAL_MERCHANT
TXN_011388,0,NONE,NONE
TXN_010289,0,NONE,NONE
TXN_003349,0,NONE,NONE
TXN_009906,0,NONE,NONE
TXN_000665,0,NONE,NONE
TXN_004158,1,VELOCITY,RAPID_TRANSACTIONS
TXN_003778,0,NONE,NONE
TXN_008330,0,NONE,NONE
TXN_000495,0,NONE,NONE
TXN_009203,0,NONE,NONE
TXN_012721,0,NONE,NONE
TXN_002301,0,NONE,NONE
TXN_012977,0,NONE,NONE
TXN_009480,0,NONE,NONE
TXN_007893,0,NONE,NONE
TXN_001290,0,NONE,NONE
TXN_008702,0,NONE,NONE
TXN_004957,0,NONE,NONE
TXN_010961,1,SEQUENTIAL,MICRO_TO_LARGE_ESCALATION
TXN_008981,0,NONE,NONE
TXN_001130,0,NONE,NONE
TXN_007768,0,NONE,NONE
TXN_008929,0,NONE,NONE
TXN_003628,0,NONE,NONE
TXN_005850,0,NONE,NONE
TXN_004880,0,NONE,NONE
TXN_010291,0,NONE,NONE
TXN_010870,0,NONE,NONE
TXN_003836,1,SEQUENTIAL,MICRO_TO_LARGE_ESCALATION
TXN_004073,0,NONE,NONE
TXN_006144,0,NONE,NONE
TXN_013483,1,MERCHANT,UNUSUAL_MERCHANT
TXN_003476,0,NONE,NONE
TXN_008234,1,MERCHANT,UNUSUAL_MERCHANT
TXN_014840,0,NONE,NONE
TXN_003665,0,NONE,NONE
TXN_004517,0,NONE,NONE
TXN_008633,0,NONE,NONE
TXN_008401,0,NONE,NONE
TXN_003950,1,BEHAVIORAL,SPENDING_PATTERN_SHIFT
TXN_002685,1,CARD_TESTING,MICRO_TRANSACTIONS
TXN_011000,0,NONE,NONE
TXN_001260,0,NONE,NONE
TXN_013078,0,NONE,NONE
TXN_009338,0,NONE,NONE
TXN_003981,0,NONE,NONE
TXN_011459,0,NONE,NONE
TXN_001921,0,NONE,NONE
TXN_009737,0,NONE,NONE
TXN_014486,1,BEHAVIORAL,SPENDING_PATTERN_SHIFT
TXN_006677,0,NONE,NONE
TXN_009922,0,NONE,NONE
TXN_002774,0,NONE,NONE
TXN_004858,0,NONE,NONE
TXN_007249,0,NONE,NONE
TXN_000192,0,NONE,NONE
TXN_000947,1,TIME_ANOMALY,UNUSUAL_HOUR
TXN_005087,0,NONE,NONE
TXN_006039,0,NONE,NONE
TXN_004480,0,NONE,NONE
TXN_003659,0,NONE,NONE
TXN_011069,0,NONE,NONE
TXN_002083,0,NONE,NONE
TXN_000833,0,NONE,NONE
TXN_007612,0,NONE,NONE
TXN_001177,0,NONE,NONE
TXN_008554,0,NONE,NONE
TXN_004141,0,NONE,NONE
TXN_009289,0,NONE,NONE
TXN_007167,0,NONE,NONE
TXN_002614,0,NONE,NONE
TXN_012132,0,NONE,NONE
TXN_011630,0,NONE,NONE
TXN_000656,1,GEOGRAPHIC,IMPOSSIBLE_TRAVEL
TXN_004518,0,NONE,NONE
TXN_010327,0,NONE,NONE
TXN_002311,0,NONE,NONE
TXN_002169,0,NONE,NONE
TXN_010398,0,NONE,NONE
TXN_001165,0,NONE,NONE
TXN_010939,1,AMOUNT_ANOMALY,SUDDEN_HIGH_VALUE
TXN_006622,0,NONE,NONE
TXN_005335,0,NONE,NONE
TXN_007825,0,NONE,NONE
TXN_009874,0,NONE,NONE
TXN_002545,1,BEHAVIORAL,SPENDING_PATTERN_SHIFT
TXN_007521,0,NONE,NONE
TXN_009516,0,NONE,NONE
TXN_012271,1,CARD_TESTING,MICRO_TRANSACTIONS
TXN_007720,0,NONE,NONE
TXN_001955,0,NONE,NONE
TXN_006652,0,NONE,NONE
TXN_013748,0,NONE,NONE
TXN_011729,0,NONE,NONE
TXN_012711,0,NONE,NONE
TXN_004057,1,BEHAVIORAL,SPENDING_PATTERN_SHIFT
TXN_006992,1,CARD_TESTING,MICRO_TRANSACTIONS
TXN_012470,0,NONE,NONE
TXN_004022,0,NONE,NONE
TXN_000904,0,NONE,NONE
TXN_002334,0,NONE,NONE
TXN_006325,0,NONE,NONE
TXN_000767,0,NONE,NONE
TXN_005076,0,NONE,NONE
TXN_007551,0,NONE,NONE
TXN_011991,0,NONE,NONE
TXN_011042,0,NONE,NONE
TXN_000510,0,NONE,NONE
TXN_011758,0,NONE,NONE
TXN_002547,0,NONE,NONE
TXN_014924,0,NONE,NONE
TXN_007433,0,NONE,NONE
TXN_003822,0,NONE,NONE
TXN_003218,0,NONE,NONE
TXN_000041,0,NONE,NONE
TXN_010999,0,NONE,NONE
TXN_008312,0,NONE,NONE
TXN_005169,0,NONE,NONE
TXN_008581,0,NONE,NONE
TXN_000073,0,NONE,NONE
TXN_012042,0,NONE,NONE
TXN_012903,0,NONE,NONE
TXN_003016,0,NONE,NONE
TXN_010936,0,NONE,NONE
TXN_011055,0,NONE,NONE
TXN_008374,0,NONE,NONE
TXN_009413,0,NONE,NONE
TXN_008444,0,NONE,NONE
TXN_000371,0,NONE,NONE
TXN_014004,0,NONE,NONE
TXN_010286,1,NETWORK,SHARED_DEVICE
TXN_007199,0,NONE,NONE
TXN_014005,0,NONE,NONE
TXN_013137,0,NONE,NONE
TXN_005175,0,NONE,NONE
TXN_006466,0,NONE,NONE
TXN_005038,0,NONE,NONE
TXN_009870,0,NONE,NONE
TXN_009050,0,NONE,NONE
TXN_008047,0,NONE,NONE
TXN_005963,0,NONE,NONE
TXN_003662,0,NONE,NONE
TXN_004238,0,NONE,NONE
TXN_006004,1,DEVICE,NEW_DEVICE
TXN_009811,0,NONE,NONE
TXN_007614,0,NONE,NONE
TXN_009793,0,NONE,NONE
TXN_000823,0,NONE,NONE
TXN_004225,0,NONE,NONE
TXN_012687,1,SEQUENTIAL,MICRO_TO_LARGE_ESCALATION
TXN_006827,0,NONE,NONE
TXN_012361,0,NONE,NONE
TXN_008672,0,NONE,NONE
TXN_010876,0,NONE,NONE
TXN_013668,0,NONE,NONE
TXN_007519,0,NONE,NONE
TXN_014542,0,NONE,NONE
TXN_014853,1,CARD_TESTING,MICRO_TRANSACTIONS
TXN_005718,0,NONE,NONE
TXN_013777,0,NONE,NONE
TXN_014851,0,NONE,NONE
TXN_010285,0,NONE,NONE
TXN_002912,0,NONE,NONE
TXN_007954,0,NONE,NONE
TXN_014526,0,NONE,NONE
TXN_000482,0,NONE,NONE
TXN_010205,0,NONE,NONE
TXN_006617,0,NONE,NONE
TXN_004389,0,NONE,NONE
TXN_001897,0,NONE,NONE
TXN_000214,0,NONE,NONE
TXN_009089,1,BEHAVIORAL,SPENDING_PATTERN_SHIFT
TXN_003792,0,NONE,NONE
TXN_002950,0,NONE,NONE
TXN_007414,0,NONE,NONE
TXN_005663,0,NONE,NONE
TXN_010812,0,NONE,NONE
TXN_005703,0,NONE,NONE
TXN_013422,0,NONE,NONE
TXN_006983,0,NONE,NONE
TXN_002697,0,NONE,NONE
TXN_006397,0,NONE,NONE
TXN_010573,0,NONE,NONE
TXN_003791,0,NONE,NONE
TXN_008703,0,NONE,NONE
TXN_009672,0,NONE,NONE
TXN_004722,0,NONE,NONE
TXN_002876,0,NONE,NONE
TXN_004676,0,NONE,NONE
TXN_005682,0,NONE,NONE
TXN_002893,0,NONE,NONE
TXN_009409,0,NONE,NONE
TXN_008212,0,NONE,NONE
TXN_006348,0,NONE,NONE
TXN_004693,0,NONE,NONE
TXN_006628,0,NONE,NONE
TXN_006850,0,NONE,NONE
TXN_008762,0,NONE,NONE
TXN_013883,0,NONE,NONE
TXN_013893,0,NONE,NONE
TXN_013149,0,NONE,NONE
TXN_005333,0,NONE,NONE
TXN_003660,0,NONE,NONE
TXN_002672,0,NONE,NONE
TXN_006752,0,NONE,NONE
TXN_000787,0,NONE,NONE
TXN_003874,0,NONE,NONE
TXN_001302,0,NONE,NONE
TXN_008936,0,NONE,NONE
TXN_010301,1,AMOUNT_ANOMALY,SUDDEN_HIGH_VALUE
TXN_004465,0,NONE,NONE
TXN_011423,0,NONE,NONE
TXN_003216,0,NONE,NONE
TXN_000311,0,NONE,NONE
TXN_004492,0,NONE,NONE
TXN_003237,0,NONE,NONE
TXN_012740,0,NONE,NONE
TXN_011529,0,NONE,NONE
TXN_011100,0,NONE,NONE
TXN_004795,0,NONE,NONE
TXN_009129,0,NONE,NONE
TXN_007566,0,NONE,NONE
TXN_013366,0,NONE,NONE
TXN_011895,0,NONE,NONE
TXN_000590,0,NONE,NONE
TXN_014310,0,NONE,NONE
TXN_014789,0,NONE,NONE
TXN_007509,0,NONE,NONE
TXN_013987,0,NONE,NONE
TXN_012270,0,NONE,NONE
TXN_002099,0,NONE,NONE
TXN_008364,0,NONE,NONE
TXN_009157,1,GEOGRAPHIC,IMPOSSIBLE_TRAVEL
TXN_002254,0,NONE,NONE
TXN_001461,0,NONE,NONE
TXN_009101,0,NONE,NONE
TXN_001111,0,NONE,NONE
TXN_014225,0,NONE,NONE
TXN_004548,0,NONE,NONE
TXN_002870,0,NONE,NONE
TXN_006548,1,MERCHANT,UNUSUAL_MERCHANT
TXN_002789,0,NONE,NONE
TXN_004146,0,NONE,NONE
TXN_001996,0,NONE,NONE
TXN_001773,0,NONE,NONE
TXN_007030,0,NONE,NONE
TXN_009570,1,VELOCITY,RAPID_TRANSACTIONS
TXN_004194,1,CARD_TESTING,MICRO_TRANSACTIONS
TXN_014726,0,NONE,NONE
TXN_011103,0,NONE,NONE
TXN_013854,0,NONE,NONE
TXN_002567,0,NONE,NONE
TXN_005540,0,NONE,NONE
TXN_006121,0,NONE,NONE
TXN_014133,0,NONE,NONE
TXN_009602,0,NONE,NONE
TXN_007548,0,NONE,NONE
TXN_006471,0,NONE,NONE
TXN_014590,0,NONE,NONE
TXN_000569,0,NONE,NONE
TXN_011829,0,NONE,NONE
TXN_000253,0,NONE,NONE
TXN_002037,0,NONE,NONE
TXN_005916,1,SEQUENTIAL,MICRO_TO_LARGE_ESCALATION
TXN_014351,0,NONE,NONE
TXN_001243,1,NETWORK,SHARED_DEVICE
TXN_006002,0,NONE,NONE
TXN_000973,0,NONE,NONE
TXN_003614,1,AMOUNT_ANOMALY,SUDDEN_HIGH_VALUE
TXN_004972,0,NONE,NONE
TXN_013665,0,NONE,NONE
TXN_006533,1,SEQUENTIAL,MICRO_TO_LARGE_ESCALATION
TXN_004334,0,NONE,NONE
TXN_004024,0,NONE,NONE
TXN_003526,0,NONE,NONE
TXN_013941,0,NONE,NONE
TXN_001687,0,NONE,NONE
TXN_000808,0,NONE,NONE
TXN_010503,0,NONE,NONE
TXN_003084,0,NONE,NONE
TXN_004467,0,NONE,NONE
TXN_010721,0,NONE,NONE
TXN_003688,0,NONE,NONE
TXN_009875,0,NONE,NONE
TXN_003744,1,SEQUENTIAL,MICRO_TO_LARGE_ESCALATION
TXN_007572,0,NONE,NONE
TXN_009670,1,DEVICE,NEW_DEVICE
TXN_009204,0,NONE,NONE
TXN_002962,0,NONE,NONE
TXN_003656,0,NONE,NONE
TXN_004044,0,NONE,NONE
TXN_003805,0,NONE,NONE
TXN_000508,0,NONE,NONE
TXN_001704,0,NONE,NONE
TXN_002174,0,NONE,NONE
TXN_006090,0,NONE,NONE
TXN_012863,0,NONE,NONE
TXN_006576,0,NONE,NONE
TXN_001536,0,NONE,NONE
TXN_007558,0,NONE,NONE
TXN_007940,0,NONE,NONE
TXN_010396,0,NONE,NONE
TXN_004830,0,NONE,NONE
TXN_000449,1,TIME_ANOMALY,UNUSUAL_HOUR
TXN_013407,0,NONE,NONE
TXN_007353,0,NONE,NONE
TXN_005158,0,NONE,NONE
TXN_010604,0,NONE,NONE
TXN_011832,0,NONE,NONE
TXN_003785,0,NONE,NONE
TXN_009785,1,AMOUNT_ANOMALY,SUDDEN_HIGH_VALUE
TXN_014682,1,VELOCITY,RAPID_TRANSACTIONS
TXN_000141,0,NONE,NONE
TXN_007093,0,NONE,NONE
TXN_000043,0,NONE,NONE
TXN_003587,0,NONE,NONE
TXN_000779,0,NONE,NONE
TXN_012288,0,NONE,NONE
TXN_008508,0,NONE,NONE
TXN_009807,0,NONE,NONE
TXN_005376,0,NONE,NONE
TXN_010268,0,NONE,NONE
TXN_000254,0,NONE,NONE
TXN_000948,0,NONE,NONE
TXN_005614,0,NONE,NONE
TXN_000727,0,NONE,NONE
TXN_008177,0,NONE,NONE
TXN_012890,0,NONE,NONE
TXN_003823,0,NONE,NONE
TXN_010224,0,NONE,NONE
TXN_003951,1,AMOUNT_ANOMALY,SUDDEN_HIGH_VALUE
TXN_013975,0,NONE,NONE
TXN_002159,0,NONE,NONE
TXN_005256,0,NONE,NONE
TXN_000272,0,NONE,NONE
TXN_009314,0,NONE,NONE
TXN_003460,0,NONE,NONE
TXN_004790,0,NONE,NONE
TXN_005343,0,NONE,NONE
TXN_010254,0,NONE,NONE
TXN_013115,0,NONE,NONE
TXN_013226,0,NONE,NONE
TXN_008001,0,NONE,NONE
TXN_011362,0,NONE,NONE
TXN_008519,0,NONE,NONE
TXN_008724,0,NONE,NONE
TXN_006651,0,NONE,NONE
TXN_014528,0,NONE,NONE
TXN_012981,0,NONE,NONE
TXN_013542,0,NONE,NONE
TXN_010511,1,AMOUNT_ANOMALY,SUDDEN_HIGH_VALUE
TXN_009647,0,NONE,NONE
TXN_003995,0,NONE,NONE
TXN_010904,0,NONE,NONE
TXN_013275,0,NONE,NONE
TXN_014947,0,NONE,NONE
TXN_012384,0,NONE,NONE
TXN_013204,0,NONE,NONE
TXN_003510,0,NONE,NONE
TXN_000440,0,NONE,NONE
TXN_010912,0,NONE,NONE
TXN_003849,0,NONE,NONE
TXN_009264,0,NONE,NONE
TXN_002553,0,NONE,NONE
TXN_004106,0,NONE,NONE
TXN_011146,0,NONE,NONE
TXN_007388,0,NONE,NONE
TXN_006085,0,NONE,NONE
TXN_009943,0,NONE,NONE
TXN_005116,0,NONE,NONE
TXN_006313,1,TIME_ANOMALY,UNUSUAL_HOUR
TXN_001483,1,VELOCITY,RAPID_TRANSACTIONS
TXN_012169,0,NONE,NONE
TXN_001197,0,NONE,NONE
TXN_004386,0,NONE,NONE
TXN_005111,0,NONE,NONE
TXN_009085,0,NONE,NONE
TXN_003239,0,NONE,NONE
TXN_010111,1,GEOGRAPHIC,IMPOSSIBLE_TRAVEL
TXN_008307,0,NONE,NONE
TXN_007769,0,NONE,NONE
TXN_005593,0,NONE,NONE
TXN_011474,1,MERCHANT,UNUSUAL_MERCHANT
TXN_000375,0,NONE,NONE
TXN_008665,0,NONE,NONE
TXN_010444,0,NONE,NONE
TXN_014889,0,NONE,NONE
TXN_006993,0,NONE,NONE
TXN_008630,0,NONE,NONE
TXN_006026,0,NONE,NONE
TXN_000699,1,BEHAVIORAL,SPENDING_PATTERN_SHIFT
TXN_010531,0,NONE,NONE
TXN_001696,0,NONE,NONE
TXN_003267,0,NONE,NONE
TXN_013793,0,NONE,NONE
TXN_004985,0,NONE,NONE
TXN_007200,0,NONE,NONE
TXN_004565,0,NONE,NONE
TXN_004715,0,NONE,NONE
TXN_002487,0,NONE,NONE
TXN_006424,0,NONE,NONE
TXN_007592,0,NONE,NONE
TXN_010557,0,NONE,NONE
TXN_004308,0,NONE,NONE
TXN_013146,0,NONE,NONE
TXN_000531,0,NONE,NONE
TXN_001095,0,NONE,NONE
TXN_011595,0,NONE,NONE
TXN_001058,1,VELOCITY,RAPID_TRANSACTIONS
TXN_003073,0,NONE,NONE
TXN_012008,0,NONE,NONE
TXN_011304,0,NONE,NONE
TXN_010851,0,NONE,NONE
TXN_002086,0,NONE,NONE
TXN_006995,0,NONE,NONE
TXN_014772,0,NONE,NONE
TXN_013702,0,NONE,NONE
TXN_012204,0,NONE,NONE
TXN_006342,1,VELOCITY,RAPID_TRANSACTIONS
TXN_008053,0,NONE,NONE
TXN_014123,0,NONE,NONE
TXN_002140,1,GEOGRAPHIC,IMPOSSIBLE_TRAVEL
TXN_005007,0,NONE,NONE
TXN_005202,0,NONE,NONE
TXN_014072,0,NONE,NONE
TXN_005784,0,NONE,NONE
TXN_002294,0,NONE,NONE
TXN_007234,1,TIME_ANOMALY,UNUSUAL_HOUR
TXN_004322,0,NONE,NONE
TXN_005807,0,NONE,NONE
TXN_003146,0,NONE,NONE
TXN_004233,0,NONE,NONE
TXN_000874,0,NONE,NONE
TXN_006741,0,NONE,NONE
TXN_005955,0,NONE,NONE
TXN_014654,0,NONE,NONE
TXN_000594,0,NONE,NONE
TXN_007649,0,NONE,NONE
TXN_006493,0,NONE,NONE
TXN_011143,0,NONE,NONE
TXN_014018,0,NONE,NONE
TXN_003804,0,NONE,NONE
TXN_014770,0,NONE,NONE
TXN_000700,0,NONE,NONE
TXN_001234,0,NONE,NONE
TXN_000456,0,NONE,NONE
TXN_000233,0,NONE,NONE
TXN_001819,0,NONE,NONE
TXN_003112,0,NONE,NONE
TXN_012383,0,NONE,NONE
TXN_001881,0,NONE,NONE
TXN_000614,0,NONE,NONE
TXN_010853,0,NONE,NONE
TXN_007585,0,NONE,NONE
TXN_010599,0,NONE,NONE
TXN_009223,1,DEVICE,NEW_DEVICE
TXN_008325,0,NONE,NONE
TXN_012047,0,NONE,NONE
TXN_011693,0,NONE,NONE
TXN_003219,0,NONE,NONE
TXN_002133,0,NONE,NONE
TXN_009116,0,NONE,NONE
TXN_012253,0,NONE,NONE
TXN_011962,0,NONE,NONE
TXN_010751,0,NONE,NONE
TXN_006133,1,MERCHANT,UNUSUAL_MERCHANT
TXN_011383,0,NONE,NONE
TXN_014677,1,CARD_TESTING,MICRO_TRANSACTIONS
TXN_008858,0,NONE,NONE
TXN_008021,0,NONE,NONE
TXN_004234,0,NONE,NONE
TXN_009792,1,CARD_TESTING,MICRO_TRANSACTIONS
TXN_001991,0,NONE,NONE
TXN_010736,0,NONE,NONE
TXN_003192,0,NONE,NONE
TXN_013910,0,NONE,NONE
TXN_002670,0,NONE,NONE
TXN_004513,1,BEHAVIORAL,SPENDING_PATTERN_SHIFT
TXN_014173,0,NONE,NONE
TXN_000445,1,MERCHANT,UNUSUAL_MERCHANT
TXN_004635,1,AMOUNT_ANOMALY,SUDDEN_HIGH_VALUE
TXN_010309,1,TIME_ANOMALY,UNUSUAL_HOUR
TXN_009603,0,NONE,NONE
TXN_001595,0,NONE,NONE
TXN_009903,0,NONE,NONE
TXN_001248,0,NONE,NONE
TXN_010154,0,NONE,NONE
TXN_001835,0,NONE,NONE
TXN_007716,1,TIME_ANOMALY,UNUSUAL_HOUR
TXN_000623,0,NONE,NONE
TXN_004147,0,NONE,NONE
TXN_008375,0,NONE,NONE
TXN_006236,0,NONE,NONE
TXN_011137,0,NONE,NONE
TXN_013772,1,NETWORK,SHARED_DEVICE
TXN_009908,0,NONE,NONE
TXN_014432,0,NONE,NONE
TXN_002295,0,NONE,NONE
TXN_001246,0,NONE,NONE
TXN_013568,0,NONE,NONE
TXN_002686,0,NONE,NONE
TXN_003714,0,NONE,NONE
TXN_010389,0,NONE,NONE
TXN_014762,0,NONE,NONE
TXN_013242,0,NONE,NONE
TXN_003147,1,GEOGRAPHIC,IMPOSSIBLE_TRAVEL
TXN_003833,0,NONE,NONE
TXN_005150,0,NONE,NONE
TXN_000275,0,NONE,NONE
TXN_010617,0,NONE,NONE
TXN_011548,0,NONE,NONE
TXN_013291,1,SEQUENTIAL,MICRO_TO_LARGE_ESCALATION
TXN_002456,0,NONE,NONE
TXN_008743,0,NONE,NONE
TXN_012830,0,NONE,NONE
TXN_011762,0,NONE,NONE
TXN_001046,0,NONE,NONE
TXN_013378,0,NONE,NONE
TXN_001429,0,NONE,NONE
TXN_010265,0,NONE,NONE
TXN_006985,0,NONE,NONE
TXN_006328,0,NONE,NONE
TXN_008326,0,NONE,NONE
TXN_013376,0,NONE,NONE
TXN_013923,0,NONE,NONE
TXN_008679,1,DEVICE,NEW_DEVICE
TXN_001391,0,NONE,NONE
TXN_008147,0,NONE,NONE
TXN_001024,0,NONE,NONE
TXN_005816,0,NONE,NONE
TXN_006421,1,NETWORK,SHARED_DEVICE
TXN_011218,0,NONE,NONE
TXN_012634,0,NONE,NONE
TXN_012306,0,NONE,NONE
TXN_014293,0,NONE,NONE
TXN_008007,0,NONE,NONE
TXN_008497,0,NONE,NONE
TXN_011343,0,NONE,NONE
TXN_013869,0,NONE,NONE
TXN_009346,1,GEOGRAPHIC,IMPOSSIBLE_TRAVEL
TXN_004727,0,NONE,NONE
TXN_004499,0,NONE,NONE
TXN_008841,0,NONE,NONE
TXN_003383,0,NONE,NONE
TXN_004862,1,AMOUNT_ANOMALY,SUDDEN_HIGH_VALUE
TXN_009372,1,SEQUENTIAL,MICRO_TO_LARGE_ESCALATION
TXN_011045,0,NONE,NONE
TXN_000003,1,SEQUENTIAL,MICRO_TO_LARGE_ESCALATION
TXN_004867,0,NONE,NONE
TXN_012493,1,TIME_ANOMALY,UNUSUAL_HOUR
TXN_014326,0,NONE,NONE
TXN_002704,0,NONE,NONE
TXN_009565,0,NONE,NONE
TXN_007439,0,NONE,NONE
TXN_012368,0,NONE,NONE
TXN_004382,0,NONE,NONE
TXN_014050,0,NONE,NONE
TXN_012193,0,NONE,NONE
TXN_012294,0,NONE,NONE
TXN_010895,0,NONE,NONE
TXN_006708,0,NONE,NONE
TXN_005266,0,NONE,NONE
TXN_004273,0,NONE,NONE
TXN_001012,0,NONE,NONE
TXN_011505,0,NONE,NONE
TXN_014863,0,NONE,NONE
TXN_002463,0,NONE,NONE
TXN_002986,0,NONE,NONE
TXN_009959,0,NONE,NONE
TXN_012243,0,NONE,NONE
TXN_014994,1,CARD_TESTING,MICRO_TRANSACTIONS
TXN_008894,0,NONE,NONE
TXN_008640,0,NONE,NONE
TXN_011188,0,NONE,NONE
TXN_013841,0,NONE,NONE
TXN_013670,0,NONE,NONE
TXN_010934,0,NONE,NONE
TXN_005861,0,NONE,NONE
TXN_002043,0,NONE,NONE
TXN_001843,0,NONE,NONE
TXN_005265,0,NONE,NONE
TXN_014273,0,NONE,NONE
TXN_009180,0,NONE,NONE
TXN_014221,0,NONE,NONE
TXN_012137,0,NONE,NONE
TXN_002074,0,NONE,NONE
TXN_013174,0,NONE,NONE
TXN_004794,1,BEHAVIORAL,SPENDING_PATTERN_SHIFT
TXN_004511,0,NONE,NONE
TXN_003661,0,NONE,NONE
TXN_005804,0,NONE,NONE
TXN_003794,0,NONE,NONE
TXN_006157,0,NONE,NONE
TXN_011855,0,NONE,NONE
TXN_008756,0,NONE,NONE
TXN_004010,0,NONE,NONE
TXN_009094,0,NONE,NONE
TXN_007617,0,NONE,NONE
TXN_001101,0,NONE,NONE
TXN_008214,0,NONE,NONE
TXN_014757,0,NONE,NONE
TXN_010100,0,NONE,NONE
TXN_002204,1,NETWORK,SHARED_DEVICE
TXN_000786,0,NONE,NONE
TXN_008645,0,NONE,NONE
TXN_003858,0,NONE,NONE
TXN_000476,0,NONE,NONE
TXN_013799,0,NONE,NONE
TXN_006800,0,NONE,NONE
TXN_011727,1,DEVICE,NEW_DEVICE
TXN_001997,0,NONE,NONE
TXN_007724,1,VELOCITY,RAPID_TRANSACTIONS
TXN_012343,0,NONE,NONE
TXN_001570,0,NONE,NONE
TXN_010839,1,BEHAVIORAL,SPENDING_PATTERN_SHIFT
TXN_012701,0,NONE,NONE
TXN_013471,0,NONE,NONE
TXN_002314,0,NONE,NONE
TXN_008122,0,NONE,NONE
TXN_001652,1,TIME_ANOMALY,UNUSUAL_HOUR
TXN_011907,0,NONE,NONE
TXN_008056,0,NONE,NONE
TXN_008431,0,NONE,NONE
TXN_011355,1,TIME_ANOMALY,UNUSUAL_HOUR
TXN_011091,0,NONE,NONE
TXN_013038,0,NONE,NONE
TXN_006700,0,NONE,NONE
TXN_004657,1,DEVICE,NEW_DEVICE
TXN_006972,1,TIME_ANOMALY,UNUSUAL_HOUR
TXN_000615,1,SEQUENTIAL,MICRO_TO_LARGE_ESCALATION
TXN_009063,0,NONE,NONE
TXN_011403,0,NONE,NONE
TXN_009982,0,NONE,NONE
TXN_003404,0,NONE,NONE
TXN_009406,0,NONE,NONE
TXN_013003,0,NONE,NONE
TXN_000588,0,NONE,NONE
TXN_008491,0,NONE,NONE
TXN_009260,0,NONE,NONE
TXN_002903,0,NONE,NONE
TXN_003118,0,NONE,NONE
TXN_005061,0,NONE,NONE
TXN_007913,0,NONE,NONE
TXN_009821,0,NONE,NONE
TXN_001760,0,NONE,NONE
TXN_003550,1,NETWORK,SHARED_DEVICE
TXN_010420,0,NONE,NONE
TXN_000362,0,NONE,NONE
TXN_001622,0,NONE,NONE
TXN_005762,0,NONE,NONE
TXN_001131,0,NONE,NONE
TXN_004383,0,NONE,NONE
TXN_013691,0,NONE,NONE
TXN_013173,0,NONE,NONE
TXN_012681,0,NONE,NONE
TXN_009181,0,NONE,NONE
TXN_002379,0,NONE,NONE
TXN_008821,0,NONE,NONE
TXN_001618,0,NONE,NONE
TXN_002851,0,NONE,NONE
TXN_013013,0,NONE,NONE
TXN_008286,0,NONE,NONE
TXN_006822,0,NONE,NONE
TXN_009840,0,NONE,NONE
TXN_014838,0,NONE,NONE
TXN_012286,0,NONE,NONE
TXN_013478,0,NONE,NONE
TXN_009877,0,NONE,NONE
TXN_011568,1,CARD_TESTING,MICRO_TRANSACTIONS
TXN_007398,0,NONE,NONE
TXN_012292,0,NONE,NONE
TXN_004356,0,NONE,NONE
TXN_011387,0,NONE,NONE
TXN_003708,0,NONE,NONE
TXN_009002,0,NONE,NONE
TXN_003005,0,NONE,NONE
TXN_005583,0,NONE,NONE
TXN_009099,0,NONE,NONE
TXN_008033,0,NONE,NONE
TXN_013023,0,NONE,NONE
TXN_000780,0,NONE,NONE
TXN_004117,0,NONE,NONE
TXN_001893,0,NONE,NONE
TXN_006606,0,NONE,NONE
TXN_007961,1,VELOCITY,RAPID_TRANSACTIONS
TXN_012404,0,NONE,NONE
TXN_013231,0,NONE,NONE
TXN_000790,0,NONE,NONE
TXN_014354,0,NONE,NONE
TXN_008561,1,DEVICE,NEW_DEVICE
TXN_001961,0,NONE,NONE
TXN_003888,0,NONE,NONE
TXN_001659,0,NONE,NONE
TXN_011643,0,NONE,NONE
TXN_008667,0,NONE,NONE
TXN_002179,0,NONE,NONE
TXN_010592,0,NONE,NONE
TXN_008692,0,NONE,NONE
TXN_010609,0,NONE,NONE
TXN_013574,1,AMOUNT_ANOMALY,SUDDEN_HIGH_VALUE
TXN_001352,0,NONE,NONE
TXN_012396,0,NONE,NONE
TXN_013558,0,NONE,NONE
TXN_013495,0,NONE,NONE
TXN_008271,0,NONE,NONE
TXN_013701,0,NONE,NONE
TXN_000989,0,NONE,NONE
TXN_014623,0,NONE,NONE
TXN_000825,0,NONE,NONE
TXN_010330,1,AMOUNT_ANOMALY,SUDDEN_HIGH_VALUE
TXN_002976,0,NONE,NONE
TXN_010761,0,NONE,NONE
TXN_000324,0,NONE,NONE
TXN_004559,0,NONE,NONE
TXN_002198,0,NONE,NONE
TXN_003970,0,NONE,NONE
TXN_011024,0,NONE,NONE
TXN_009152,0,NONE,NONE
TXN_012082,0,NONE,NONE
TXN_009298,0,NONE,NONE
TXN_012732,0,NONE,NONE
TXN_011003,1,GEOGRAPHIC,IMPOSSIBLE_TRAVEL
TXN_000918,0,NONE,NONE
TXN_014928,0,NONE,NONE
TXN_008465,0,NONE,NONE
TXN_002085,0,NONE,NONE
TXN_011484,0,NONE,NONE
TXN_013973,0,NONE,NONE
TXN_003327,0,NONE,NONE
TXN_009270,0,NONE,NONE
TXN_012398,0,NONE,NONE
TXN_000561,0,NONE,NONE
TXN_002798,0,NONE,NONE
TXN_012639,0,NONE,NONE
TXN_012022,0,NONE,NONE
TXN_005106,0,NONE,NONE
TXN_001790,0,NONE,NONE
TXN_004906,0,NONE,NONE
TXN_003110,0,NONE,NONE
TXN_000137,0,NONE,NONE
TXN_012919,0,NONE,NONE
TXN_005262,0,NONE,NONE
TXN_013579,0,NONE,NONE
TXN_006891,0,NONE,NONE
TXN_013595,0,NONE,NONE
TXN_008477,0,NONE,NONE
TXN_006340,0,NONE,NONE
TXN_012397,1,AMOUNT_ANOMALY,SUDDEN_HIGH_VALUE
TXN_010084,0,NONE,NONE
TXN_009864,0,NONE,NONE
TXN_008470,0,NONE,NONE
TXN_008373,0,NONE,NONE
TXN_004736,0,NONE,NONE
TXN_002786,0,NONE,NONE
TXN_001586,0,NONE,NONE
TXN_009663,0,NONE,NONE
TXN_006967,0,NONE,NONE
TXN_013945,0,NONE,NONE
TXN_004460,0,NONE,NONE
TXN_009361,0,NONE,NONE
TXN_012807,0,NONE,NONE
TXN_009311,0,NONE,NONE
TXN_002119,0,NONE,NONE
TXN_010572,0,NONE,NONE
TXN_013955,0,NONE,NONE
TXN_013587,0,NONE,NONE
TXN_014077,0,NONE,NONE
TXN_011660,0,NONE,NONE
TXN_013192,0,NONE,NONE
TXN_012553,0,NONE,NONE
TXN_009186,0,NONE,NONE
TXN_005842,0,NONE,NONE
TXN_006060,0,NONE,NONE
TXN_004834,0,NONE,NONE
TXN_009625,0,NONE,NONE
TXN_005696,0,NONE,NONE
TXN_008952,0,NONE,NONE
TXN_002360,0,NONE,NONE
TXN_007833,0,NONE,NONE
TXN_009125,0,NONE,NONE
TXN_011966,0,NONE,NONE
TXN_009708,0,NONE,NONE
TXN_007605,0,NONE,NONE
TXN_003518,0,NONE,NONE
TXN_010307,0,NONE,NONE
TXN_009676,0,NONE,NONE
TXN_006416,0,NONE,NONE
TXN_005033,0,NONE,NONE
TXN_011117,0,NONE,NONE
TXN_006610,0,NONE,NONE
TXN_006860,0,NONE,NONE
TXN_002664,0,NONE,NONE
TXN_008457,0,NONE,NONE
TXN_007039,0,NONE,NONE
TXN_013017,0,NONE,NONE
TXN_001619,0,NONE,NONE
TXN_006570,1,GEOGRAPHIC,IMPOSSIBLE_TRAVEL
TXN_014733,0,NONE,NONE
TXN_007609,1,CARD_TESTING,MICRO_TRANSACTIONS
TXN_002014,0,NONE,NONE
TXN_008956,1,TIME_ANOMALY,UNUSUAL_HOUR
TXN_011551,0,NONE,NONE
TXN_014932,0,NONE,NONE
TXN_011492,1,GEOGRAPHIC,IMPOSSIBLE_TRAVEL
TXN_012370,0,NONE,NONE
TXN_005145,1,SEQUENTIAL,MICRO_TO_LARGE_ESCALATION
TXN_010570,0,NONE,NONE
TXN_004750,0,NONE,NONE
TXN_001002,0,NONE,NONE
TXN_007411,0,NONE,NONE
TXN_003590,0,NONE,NONE
TXN_007049,1,CARD_TESTING,MICRO_TRANSACTIONS
TXN_011495,0,NONE,NONE
TXN_010080,0,NONE,NONE
TXN_014942,0,NONE,NONE
TXN_010292,0,NONE,NONE
TXN_001701,0,NONE,NONE
TXN_010989,0,NONE,NONE
TXN_013154,1,DEVICE,NEW_DEVICE
TXN_003969,0,NONE,NONE
TXN_013420,0,NONE,NONE
TXN_002496,0,NONE,NONE
TXN_014461,0,NONE,NONE
TXN_000567,0,NONE,NONE
TXN_012671,0,NONE,NONE
TXN_011672,1,NETWORK,SHARED_DEVICE
TXN_007713,0,NONE,NONE
TXN_003756,0,NONE,NONE
TXN_012686,0,NONE,NONE
TXN_003996,0,NONE,NONE
TXN_006242,0,NONE,NONE
TXN_000663,0,NONE,NONE
TXN_013846,0,NONE,NONE
TXN_009176,0,NONE,NONE
TXN_000212,0,NONE,NONE
TXN_010744,0,NONE,NONE
TXN_002485,0,NONE,NONE
TXN_012213,0,NONE,NONE
TXN_002555,0,NONE,NONE
TXN_010459,0,NONE,NONE
TXN_000798,0,NONE,NONE
TXN_003081,0,NONE,NONE
TXN_002415,0,NONE,NONE
TXN_003342,0,NONE,NONE
TXN_008144,0,NONE,NONE
TXN_011873,0,NONE,NONE
TXN_005831,0,NONE,NONE
TXN_013419,0,NONE,NONE
TXN_008532,0,NONE,NONE
TXN_014353,1,CARD_TESTING,MICRO_TRANSACTIONS
TXN_000206,0,NONE,NONE
TXN_001519,0,NONE,NONE
TXN_008946,0,NONE,NONE
TXN_005792,0,NONE,NONE
TXN_003704,0,NONE,NONE
TXN_000140,1,MERCHANT,UNUSUAL_MERCHANT
TXN_006711,0,NONE,NONE
TXN_004939,1,CARD_TESTING,MICRO_TRANSACTIONS
TXN_005589,0,NONE,NONE
TXN_010329,1,MERCHANT,UNUSUAL_MERCHANT
TXN_000258,0,NONE,NONE
TXN_014678,0,NONE,NONE
TXN_014138,0,NONE,NONE
TXN_004719,0,NONE,NONE
TXN_004699,0,NONE,NONE
TXN_001924,0,NONE,NONE
TXN_008675,1,NETWORK,SHARED_DEVICE
TXN_006810,0,NONE,NONE
TXN_007280,0,NONE,NONE
TXN_013825,0,NONE,NONE
TXN_011858,0,NONE,NONE
TXN_001195,0,NONE,NONE
TXN_003420,0,NONE,NONE
TXN_008971,0,NONE,NONE
TXN_012273,0,NONE,NONE
TXN_010461,1,TIME_ANOMALY,UNUSUAL_HOUR
TXN_000857,0,NONE,NONE
TXN_006872,1,SEQUENTIAL,MICRO_TO_LARGE_ESCALATION
TXN_006792,0,NONE,NONE
TXN_004013,1,GEOGRAPHIC,IMPOSSIBLE_TRAVEL
TXN_011754,0,NONE,NONE
TXN_014179,0,NONE,NONE
TXN_005848,0,NONE,NONE
TXN_008600,0,NONE,NONE
TXN_003841,0,NONE,NONE
TXN_006962,0,NONE,NONE
TXN_009766,0,NONE,NONE
TXN_012183,0,NONE,NONE
TXN_007542,1,AMOUNT_ANOMALY,SUDDEN_HIGH_VALUE
TXN_000675,0,NONE,NONE
TXN_010305,0,NONE,NONE
TXN_005569,0,NONE,NONE
TXN_009849,1,NETWORK,SHARED_DEVICE
TXN_000088,0,NONE,NONE
TXN_014141,0,NONE,NONE
TXN_005329,0,NONE,NONE
TXN_008819,0,NONE,NONE
TXN_011242,0,NONE,NONE
TXN_011675,0,NONE,NONE
TXN_009853,0,NONE,NONE
TXN_012906,0,NONE,NONE
TXN_011800,0,NONE,NONE
TXN_009512,0,NONE,NONE
TXN_006519,0,NONE,NONE
TXN_004301,0,NONE,NONE
TXN_000770,0,NONE,NONE
TXN_012093,0,NONE,NONE
TXN_008259,0,NONE,NONE
TXN_003202,0,NONE,NONE
TXN_001534,0,NONE,NONE
TXN_012336,0,NONE,NONE
TXN_002486,0,NONE,NONE
TXN_007337,0,NONE,NONE
TXN_000626,0,NONE,NONE
TXN_013339,0,NONE,NONE
TXN_000990,0,NONE,NONE
TXN_012697,0,NONE,NONE
TXN_009187,0,NONE,NONE
TXN_006853,0,NONE,NONE
TXN_011132,0,NONE,NONE
TXN_008169,0,NONE,NONE
TXN_012452,0,NONE,NONE
TXN_002544,0,NONE,NONE
TXN_005282,0,NONE,NONE
TXN_007051,0,NONE,NONE
TXN_013094,1,BEHAVIORAL,SPENDING_PATTERN_SHIFT
TXN_011038,0,NONE,NONE
TXN_013004,0,NONE,NONE
TXN_010665,0,NONE,NONE
TXN_007619,0,NONE,NONE
TXN_006646,0,NONE,NONE
TXN_002353,0,NONE,NONE
TXN_000558,0,NONE,NONE
TXN_007717,0,NONE,NONE
TXN_004074,0,NONE,NONE
TXN_008735,0,NONE,NONE
TXN_001978,1,AMOUNT_ANOMALY,SUDDEN_HIGH_VALUE
TXN_010650,1,TIME_ANOMALY,UNUSUAL_HOUR
TXN_003287,0,NONE,NONE
TXN_003507,0,NONE,NONE
TXN_012869,0,NONE,NONE
TXN_007568,1,NETWORK,SHARED_DEVICE
TXN_001054,0,NONE,NONE
TXN_006728,0,NONE,NONE
TXN_004374,0,NONE,NONE
TXN_013511,1,MERCHANT,UNUSUAL_MERCHANT
TXN_006583,1,AMOUNT_ANOMALY,SUDDEN_HIGH_VALUE
TXN_012413,0,NONE,NONE
TXN_004815,0,NONE,NONE
TXN_012420,0,NONE,NONE
TXN_012513,0,NONE,NONE
TXN_007202,0,NONE,NONE
TXN_000239,1,DEVICE,NEW_DEVICE
TXN_011552,0,NONE,NONE
TXN_011646,0,NONE,NONE
TXN_006890,0,NONE,NONE
TXN_013449,0,NONE,NONE
TXN_008938,0,NONE,NONE
TXN_006756,0,NONE,NONE
TXN_002533,0,NONE,NONE
TXN_010815,0,NONE,NONE
TXN_005511,0,NONE,NONE
TXN_004048,0,NONE,NONE
TXN_012015,0,NONE,NONE
TXN_010668,0,NONE,NONE
TXN_003258,0,NONE,NONE
TXN_007766,0,NONE,NONE
TXN_013319,0,NONE,NONE
TXN_005081,0,NONE,NONE
TXN_005664,0,NONE,NONE
TXN_002560,0,NONE,NONE
TXN_001154,1,VELOCITY,RAPID_TRANSACTIONS
TXN_001164,0,NONE,NONE
TXN_003635,0,NONE,NONE
TXN_001856,0,NONE,NONE
TXN_014936,0,NONE,NONE
TXN_002650,0,NONE,NONE
TXN_009287,0,NONE,NONE
TXN_011472,0,NONE,NONE
TXN_003846,0,NONE,NONE
TXN_008368,0,NONE,NONE
TXN_004229,0,NONE,NONE
TXN_010829,0,NONE,NONE
TXN_004872,0,NONE,NONE
TXN_000637,1,DEVICE,NEW_DEVICE
TXN_002622,0,NONE,NONE
TXN_007576,0,NONE,NONE
TXN_007680,0,NONE,NONE
TXN_007298,0,NONE,NONE
TXN_004256,0,NONE,NONE
TXN_011763,0,NONE,NONE
TXN_004038,0,NONE,NONE
TXN_007143,0,NONE,NONE
TXN_012107,0,NONE,NONE
TXN_007898,0,NONE,NONE
TXN_011156,1,BEHAVIORAL,SPENDING_PATTERN_SHIFT
TXN_001849,0,NONE,NONE
TXN_010058,1,CARD_TESTING,MICRO_TRANSACTIONS
TXN_010446,0,NONE,NONE
TXN_011992,0,NONE,NONE
TXN_010364,1,TIME_ANOMALY,UNUSUAL_HOUR
TXN_004863,0,NONE,NONE
TXN_009416,0,NONE,NONE
TXN_007950,0,NONE,NONE
TXN_007587,0,NONE,NONE
TXN_007089,0,NONE,NONE
TXN_005689,0,NONE,NONE
TXN_001810,0,NONE,NONE
TXN_002744,0,NONE,NONE
TXN_005093,0,NONE,NONE
TXN_014739,0,NONE,NONE
TXN_004151,0,NONE,NONE
TXN_007926,0,NONE,NONE
TXN_006590,0,NONE,NONE
TXN_005565,0,NONE,NONE
TXN_002708,0,NONE,NONE
TXN_010635,0,NONE,NONE
TXN_013216,0,NONE,NONE
TXN_002075,0,NONE,NONE
TXN_007186,0,NONE,NONE
TXN_011209,0,NONE,NONE
TXN_004918,0,NONE,NONE
TXN_002666,0,NONE,NONE
TXN_012860,0,NONE,NONE
TXN_002974,0,NONE,NONE
TXN_005611,0,NONE,NONE
TXN_011211,0,NONE,NONE
TXN_003313,0,NONE,NONE
TXN_000113,0,NONE,NONE
TXN_006637,0,NONE,NONE
TXN_007472,0,NONE,NONE
TXN_005434,0,NONE,NONE
TXN_007438,0,NONE,NONE
TXN_004654,1,NETWORK,SHARED_DEVICE
TXN_000274,0,NONE,NONE
TXN_006181,1,AMOUNT_ANOMALY,SUDDEN_HIGH_VALUE
TXN_008993,0,NONE,NONE
TXN_006290,0,NONE,NONE
TXN_013991,0,NONE,NONE
TXN_004166,0,NONE,NONE
TXN_008933,0,NONE,NONE
TXN_006979,0,NONE,NONE
TXN_008091,0,NONE,NONE
TXN_001204,0,NONE,NONE
TXN_010601,0,NONE,NONE
TXN_006640,0,NONE,NONE
TXN_007774,0,NONE,NONE
TXN_012502,0,NONE,NONE
TXN_009587,0,NONE,NONE
TXN_003119,1,AMOUNT_ANOMALY,SUDDEN_HIGH_VALUE
TXN_007468,0,NONE,NONE
TXN_012474,0,NONE,NONE
TXN_004280,0,NONE,NONE
TXN_013387,0,NONE,NONE
TXN_008842,0,NONE,NONE
TXN_000889,1,VELOCITY,RAPID_TRANSACTIONS
TXN_006074,0,NONE,NONE
TXN_007854,0,NONE,NONE
TXN_003852,0,NONE,NONE
TXN_012140,0,NONE,NONE
TXN_012049,0,NONE,NONE
TXN_008128,0,NONE,NONE
TXN_012139,0,NONE,NONE
TXN_013516,0,NONE,NONE
TXN_003930,0,NONE,NONE
TXN_000280,0,NONE,NONE
TXN_014553,1,CARD_TESTING,MICRO_TRANSACTIONS
TXN_008769,0,NONE,NONE
TXN_009714,1,GEOGRAPHIC,IMPOSSIBLE_TRAVEL
TXN_001598,1,CARD_TESTING,MICRO_TRANSACTIONS
TXN_002862,0,NONE,NONE
TXN_002401,0,NONE,NONE
TXN_012524,0,NONE,NONE
TXN_001085,0,NONE,NONE
TXN_003260,1,SEQUENTIAL,MICRO_TO_LARGE_ESCALATION
TXN_012963,0,NONE,NONE
TXN_013774,0,NONE,NONE
TXN_006664,0,NONE,NONE
TXN_010197,0,NONE,NONE
TXN_007698,0,NONE,NONE
TXN_008623,0,NONE,NONE
TXN_006841,1,MERCHANT,UNUSUAL_MERCHANT
TXN_012411,0,NONE,NONE
TXN_013444,0,NONE,NONE
TXN_006724,1,AMOUNT_ANOMALY,SUDDEN_HIGH_VALUE
TXN_002064,0,NONE,NONE
TXN_000548,0,NONE,NONE
TXN_014379,0,NONE,NONE
TXN_009448,0,NONE,NONE
TXN_001333,0,NONE,NONE
TXN_007428,0,NONE,NONE
TXN_010167,0,NONE,NONE
TXN_010569,0,NONE,NONE
TXN_007283,0,NONE,NONE
TXN_004474,0,NONE,NONE
TXN_013016,0,NONE,NONE
TXN_013290,0,NONE,NONE
TXN_005127,0,NONE,NONE
TXN_013499,0,NONE,NONE
TXN_003294,0,NONE,NONE
TXN_004089,0,NONE,NONE
TXN_013010,0,NONE,NONE
TXN_001179,0,NONE,NONE
TXN_005969,0,NONE,NONE
TXN_008861,0,NONE,NONE
TXN_005430,0,NONE,NONE
TXN_013801,0,NONE,NONE
TXN_009933,0,NONE,NONE
TXN_000291,0,NONE,NONE
TXN_010143,0,NONE,NONE
TXN_004485,1,MERCHANT,UNUSUAL_MERCHANT
TXN_008120,0,NONE,NONE
TXN_004905,0,NONE,NONE
TXN_000794,1,DEVICE,NEW_DEVICE
TXN_001388,0,NONE,NONE
TXN_004673,0,NONE,NONE
TXN_013480,0,NONE,NONE
TXN_004783,0,NONE,NONE
TXN_007104,0,NONE,NONE
TXN_009986,0,NONE,NONE
TXN_010156,0,NONE,NONE
TXN_007290,0,NONE,NONE
TXN_008023,0,NONE,NONE
TXN_001764,0,NONE,NONE
TXN_002282,0,NONE,NONE
TXN_013742,0,NONE,NONE
TXN_004586,0,NONE,NONE
TXN_000776,0,NONE,NONE
TXN_004396,0,NONE,NONE
TXN_005413,0,NONE,NONE
TXN_005314,0,NONE,NONE
TXN_009927,0,NONE,NONE
TXN_011025,0,NONE,NONE
TXN_006232,0,NONE,NONE
TXN_011248,0,NONE,NONE
TXN_009727,0,NONE,NONE
TXN_005966,0,NONE,NONE
TXN_011108,0,NONE,NONE
TXN_001944,1,AMOUNT_ANOMALY,SUDDEN_HIGH_VALUE
TXN_010974,0,NONE,NONE
TXN_001939,0,NONE,NONE
TXN_000160,0,NONE,NONE
TXN_006435,1,SEQUENTIAL,MICRO_TO_LARGE_ESCALATION
TXN_001669,0,NONE,NONE
TXN_005320,0,NONE,NONE
TXN_008920,0,NONE,NONE
TXN_014498,0,NONE,NONE
TXN_010068,0,NONE,NONE
TXN_003820,0,NONE,NONE
TXN_002717,0,NONE,NONE
TXN_012184,0,NONE,NONE
TXN_010187,0,NONE,NONE
TXN_003263,0,NONE,NONE
TXN_000145,0,NONE,NONE
TXN_006564,0,NONE,NONE
TXN_012072,0,NONE,NONE
TXN_007998,0,NONE,NONE
TXN_005458,0,NONE,NONE
TXN_001854,0,NONE,NONE
TXN_000855,0,NONE,NONE
TXN_014604,0,NONE,NONE
TXN_012486,0,NONE,NONE
TXN_008428,0,NONE,NONE
TXN_012279,0,NONE,NONE
TXN_009054,0,NONE,NONE
TXN_007253,0,NONE,NONE
TXN_003676,0,NONE,NONE
TXN_001801,0,NONE,NONE
TXN_009589,0,NONE,NONE
TXN_003934,0,NONE,NONE
TXN_000417,0,NONE,NONE
TXN_011092,0,NONE,NONE
TXN_006490,0,NONE,NONE
TXN_012683,1,CARD_TESTING,MICRO_TRANSACTIONS
TXN_013304,0,NONE,NONE
TXN_009114,0,NONE,NONE
TXN_004897,0,NONE,NONE
TXN_003422,0,NONE,NONE
TXN_009092,0,NONE,NONE
TXN_011870,0,NONE,NONE
TXN_002730,0,NONE,NONE
TXN_010052,0,NONE,NONE
TXN_002621,0,NONE,NONE
TXN_008941,0,NONE,NONE
TXN_012571,1,GEOGRAPHIC,IMPOSSIBLE_TRAVEL
TXN_009349,0,NONE,NONE
TXN_008044,0,NONE,NONE
TXN_012866,0,NONE,NONE
TXN_004765,0,NONE,NONE
TXN_013735,0,NONE,NONE
TXN_005686,0,NONE,NONE
TXN_013482,0,NONE,NONE
TXN_007539,0,NONE,NONE
TXN_004243,0,NONE,NONE
TXN_003826,0,NONE,NONE
TXN_006046,0,NONE,NONE
TXN_009662,0,NONE,NONE
TXN_010631,0,NONE,NONE
TXN_000148,0,NONE,NONE
TXN_001256,0,NONE,NONE
TXN_009712,0,NONE,NONE
TXN_011284,0,NONE,NONE
TXN_004656,1,GEOGRAPHIC,IMPOSSIBLE_TRAVEL
TXN_005724,0,NONE,NONE
TXN_012557,0,NONE,NONE
TXN_012751,0,NONE,NONE
TXN_000110,0,NONE,NONE
TXN_001183,1,SEQUENTIAL,MICRO_TO_LARGE_ESCALATION
TXN_012448,0,NONE,NONE
TXN_005097,0,NONE,NONE
TXN_009404,0,NONE,NONE
TXN_011777,0,NONE,NONE
TXN_006785,0,NONE,NONE
TXN_002771,0,NONE,NONE
TXN_010899,0,NONE,NONE
TXN_011031,0,NONE,NONE
TXN_000722,0,NONE,NONE
TXN_001321,0,NONE,NONE
TXN_004569,0,NONE,NONE
TXN_005151,0,NONE,NONE
TXN_003718,0,NONE,NONE
TXN_001176,0,NONE,NONE
TXN_007379,0,NONE,NONE
TXN_013936,0,NONE,NONE
TXN_007754,0,NONE,NONE
TXN_006401,0,NONE,NONE
TXN_004286,0,NONE,NONE
TXN_007103,0,NONE,NONE
TXN_013222,0,NONE,NONE
TXN_013804,0,NONE,NONE
TXN_007999,0,NONE,NONE
TXN_012809,0,NONE,NONE
TXN_007490,0,NONE,NONE
TXN_013372,0,NONE,NONE
TXN_014363,1,BEHAVIORAL,SPENDING_PATTERN_SHIFT
TXN_004600,1,NETWORK,SHARED_DEVICE
TXN_012580,0,NONE,NONE
TXN_000994,0,NONE,NONE
TXN_004002,1,MERCHANT,UNUSUAL_MERCHANT
TXN_004664,0,NONE,NONE
TXN_010395,0,NONE,NONE
TXN_003667,0,NONE,NONE
TXN_004212,0,NONE,NONE
TXN_002104,0,NONE,NONE
TXN_004773,0,NONE,NONE
TXN_000895,0,NONE,NONE
TXN_004065,0,NONE,NONE
TXN_009609,0,NONE,NONE
TXN_013457,0,NONE,NONE
TXN_009471,0,NONE,NONE
TXN_010160,0,NONE,NONE
TXN_011663,0,NONE,NONE
TXN_013589,0,NONE,NONE
TXN_007338,0,NONE,NONE
TXN_000929,1,DEVICE,NEW_DEVICE
TXN_005662,0,NONE,NONE
TXN_010582,1,DEVICE,NEW_DEVICE
TXN_013156,0,NONE,NONE
TXN_010748,1,AMOUNT_ANOMALY,SUDDEN_HIGH_VALUE
TXN_003306,0,NONE,NONE
TXN_004638,0,NONE,NONE
TXN_007776,0,NONE,NONE
TXN_011483,0,NONE,NONE
TXN_014360,1,TIME_ANOMALY,UNUSUAL_HOUR
TXN_012552,0,NONE,NONE
TXN_005274,1,TIME_ANOMALY,UNUSUAL_HOUR
TXN_001531,0,NONE,NONE
TXN_013541,0,NONE,NONE
TXN_008752,1,DEVICE,NEW_DEVICE
TXN_012278,0,NONE,NONE
TXN_006518,0,NONE,NONE
TXN_008261,0,NONE,NONE
TXN_008726,0,NONE,NONE
TXN_004920,0,NONE,NONE
TXN_011066,0,NONE,NONE
TXN_014887,1,CARD_TESTING,MICRO_TRANSACTIONS
TXN_006190,0,NONE,NONE
TXN_013296,0,NONE,NONE
TXN_014281,0,NONE,NONE
TXN_001962,0,NONE,NONE
TXN_007440,0,NONE,NONE
TXN_008227,0,NONE,NONE
TXN_012988,0,NONE,NONE
TXN_004325,0,NONE,NONE
TXN_006107,0,NONE,NONE
TXN_002549,0,NONE,NONE
TXN_001574,0,NONE,NONE
TXN_005143,0,NONE,NONE
TXN_006276,0,NONE,NONE
TXN_002181,0,NONE,NONE
TXN_010071,0,NONE,NONE
TXN_008839,1,MERCHANT,UNUSUAL_MERCHANT
TXN_003642,0,NONE,NONE
TXN_012614,0,NONE,NONE
TXN_010647,0,NONE,NONE
TXN_002246,0,NONE,NONE
TXN_013989,0,NONE,NONE
TXN_007322,0,NONE,NONE
TXN_001714,0,NONE,NONE
TXN_005025,0,NONE,NONE
TXN_011265,0,NONE,NONE
TXN_011294,0,NONE,NONE
TXN_000791,0,NONE,NONE
TXN_014482,0,NONE,NONE
TXN_001122,0,NONE,NONE
TXN_014234,1,AMOUNT_ANOMALY,SUDDEN_HIGH_VALUE
TXN_007962,0,NONE,NONE
TXN_000652,0,NONE,NONE
TXN_008174,0,NONE,NONE
TXN_004841,0,NONE,NONE
TXN_008767,0,NONE,NONE
TXN_004974,1,MERCHANT,UNUSUAL_MERCHANT
TXN_004829,0,NONE,NONE
TXN_014945,0,NONE,NONE
TXN_008638,0,NONE,NONE
TXN_009902,0,NONE,NONE
TXN_009185,0,NONE,NONE
TXN_014184,1,NETWORK,SHARED_DEVICE
TXN_013564,0,NONE,NONE
TXN_010185,0,NONE,NONE
TXN_005062,0,NONE,NONE
TXN_002712,0,NONE,NONE
TXN_000180,1,NETWORK,SHARED_DEVICE
TXN_014581,0,NONE,NONE
TXN_008573,0,NONE,NONE
TXN_002625,0,NONE,NONE
TXN_010232,0,NONE,NONE
TXN_000349,0,NONE,NONE
TXN_001087,1,SEQUENTIAL,MICRO_TO_LARGE_ESCALATION
TXN_003199,0,NONE,NONE
TXN_008278,0,NONE,NONE
TXN_005954,0,NONE,NONE
TXN_001045,0,NONE,NONE
TXN_000484,0,NONE,NONE
TXN_001588,0,NONE,NONE
TXN_010473,0,NONE,NONE
TXN_003893,0,NONE,NONE
TXN_002265,1,AMOUNT_ANOMALY,SUDDEN_HIGH_VALUE
TXN_007317,0,NONE,NONE
TXN_012779,1,VELOCITY,RAPID_TRANSACTIONS
TXN_002402,0,NONE,NONE
TXN_006289,0,NONE,NONE
TXN_003430,0,NONE,NONE
TXN_012208,0,NONE,NONE
TXN_005887,0,NONE,NONE
TXN_005162,0,NONE,NONE
TXN_002056,0,NONE,NONE
TXN_007941,0,NONE,NONE
TXN_005070,0,NONE,NONE
TXN_011599,0,NONE,NONE
TXN_008492,0,NONE,NONE
TXN_007071,1,DEVICE,NEW_DEVICE
TXN_009324,0,NONE,NONE
TXN_004155,0,NONE,NONE
TXN_011374,0,NONE,NONE
TXN_004644,0,NONE,NONE
TXN_003881,0,NONE,NONE
TXN_009297,0,NONE,NONE
TXN_004617,0,NONE,NONE
TXN_012382,0,NONE,NONE
TXN_005786,0,NONE,NONE
TXN_001019,0,NONE,NONE
TXN_008659,1,BEHAVIORAL,SPENDING_PATTERN_SHIFT
TXN_001594,0,NONE,NONE
TXN_011787,0,NONE,NONE
TXN_001043,0,NONE,NONE
TXN_005726,0,NONE,NONE
TXN_004665,0,NONE,NONE
TXN_006393,1,SEQUENTIAL,MICRO_TO_LARGE_ESCALATION
TXN_001863,0,NONE,NONE
TXN_006406,0,NONE,NONE
TXN_013140,0,NONE,NONE
TXN_002321,0,NONE,NONE
TXN_008488,0,NONE,NONE
TXN_002377,0,NONE,NONE
TXN_000118,0,NONE,NONE
TXN_014022,0,NONE,NONE
TXN_000533,0,NONE,NONE
TXN_012679,0,NONE,NONE
TXN_003770,0,NONE,NONE
TXN_003997,0,NONE,NONE
TXN_010567,0,NONE,NONE
TXN_002177,0,NONE,NONE
TXN_014673,0,NONE,NONE
TXN_001009,0,NONE,NONE
TXN_005077,0,NONE,NONE
TXN_002561,1,GEOGRAPHIC,IMPOSSIBLE_TRAVEL
TXN_008774,0,NONE,NONE
TXN_011674,1,NETWORK,SHARED_DEVICE
TXN_008738,0,NONE,NONE
TXN_008526,0,NONE,NONE
TXN_000380,0,NONE,NONE
TXN_002638,0,NONE,NONE
TXN_006535,0,NONE,NONE
TXN_010657,0,NONE,NONE
TXN_008429,0,NONE,NONE
TXN_008445,0,NONE,NONE
TXN_005512,0,NONE,NONE
TXN_010556,0,NONE,NONE
TXN_005470,0,NONE,NONE
TXN_004281,0,NONE,NONE
TXN_012055,0,NONE,NONE
TXN_008889,0,NONE,NONE
TXN_001635,0,NONE,NONE
TXN_014834,0,NONE,NONE
TXN_012012,0,NONE,NONE
TXN_011878,0,NONE,NONE
TXN_004498,0,NONE,NONE
TXN_010879,0,NONE,NONE
TXN_007956,0,NONE,NONE
TXN_006187,0,NONE,NONE
TXN_010449,0,NONE,NONE
TXN_005699,0,NONE,NONE
TXN_013288,0,NONE,NONE
TXN_008644,0,NONE,NONE
TXN_005212,0,NONE,NONE
TXN_001056,0,NONE,NONE
TXN_004994,0,NONE,NONE
TXN_003519,0,NONE,NONE
TXN_000154,1,NETWORK,SHARED_DEVICE
TXN_000054,0,NONE,NONE
TXN_002889,0,NONE,NONE
TXN_010037,0,NONE,NONE
TXN_006893,0,NONE,NONE
TXN_003556,0,NONE,NONE
TXN_007771,0,NONE,NONE
TXN_008357,0,NONE,NONE
TXN_003099,0,NONE,NONE
TXN_006698,0,NONE,NONE
TXN_004023,0,NONE,NONE
TXN_013900,1,VELOCITY,RAPID_TRANSACTIONS
TXN_002157,0,NONE,NONE
TXN_014888,0,NONE,NONE
TXN_011733,0,NONE,NONE
TXN_014135,0,NONE,NONE
TXN_002834,0,NONE,NONE
TXN_001081,0,NONE,NONE
TXN_007073,0,NONE,NONE
TXN_011021,0,NONE,NONE
TXN_005279,0,NONE,NONE
TXN_012644,0,NONE,NONE
TXN_001298,0,NONE,NONE
TXN_009588,1,DEVICE,NEW_DEVICE
TXN_009968,0,NONE,NONE
TXN_004870,0,NONE,NONE
TXN_001788,0,NONE,NONE
TXN_009052,0,NONE,NONE
TXN_011392,0,NONE,NONE
TXN_006092,0,NONE,NONE
TXN_002620,0,NONE,NONE
TXN_000729,0,NONE,NONE
TXN_007227,0,NONE,NONE
TXN_007504,0,NONE,NONE
TXN_013964,0,NONE,NONE
TXN_008877,0,NONE,NONE
TXN_011277,0,NONE,NONE
TXN_013721,0,NONE,NONE
TXN_010287,0,NONE,NONE
TXN_006426,0,NONE,NONE
TXN_001069,0,NONE,NONE
TXN_011364,1,VELOCITY,RAPID_TRANSACTIONS
TXN_006852,0,NONE,NONE
TXN_009585,0,NONE,NONE
TXN_008106,0,NONE,NONE
TXN_008921,0,NONE,NONE
TXN_006194,0,NONE,NONE
TXN_003272,0,NONE,NONE
TXN_013323,0,NONE,NONE
TXN_001885,0,NONE,NONE
TXN_013654,0,NONE,NONE
TXN_004812,0,NONE,NONE
TXN_008434,0,NONE,NONE
TXN_001257,1,NETWORK,SHARED_DEVICE
TXN_008904,0,NONE,NONE
TXN_012004,0,NONE,NONE
TXN_004789,0,NONE,NONE
TXN_001348,0,NONE,NONE
TXN_002886,0,NONE,NONE
TXN_003366,1,DEVICE,NEW_DEVICE
TXN_001695,0,NONE,NONE
TXN_000562,1,VELOCITY,RAPID_TRANSACTIONS
TXN_000937,0,NONE,NONE
TXN_007473,0,NONE,NONE
TXN_005769,0,NONE,NONE
TXN_005066,0,NONE,NONE
TXN_000379,0,NONE,NONE
TXN_004341,0,NONE,NONE
TXN_009341,0,NONE,NONE
TXN_007657,0,NONE,NONE
TXN_009067,0,NONE,NONE
TXN_008670,0,NONE,NONE
TXN_009218,0,NONE,NONE
TXN_006746,0,NONE,NONE
TXN_007924,0,NONE,NONE
TXN_011189,0,NONE,NONE
TXN_003229,0,NONE,NONE
TXN_014329,0,NONE,NONE
TXN_000354,1,AMOUNT_ANOMALY,SUDDEN_HIGH_VALUE
TXN_003315,0,NONE,NONE
TXN_013905,0,NONE,NONE
TXN_012636,0,NONE,NONE
TXN_010039,0,NONE,NONE
TXN_012993,0,NONE,NONE
TXN_005359,0,NONE,NONE
TXN_013151,1,TIME_ANOMALY,UNUSUAL_HOUR
TXN_002898,0,NONE,NONE
TXN_002005,0,NONE,NONE
TXN_002750,0,NONE,NONE
TXN_003715,0,NONE,NONE
TXN_008084,0,NONE,NONE
TXN_000420,0,NONE,NONE
TXN_006927,0,NONE,NONE
TXN_003102,0,NONE,NONE
TXN_012215,0,NONE,NONE
TXN_004449,0,NONE,NONE
TXN_004651,1,DEVICE,NEW_DEVICE
TXN_013617,0,NONE,NONE
TXN_003872,0,NONE,NONE
TXN_006632,0,NONE,NONE
TXN_004056,0,NONE,NONE
TXN_007524,0,NONE,NONE
TXN_003290,0,NONE,NONE
TXN_002208,0,NONE,NONE
TXN_010019,0,NONE,NONE
TXN_013819,1,TIME_ANOMALY,UNUSUAL_HOUR
TXN_005437,0,NONE,NONE
TXN_003853,0,NONE,NONE
TXN_000849,0,NONE,NONE
TXN_004666,0,NONE,NONE
TXN_006964,0,NONE,NONE
TXN_012003,0,NONE,NONE
TXN_002010,0,NONE,NONE
TXN_002210,0,NONE,NONE
TXN_009823,0,NONE,NONE
TXN_001535,0,NONE,NONE
TXN_000310,0,NONE,NONE
TXN_011882,0,NONE,NONE
TXN_005939,0,NONE,NONE
TXN_011851,0,NONE,NONE
TXN_013751,0,NONE,NONE
TXN_009202,0,NONE,NONE
TXN_013662,0,NONE,NONE
TXN_009784,0,NONE,NONE
TXN_000177,1,SEQUENTIAL,MICRO_TO_LARGE_ESCALATION
TXN_000659,0,NONE,NONE
TXN_011909,1,BEHAVIORAL,SPENDING_PATTERN_SHIFT
TXN_007510,0,NONE,NONE
TXN_013641,0,NONE,NONE
TXN_004104,0,NONE,NONE
TXN_007121,1,BEHAVIORAL,SPENDING_PATTERN_SHIFT
TXN_004435,1,AMOUNT_ANOMALY,SUDDEN_HIGH_VALUE
TXN_004195,0,NONE,NONE
TXN_011970,0,NONE,NONE
TXN_000619,0,NONE,NONE
TXN_006730,0,NONE,NONE
TXN_012056,0,NONE,NONE
TXN_004977,0,NONE,NONE
TXN_014791,0,NONE,NONE
TXN_003765,0,NONE,NONE
TXN_013448,0,NONE,NONE
TXN_014587,0,NONE,NONE
TXN_011113,0,NONE,NONE
TXN_013571,0,NONE,NONE
TXN_002524,0,NONE,NONE
TXN_011169,0,NONE,NONE
TXN_003825,0,NONE,NONE
TXN_014650,0,NONE,NONE
TXN_011951,0,NONE,NONE
TXN_008012,0,NONE,NONE
TXN_009193,0,NONE,NONE
TXN_009772,0,NONE,NONE
TXN_003922,0,NONE,NONE
TXN_003144,0,NONE,NONE
TXN_012694,0,NONE,NONE
TXN_000273,0,NONE,NONE
TXN_007228,1,TIME_ANOMALY,UNUSUAL_HOUR
TXN_011342,0,NONE,NONE
TXN_002521,0,NONE,NONE
TXN_002011,0,NONE,NONE
TXN_014545,0,NONE,NONE
TXN_012113,0,NONE,NONE
TXN_014649,0,NONE,NONE
TXN_002024,0,NONE,NONE
TXN_006956,0,NONE,NONE
TXN_007107,0,NONE,NONE
TXN_013780,1,VELOCITY,RAPID_TRANSACTIONS
TXN_011625,0,NONE,NONE
TXN_009035,0,NONE,NONE
TXN_013796,1,VELOCITY,RAPID_TRANSACTIONS
TXN_014684,0,NONE,NONE
TXN_009533,0,NONE,NONE
TXN_000830,1,SEQUENTIAL,MICRO_TO_LARGE_ESCALATION
TXN_007394,0,NONE,NONE
TXN_003318,1,AMOUNT_ANOMALY,SUDDEN_HIGH_VALUE
TXN_012933,0,NONE,NONE
TXN_002698,0,NONE,NONE
TXN_001578,0,NONE,NONE
TXN_013672,0,NONE,NONE
TXN_000049,0,NONE,NONE
TXN_011128,1,SEQUENTIAL,MICRO_TO_LARGE_ESCALATION
TXN_009998,1,DEVICE,NEW_DEVICE
TXN_002716,0,NONE,NONE
TXN_002019,0,NONE,NONE
TXN_010784,0,NONE,NONE
TXN_004469,0,NONE,NONE
TXN_006017,0,NONE,NONE
TXN_008683,0,NONE,NONE
TXN_012298,0,NONE,NONE
TXN_014852,0,NONE,NONE
TXN_010403,0,NONE,NONE
TXN_007633,0,NONE,NONE
TXN_010696,0,NONE,NONE
TXN_012164,0,NONE,NONE
TXN_002952,0,NONE,NONE
TXN_007114,0,NONE,NONE
TXN_002812,0,NONE,NONE
TXN_013982,0,NONE,NONE
TXN_004760,0,NONE,NONE
TXN_008105,0,NONE,NONE
TXN_005852,0,NONE,NONE
TXN_006086,1,MERCHANT,UNUSUAL_MERCHANT
TXN_004606,0,NONE,NONE
TXN_003143,0,NONE,NONE
TXN_005463,0,NONE,NONE
TXN_006447,0,NONE,NONE
TXN_001646,0,NONE,NONE
TXN_002097,0,NONE,NONE
TXN_013036,0,NONE,NONE
TXN_001125,0,NONE,NONE
TXN_011969,1,GEOGRAPHIC,IMPOSSIBLE_TRAVEL
TXN_000545,0,NONE,NONE
TXN_014520,0,NONE,NONE
TXN_002232,0,NONE,NONE
TXN_005918,0,NONE,NONE
TXN_014926,0,NONE,NONE
TXN_011008,0,NONE,NONE
TXN_003057,0,NONE,NONE
TXN_002468,0,NONE,NONE
TXN_008055,1,AMOUNT_ANOMALY,SUDDEN_HIGH_VALUE
TXN_003437,0,NONE,NONE
TXN_012804,0,NONE,NONE
TXN_001149,0,NONE,NONE
TXN_000009,0,NONE,NONE
TXN_006253,0,NONE,NONE
TXN_013431,0,NONE,NONE
TXN_009301,0,NONE,NONE
TXN_012414,0,NONE,NONE
TXN_006926,1,TIME_ANOMALY,UNUSUAL_HOUR
TXN_006867,0,NONE,NONE
TXN_011834,0,NONE,NONE
TXN_011614,0,NONE,NONE
TXN_008360,0,NONE,NONE
TXN_001141,1,GEOGRAPHIC,IMPOSSIBLE_TRAVEL
TXN_006963,0,NONE,NONE
TXN_004659,0,NONE,NONE
TXN_014364,0,NONE,NONE
TXN_011192,0,NONE,NONE
TXN_008739,0,NONE,NONE
TXN_001689,0,NONE,NONE
TXN_010090,1,NETWORK,SHARED_DEVICE
TXN_004066,0,NONE,NONE
TXN_014436,0,NONE,NONE
TXN_012033,0,NONE,NONE
TXN_006599,0,NONE,NONE
TXN_003516,0,NONE,NONE
TXN_005984,0,NONE,NONE
TXN_005902,0,NONE,NONE
TXN_014062,0,NONE,NONE
TXN_014065,0,NONE,NONE
TXN_012895,0,NONE,NONE
TXN_013228,0,NONE,NONE
TXN_005530,1,GEOGRAPHIC,IMPOSSIBLE_TRAVEL
TXN_013028,0,NONE,NONE
TXN_003233,0,NONE,NONE
TXN_014188,0,NONE,NONE
TXN_009151,0,NONE,NONE
TXN_002470,0,NONE,NONE
TXN_000027,0,NONE,NONE
TXN_012249,1,NETWORK,SHARED_DEVICE
TXN_007889,0,NONE,NONE
TXN_003074,0,NONE,NONE
TXN_005834,0,NONE,NONE
TXN_002383,0,NONE,NONE
TXN_008540,0,NONE,NONE
TXN_013876,0,NONE,NONE
TXN_006881,0,NONE,NONE
TXN_008562,0,NONE,NONE
TXN_012914,0,NONE,NONE
TXN_008660,0,NONE,NONE
TXN_012872,0,NONE,NONE
TXN_000651,0,NONE,NONE
TXN_008243,0,NONE,NONE
TXN_009439,1,GEOGRAPHIC,IMPOSSIBLE_TRAVEL
TXN_008509,0,NONE,NONE
TXN_003357,0,NONE,NONE
TXN_001092,0,NONE,NONE
TXN_008887,0,NONE,NONE
TXN_002602,1,MERCHANT,UNUSUAL_MERCHANT
TXN_008872,0,NONE,NONE
TXN_012817,0,NONE,NONE
TXN_003941,0,NONE,NONE
TXN_005868,0,NONE,NONE
TXN_004661,0,NONE,NONE
TXN_009213,0,NONE,NONE
TXN_004598,0,NONE,NONE
TXN_007814,0,NONE,NONE
TXN_005132,0,NONE,NONE
TXN_006514,0,NONE,NONE
TXN_005362,1,TIME_ANOMALY,UNUSUAL_HOUR
TXN_010166,0,NONE,NONE
TXN_013200,0,NONE,NONE
TXN_014108,0,NONE,NONE
TXN_001226,0,NONE,NONE
TXN_014220,0,NONE,NONE
TXN_000162,0,NONE,NONE
TXN_005959,0,NONE,NONE
TXN_007340,0,NONE,NONE
TXN_012096,0,NONE,NONE
TXN_006591,0,NONE,NONE
TXN_010966,0,NONE,NONE
TXN_006215,0,NONE,NONE
TXN_007017,0,NONE,NONE
TXN_008300,0,NONE,NONE
TXN_014086,0,NONE,NONE
TXN_011600,0,NONE,NONE
TXN_009401,0,NONE,NONE
TXN_011151,0,NONE,NONE
TXN_011488,0,NONE,NONE
TXN_004888,0,NONE,NONE
TXN_006164,0,NONE,NONE
TXN_012667,0,NONE,NONE
TXN_001628,0,NONE,NONE
TXN_014601,1,DEVICE,NEW_DEVICE
TXN_014591,0,NONE,NONE
TXN_005095,0,NONE,NONE
TXN_005987,0,NONE,NONE
TXN_010566,0,NONE,NONE
TXN_007929,0,NONE,NONE
TXN_000939,0,NONE,NONE
TXN_004455,0,NONE,NONE
TXN_001237,0,NONE,NONE
TXN_002275,0,NONE,NONE
TXN_004951,0,NONE,NONE
TXN_006007,1,VELOCITY,RAPID_TRANSACTIONS
TXN_008662,0,NONE,NONE
TXN_013213,0,NONE,NONE
TXN_001158,0,NONE,NONE
TXN_000414,0,NONE,NONE
TXN_005633,0,NONE,NONE
TXN_004109,0,NONE,NONE
TXN_013757,0,NONE,NONE
TXN_003563,0,NONE,NONE
TXN_007808,0,NONE,NONE
TXN_013540,0,NONE,NONE
TXN_001682,0,NONE,NONE
TXN_001074,0,NONE,NONE
TXN_013917,0,NONE,NONE
TXN_002742,0,NONE,NONE
TXN_007818,0,NONE,NONE
TXN_007316,0,NONE,NONE
TXN_010027,0,NONE,NONE
TXN_010964,0,NONE,NONE
TXN_005862,0,NONE,NONE
TXN_010132,0,NONE,NONE
TXN_007031,0,NONE,NONE
TXN_004209,0,NONE,NONE
TXN_010507,0,NONE,NONE
TXN_014880,0,NONE,NONE
TXN_001870,0,NONE,NONE
TXN_014193,0,NONE,NONE
TXN_002422,0,NONE,NONE
TXN_007442,0,NONE,NONE
TXN_008226,0,NONE,NONE
TXN_012825,0,NONE,NONE
TXN_010833,1,DEVICE,NEW_DEVICE
TXN_002846,0,NONE,NONE
TXN_004584,0,NONE,NONE
TXN_005361,0,NONE,NONE
TXN_011016,1,SEQUENTIAL,MICRO_TO_LARGE_ESCALATION
TXN_011648,0,NONE,NONE
TXN_008514,0,NONE,NONE
TXN_001621,0,NONE,NONE
TXN_012799,1,GEOGRAPHIC,IMPOSSIBLE_TRAVEL
TXN_003275,0,NONE,NONE
TXN_005340,0,NONE,NONE
TXN_004375,0,NONE,NONE
TXN_002313,0,NONE,NONE
TXN_007569,0,NONE,NONE
TXN_009960,1,BEHAVIORAL,SPENDING_PATTERN_SHIFT
TXN_008183,0,NONE,NONE
TXN_006864,0,NONE,NONE
TXN_007785,0,NONE,NONE
TXN_002047,0,NONE,NONE
TXN_011360,0,NONE,NONE
TXN_007214,0,NONE,NONE
TXN_013840,0,NONE,NONE
TXN_011104,0,NONE,NONE
TXN_009495,0,NONE,NONE
TXN_008014,0,NONE,NONE
TXN_004763,0,NONE,NONE
TXN_001943,0,NONE,NONE
TXN_013776,0,NONE,NONE
TXN_013593,0,NONE,NONE
TXN_004376,0,NONE,NONE
TXN_005139,0,NONE,NONE
TXN_004343,1,GEOGRAPHIC,IMPOSSIBLE_TRAVEL
TXN_000360,0,NONE,NONE
TXN_008306,0,NONE,NONE
TXN_003065,0,NONE,NONE
TXN_009699,0,NONE,NONE
TXN_005798,0,NONE,NONE
TXN_014316,0,NONE,NONE
TXN_002413,0,NONE,NONE
TXN_005732,0,NONE,NONE
TXN_014806,1,AMOUNT_ANOMALY,SUDDEN_HIGH_VALUE
TXN_007927,0,NONE,NONE
TXN_012312,0,NONE,NONE
TXN_002236,0,NONE,NONE
TXN_005264,0,NONE,NONE
TXN_012172,0,NONE,NONE
TXN_009137,0,NONE,NONE
TXN_000201,0,NONE,NONE
TXN_006492,0,NONE,NONE
TXN_011606,0,NONE,NONE
TXN_004930,0,NONE,NONE
TXN_004509,0,NONE,NONE
TXN_007627,0,NONE,NONE
TXN_006141,0,NONE,NONE
TXN_007216,0,NONE,NONE
TXN_001674,0,NONE,NONE
TXN_009046,0,NONE,NONE
TXN_003029,0,NONE,NONE
TXN_008870,0,NONE,NONE
TXN_013623,0,NONE,NONE
TXN_004362,0,NONE,NONE
TXN_012344,0,NONE,NONE
TXN_009813,0,NONE,NONE
TXN_007902,0,NONE,NONE
TXN_002804,0,NONE,NONE
TXN_007204,0,NONE,NONE
TXN_013878,0,NONE,NONE
TXN_003228,0,NONE,NONE
TXN_000285,0,NONE,NONE
TXN_009437,1,DEVICE,NEW_DEVICE
TXN_002034,1,DEVICE,NEW_DEVICE
TXN_008742,1,DEVICE,NEW_DEVICE
TXN_001762,0,NONE,NONE
TXN_003393,0,NONE,NONE
TXN_008655,1,TIME_ANOMALY,UNUSUAL_HOUR
TXN_005284,0,NONE,NONE
TXN_009952,0,NONE,NONE
TXN_006308,0,NONE,NONE
TXN_007451,0,NONE,NONE
TXN_010273,0,NONE,NONE
TXN_014241,0,NONE,NONE
TXN_011794,0,NONE,NONE
TXN_010689,0,NONE,NONE
TXN_008564,0,NONE,NONE
TXN_010078,0,NONE,NONE
TXN_007829,0,NONE,NONE
TXN_006658,0,NONE,NONE
TXN_008586,1,CARD_TESTING,MICRO_TRANSACTIONS
TXN_006717,0,NONE,NONE
TXN_011469,0,NONE,NONE
TXN_012220,0,NONE,NONE
TXN_011314,0,NONE,NONE
TXN_007596,0,NONE,NONE
TXN_006008,0,NONE,NONE
TXN_005768,0,NONE,NONE
TXN_014998,0,NONE,NONE
TXN_003259,0,NONE,NONE
TXN_012304,0,NONE,NONE
TXN_012997,0,NONE,NONE
TXN_008437,0,NONE,NONE
TXN_014089,1,SEQUENTIAL,MICRO_TO_LARGE_ESCALATION
TXN_011724,0,NONE,NONE
TXN_005429,0,NONE,NONE
TXN_007507,0,NONE,NONE
TXN_008622,0,NONE,NONE
TXN_001108,0,NONE,NONE
TXN_005316,0,NONE,NONE
TXN_012612,0,NONE,NONE
TXN_014513,0,NONE,NONE
TXN_008099,0,NONE,NONE
TXN_009747,0,NONE,NONE
TXN_009777,0,NONE,NONE
TXN_008799,0,NONE,NONE
TXN_003697,0,NONE,NONE
TXN_013309,0,NONE,NONE
TXN_009182,1,DEVICE,NEW_DEVICE
TXN_009108,0,NONE,NONE
TXN_013415,0,NONE,NONE
TXN_009350,0,NONE,NONE
TXN_008947,0,NONE,NONE
TXN_008966,0,NONE,NONE
TXN_011036,0,NONE,NONE
TXN_008346,1,AMOUNT_ANOMALY,SUDDEN_HIGH_VALUE
TXN_013298,0,NONE,NONE
TXN_004874,0,NONE,NONE
TXN_007072,0,NONE,NONE
TXN_004823,0,NONE,NONE
TXN_006536,0,NONE,NONE
TXN_014877,0,NONE,NONE
TXN_014428,0,NONE,NONE
TXN_005748,1,SEQUENTIAL,MICRO_TO_LARGE_ESCALATION
TXN_003173,0,NONE,NONE
TXN_005254,1,NETWORK,SHARED_DEVICE
TXN_006302,1,AMOUNT_ANOMALY,SUDDEN_HIGH_VALUE
TXN_004914,0,NONE,NONE
TXN_005958,0,NONE,NONE
TXN_009175,0,NONE,NONE
TXN_003588,0,NONE,NONE
TXN_001121,0,NONE,NONE
TXN_005885,0,NONE,NONE
TXN_005558,0,NONE,NONE
TXN_012434,0,NONE,NONE
TXN_006587,1,MERCHANT,UNUSUAL_MERCHANT
TXN_011869,0,NONE,NONE
TXN_001150,0,NONE,NONE
TXN_014821,0,NONE,NONE
TXN_010026,0,NONE,NONE
TXN_001728,0,NONE,NONE
TXN_001685,0,NONE,NONE
TXN_012355,0,NONE,NONE
TXN_010451,1,GEOGRAPHIC,IMPOSSIBLE_TRAVEL
TXN_013901,0,NONE,NONE
TXN_008605,0,NONE,NONE
TXN_011980,0,NONE,NONE
TXN_011346,0,NONE,NONE
TXN_005629,0,NONE,NONE
TXN_009342,0,NONE,NONE
TXN_010118,0,NONE,NONE
TXN_006605,0,NONE,NONE
TXN_000965,0,NONE,NONE
TXN_000149,0,NONE,NONE
TXN_012808,0,NONE,NONE
TXN_013979,0,NONE,NONE
TXN_013741,0,NONE,NONE
TXN_008893,1,NETWORK,SHARED_DEVICE
TXN_007053,1,DEVICE,NEW_DEVICE
TXN_005228,0,NONE,NONE
TXN_006699,1,MERCHANT,UNUSUAL_MERCHANT
TXN_000967,0,NONE,NONE
TXN_009953,1,GEOGRAPHIC,IMPOSSIBLE_TRAVEL
TXN_005018,0,NONE,NONE
TXN_002004,0,NONE,NONE
TXN_008656,0,NONE,NONE
TXN_010184,0,NONE,NONE
TXN_009826,0,NONE,NONE
TXN_012790,0,NONE,NONE
TXN_005263,0,NONE,NONE
TXN_001315,0,NONE,NONE
TXN_005605,1,AMOUNT_ANOMALY,SUDDEN_HIGH_VALUE
TXN_000566,0,NONE,NONE
TXN_012348,0,NONE,NONE
TXN_014927,0,NONE,NONE
TXN_005543,0,NONE,NONE
TXN_013177,0,NONE,NONE
TXN_011250,0,NONE,NONE
TXN_006000,0,NONE,NONE
TXN_014169,1,MERCHANT,UNUSUAL_MERCHANT
TXN_008750,0,NONE,NONE
TXN_003160,0,NONE,NONE
TXN_004507,0,NONE,NONE
TXN_014921,0,NONE,NONE
TXN_000523,0,NONE,NONE
TXN_013723,0,NONE,NONE
TXN_004102,0,NONE,NONE
TXN_003742,0,NONE,NONE
TXN_010288,0,NONE,NONE
TXN_014718,0,NONE,NONE
TXN_002101,0,NONE,NONE
TXN_007792,0,NONE,NONE
TXN_000235,1,TIME_ANOMALY,UNUSUAL_HOUR
TXN_000168,0,NONE,NONE
TXN_011941,1,MERCHANT,UNUSUAL_MERCHANT
TXN_009038,0,NONE,NONE
TXN_003757,0,NONE,NONE
TXN_003022,0,NONE,NONE
TXN_007135,0,NONE,NONE
TXN_007723,0,NONE,NONE
TXN_005533,0,NONE,NONE
TXN_001124,1,CARD_TESTING,MICRO_TRANSACTIONS
TXN_000821,0,NONE,NONE
TXN_001905,0,NONE,NONE
TXN_012418,0,NONE,NONE
TXN_009829,0,NONE,NONE
TXN_002395,0,NONE,NONE
TXN_003736,0,NONE,NONE
TXN_003090,0,NONE,NONE
TXN_008965,0,NONE,NONE
TXN_001143,0,NONE,NONE
TXN_000755,0,NONE,NONE
TXN_005216,0,NONE,NONE
TXN_005761,0,NONE,NONE
TXN_011382,0,NONE,NONE
TXN_005141,0,NONE,NONE
TXN_001641,0,NONE,NONE
TXN_009835,0,NONE,NONE
TXN_004211,0,NONE,NONE
TXN_010586,0,NONE,NONE
TXN_011202,1,DEVICE,NEW_DEVICE
TXN_009426,0,NONE,NONE
TXN_012652,0,NONE,NONE
TXN_008754,0,NONE,NONE
TXN_008400,0,NONE,NONE
TXN_005773,0,NONE,NONE
TXN_009604,0,NONE,NONE
TXN_012104,0,NONE,NONE
TXN_013333,0,NONE,NONE
TXN_008666,1,DEVICE,NEW_DEVICE
TXN_004836,0,NONE,NONE
TXN_013238,0,NONE,NONE
TXN_005243,0,NONE,NONE
TXN_010979,0,NONE,NONE
TXN_005584,0,NONE,NONE
TXN_012617,1,MERCHANT,UNUSUAL_MERCHANT
TXN_014641,0,NONE,NONE
TXN_004135,0,NONE,NONE
TXN_008317,0,NONE,NONE
TXN_001188,1,MERCHANT,UNUSUAL_MERCHANT
TXN_006316,0,NONE,NONE
TXN_003396,0,NONE,NONE
TXN_008199,0,NONE,NONE
TXN_004820,0,NONE,NONE
TXN_012299,0,NONE,NONE
TXN_004291,0,NONE,NONE
TXN_006657,0,NONE,NONE
TXN_005754,0,NONE,NONE
TXN_001766,0,NONE,NONE
TXN_006682,0,NONE,NONE
TXN_008558,0,NONE,NONE
TXN_005336,0,NONE,NONE
TXN_014200,1,TIME_ANOMALY,UNUSUAL_HOUR
TXN_004589,1,AMOUNT_ANOMALY,SUDDEN_HIGH_VALUE
TXN_011238,0,NONE,NONE
TXN_002978,0,NONE,NONE
TXN_011011,0,NONE,NONE
TXN_008140,1,TIME_ANOMALY,UNUSUAL_HOUR
TXN_013613,0,NONE,NONE
TXN_005312,1,GEOGRAPHIC,IMPOSSIBLE_TRAVEL
TXN_001655,0,NONE,NONE
TXN_008468,0,NONE,NONE
TXN_006607,0,NONE,NONE
TXN_002756,0,NONE,NONE
TXN_010031,0,NONE,NONE
TXN_014930,0,NONE,NONE
TXN_005570,0,NONE,NONE
TXN_000357,0,NONE,NONE
TXN_001419,0,NONE,NONE
TXN_006929,0,NONE,NONE
TXN_013509,0,NONE,NONE
TXN_014941,0,NONE,NONE
TXN_007939,0,NONE,NONE
TXN_014301,0,NONE,NONE
TXN_011662,0,NONE,NONE
TXN_002182,0,NONE,NONE
TXN_014588,0,NONE,NONE
TXN_006592,0,NONE,NONE
TXN_014232,0,NONE,NONE
TXN_008464,1,MERCHANT,UNUSUAL_MERCHANT
TXN_005825,0,NONE,NONE
TXN_013293,0,NONE,NONE
TXN_006950,0,NONE,NONE
TXN_001099,0,NONE,NONE
TXN_007410,1,VELOCITY,RAPID_TRANSACTIONS
TXN_005292,0,NONE,NONE
TXN_013775,0,NONE,NONE
TXN_008269,0,NONE,NONE
TXN_013170,0,NONE,NONE
TXN_001612,0,NONE,NONE
TXN_004568,0,NONE,NONE
TXN_010227,0,NONE,NONE
TXN_002154,0,NONE,NONE
TXN_007378,0,NONE,NONE
TXN_002787,0,NONE,NONE
TXN_006405,0,NONE,NONE
TXN_006072,0,NONE,NONE
TXN_002183,0,NONE,NONE
TXN_001458,0,NONE,NONE
TXN_009769,0,NONE,NONE
TXN_011516,0,NONE,NONE
TXN_002168,0,NONE,NONE
TXN_003339,0,NONE,NONE
TXN_000783,1,DEVICE,NEW_DEVICE
TXN_001401,0,NONE,NONE
TXN_005728,0,NONE,NONE
TXN_004084,0,NONE,NONE
TXN_006427,0,NONE,NONE
TXN_003815,0,NONE,NONE
TXN_004683,0,NONE,NONE
TXN_014269,0,NONE,NONE
TXN_012887,0,NONE,NONE
TXN_009299,0,NONE,NONE
TXN_012106,0,NONE,NONE
TXN_014291,0,NONE,NONE
TXN_012841,0,NONE,NONE
TXN_014254,0,NONE,NONE
TXN_005723,0,NONE,NONE
TXN_001412,0,NONE,NONE
TXN_005286,1,CARD_TESTING,MICRO_TRANSACTIONS
TXN_001240,0,NONE,NONE
TXN_009882,0,NONE,NONE
TXN_010417,0,NONE,NONE
TXN_009668,0,NONE,NONE
TXN_012200,0,NONE,NONE
TXN_005739,0,NONE,NONE
TXN_007631,1,TIME_ANOMALY,UNUSUAL_HOUR
TXN_003126,0,NONE,NONE
TXN_004854,0,NONE,NONE
TXN_005271,0,NONE,NONE
TXN_011257,1,CARD_TESTING,MICRO_TRANSACTIONS
TXN_007431,0,NONE,NONE
TXN_006433,0,NONE,NONE
TXN_008133,0,NONE,NONE
TXN_008290,0,NONE,NONE
TXN_012178,0,NONE,NONE
TXN_013454,0,NONE,NONE
TXN_005351,0,NONE,NONE
TXN_010706,0,NONE,NONE
TXN_011786,0,NONE,NONE
TXN_012741,0,NONE,NONE
TXN_003470,0,NONE,NONE
TXN_003964,0,NONE,NONE
TXN_011876,0,NONE,NONE
TXN_013012,0,NONE,NONE
TXN_004477,0,NONE,NONE
TXN_004764,0,NONE,NONE
TXN_005402,0,NONE,NONE
TXN_000339,0,NONE,NONE
TXN_013874,0,NONE,NONE
TXN_004728,0,NONE,NONE
TXN_011930,0,NONE,NONE
TXN_013770,0,NONE,NONE
TXN_001452,0,NONE,NONE
TXN_013646,0,NONE,NONE
TXN_000925,0,NONE,NONE
TXN_003046,0,NONE,NONE
TXN_002999,0,NONE,NONE
TXN_001589,0,NONE,NONE
TXN_005702,0,NONE,NONE
TXN_004331,0,NONE,NONE
TXN_008022,0,NONE,NONE
TXN_006802,0,NONE,NONE
TXN_009025,0,NONE,NONE
TXN_014692,0,NONE,NONE
TXN_007673,0,NONE,NONE
TXN_000012,0,NONE,NONE
TXN_012011,0,NONE,NONE
TXN_010378,0,NONE,NONE
TXN_002092,0,NONE,NONE
TXN_012090,1,BEHAVIORAL,SPENDING_PATTERN_SHIFT
TXN_002873,0,NONE,NONE
TXN_009420,0,NONE,NONE
TXN_013782,0,NONE,NONE
TXN_010875,1,AMOUNT_ANOMALY,SUDDEN_HIGH_VALUE
TXN_005603,0,NONE,NONE
TXN_008676,0,NONE,NONE
TXN_009436,0,NONE,NONE
TXN_008089,0,NONE,NONE
TXN_000894,0,NONE,NONE
TXN_012301,0,NONE,NONE
TXN_008658,0,NONE,NONE
TXN_000108,0,NONE,NONE
TXN_002325,0,NONE,NONE
TXN_011740,0,NONE,NONE
TXN_011335,0,NONE,NONE
TXN_007112,0,NONE,NONE
TXN_004497,0,NONE,NONE
TXN_007090,0,NONE,NONE
TXN_010769,0,NONE,NONE
TXN_008986,0,NONE,NONE
TXN_000835,0,NONE,NONE
TXN_007448,0,NONE,NONE
TXN_006986,0,NONE,NONE
TXN_005107,0,NONE,NONE
TXN_000045,1,VELOCITY,RAPID_TRANSACTIONS
TXN_006882,0,NONE,NONE
TXN_001142,0,NONE,NONE
TXN_005184,0,NONE,NONE
TXN_005310,0,NONE,NONE
TXN_000038,0,NONE,NONE
TXN_007189,0,NONE,NONE
TXN_012768,0,NONE,NONE
TXN_000535,0,NONE,NONE
TXN_007099,0,NONE,NONE
TXN_011168,0,NONE,NONE
TXN_006790,0,NONE,NONE
TXN_000721,0,NONE,NONE
TXN_009598,0,NONE,NONE
TXN_010653,0,NONE,NONE
TXN_011068,0,NONE,NONE
TXN_008816,0,NONE,NONE
TXN_000696,0,NONE,NONE
TXN_004986,0,NONE,NONE
TXN_011656,0,NONE,NONE
TXN_010043,0,NONE,NONE
TXN_010686,0,NONE,NONE
TXN_003235,0,NONE,NONE
TXN_014191,1,AMOUNT_ANOMALY,SUDDEN_HIGH_VALUE
TXN_012896,0,NONE,NONE
TXN_014902,0,NONE,NONE
TXN_010861,0,NONE,NONE
TXN_012363,0,NONE,NONE
TXN_014736,0,NONE,NONE
TXN_003121,0,NONE,NONE
TXN_002113,0,NONE,NONE
TXN_002375,0,NONE,NONE
TXN_013335,0,NONE,NONE
TXN_005859,0,NONE,NONE
TXN_004215,0,NONE,NONE
TXN_005637,0,NONE,NONE
TXN_002264,0,NONE,NONE
TXN_010018,1,DEVICE,NEW_DEVICE
TXN_013861,0,NONE,NONE
TXN_000996,0,NONE,NONE
TXN_000128,0,NONE,NONE
TXN_002452,0,NONE,NONE
TXN_006980,0,NONE,NONE
TXN_010479,0,NONE,NONE
TXN_013286,0,NONE,NONE
TXN_002586,0,NONE,NONE
TXN_007052,0,NONE,NONE
TXN_012946,0,NONE,NONE
TXN_013271,0,NONE,NONE
TXN_009492,0,NONE,NONE
TXN_003151,0,NONE,NONE
TXN_002473,0,NONE,NONE
TXN_008542,0,NONE,NONE
TXN_002779,0,NONE,NONE
TXN_009872,0,NONE,NONE
TXN_014702,0,NONE,NONE
TXN_006839,0,NONE,NONE
TXN_010830,1,CARD_TESTING,MICRO_TRANSACTIONS
TXN_009159,0,NONE,NONE
TXN_002480,0,NONE,NONE
TXN_009163,0,NONE,NONE
TXN_010210,0,NONE,NONE
TXN_007131,0,NONE,NONE
TXN_005291,0,NONE,NONE
TXN_007947,0,NONE,NONE
TXN_011891,1,TIME_ANOMALY,UNUSUAL_HOUR
TXN_007623,0,NONE,NONE
TXN_003483,0,NONE,NONE
TXN_006029,1,NETWORK,SHARED_DEVICE
TXN_008383,0,NONE,NONE
TXN_005810,0,NONE,NONE
TXN_001736,0,NONE,NONE
TXN_010015,0,NONE,NONE
TXN_002067,0,NONE,NONE
TXN_003047,0,NONE,NONE
TXN_003566,0,NONE,NONE
TXN_012357,0,NONE,NONE
TXN_011205,0,NONE,NONE
TXN_012948,0,NONE,NONE
TXN_006011,0,NONE,NONE
TXN_007531,0,NONE,NONE
TXN_009549,0,NONE,NONE
TXN_009212,0,NONE,NONE
TXN_000415,0,NONE,NONE
TXN_000952,0,NONE,NONE
TXN_004171,0,NONE,NONE
TXN_007208,0,NONE,NONE
TXN_000066,0,NONE,NONE
TXN_001367,0,NONE,NONE
TXN_014101,0,NONE,NONE
TXN_014740,0,NONE,NONE
TXN_013030,0,NONE,NONE
TXN_008352,0,NONE,NONE
TXN_013479,0,NONE,NONE
TXN_012670,0,NONE,NONE
TXN_013944,0,NONE,NONE
TXN_009086,0,NONE,NONE
TXN_012985,0,NONE,NONE
TXN_010752,0,NONE,NONE
TXN_008940,0,NONE,NONE
TXN_002434,0,NONE,NONE
TXN_005219,0,NONE,NONE
TXN_014549,0,NONE,NONE
TXN_010431,0,NONE,NONE
TXN_011914,0,NONE,NONE
TXN_012816,0,NONE,NONE
TXN_012802,0,NONE,NONE
TXN_014073,0,NONE,NONE
TXN_004127,0,NONE,NONE
TXN_012166,0,NONE,NONE
TXN_008028,0,NONE,NONE
TXN_010046,1,SEQUENTIAL,MICRO_TO_LARGE_ESCALATION
TXN_007075,0,NONE,NONE
TXN_014318,0,NONE,NONE
TXN_014198,0,NONE,NONE
TXN_014674,0,NONE,NONE
TXN_009500,0,NONE,NONE
TXN_013610,0,NONE,NONE
TXN_003331,0,NONE,NONE
TXN_007918,0,NONE,NONE
TXN_009149,0,NONE,NONE
TXN_008677,0,NONE,NONE
TXN_014781,0,NONE,NONE
TXN_011977,0,NONE,NONE
TXN_006691,1,AMOUNT_ANOMALY,SUDDEN_HIGH_VALUE
TXN_010261,0,NONE,NONE
TXN_010397,0,NONE,NONE
TXN_014001,0,NONE,NONE
TXN_005936,0,NONE,NONE
TXN_004180,0,NONE,NONE
TXN_012812,0,NONE,NONE
TXN_004200,0,NONE,NONE
TXN_001656,0,NONE,NONE
TXN_009141,0,NONE,NONE
TXN_009191,0,NONE,NONE
TXN_009765,0,NONE,NONE
TXN_003370,0,NONE,NONE
TXN_005050,0,NONE,NONE
TXN_001473,0,NONE,NONE
TXN_012621,1,AMOUNT_ANOMALY,SUDDEN_HIGH_VALUE
TXN_010242,0,NONE,NONE
TXN_000998,0,NONE,NONE
TXN_010122,0,NONE,NONE
TXN_012629,1,NETWORK,SHARED_DEVICE
TXN_014365,0,NONE,NONE
TXN_002044,0,NONE,NONE
TXN_004529,1,VELOCITY,RAPID_TRANSACTIONS
TXN_004778,0,NONE,NONE
TXN_007484,0,NONE,NONE
TXN_002663,0,NONE,NONE
TXN_003788,0,NONE,NONE
TXN_003213,0,NONE,NONE
TXN_000824,0,NONE,NONE
TXN_006192,0,NONE,NONE
TXN_002171,0,NONE,NONE
TXN_002854,0,NONE,NONE
TXN_010825,0,NONE,NONE
TXN_011039,0,NONE,NONE
TXN_006024,0,NONE,NONE
TXN_004164,0,NONE,NONE
TXN_004612,0,NONE,NONE
TXN_006335,0,NONE,NONE
TXN_004992,0,NONE,NONE
TXN_003380,0,NONE,NONE
TXN_005729,0,NONE,NONE
TXN_006462,0,NONE,NONE
TXN_010946,0,NONE,NONE
TXN_013687,0,NONE,NONE
TXN_006358,0,NONE,NONE
TXN_004248,0,NONE,NONE
TXN_006434,0,NONE,NONE
TXN_010182,0,NONE,NONE
TXN_000104,0,NONE,NONE
TXN_002441,0,NONE,NONE
TXN_008265,0,NONE,NONE
TXN_006747,0,NONE,NONE
TXN_000396,0,NONE,NONE
TXN_010315,0,NONE,NONE
TXN_013608,0,NONE,NONE
TXN_004988,0,NONE,NONE
TXN_012295,0,NONE,NONE
TXN_012083,1,AMOUNT_ANOMALY,SUDDEN_HIGH_VALUE
TXN_003692,0,NONE,NONE
TXN_014691,0,NONE,NONE
TXN_009161,0,NONE,NONE
TXN_009650,0,NONE,NONE
TXN_000816,0,NONE,NONE
TXN_010512,0,NONE,NONE
TXN_010836,0,NONE,NONE
TXN_004712,0,NONE,NONE
TXN_011098,0,NONE,NONE
TXN_012250,0,NONE,NONE
TXN_000352,0,NONE,NONE
TXN_006400,0,NONE,NONE
TXN_005031,0,NONE,NONE
TXN_004923,0,NONE,NONE
TXN_013466,0,NONE,NONE
TXN_013666,0,NONE,NONE
TXN_002483,0,NONE,NONE
TXN_004387,0,NONE,NONE
TXN_007499,0,NONE,NONE
TXN_003988,0,NONE,NONE
TXN_003166,0,NONE,NONE
TXN_002222,0,NONE,NONE
TXN_006155,0,NONE,NONE
TXN_000385,0,NONE,NONE
TXN_002514,0,NONE,NONE
TXN_005545,0,NONE,NONE
TXN_014378,0,NONE,NONE
TXN_007550,0,NONE,NONE
TXN_003848,0,NONE,NONE
TXN_012655,1,DEVICE,NEW_DEVICE
TXN_014181,1,MERCHANT,UNUSUAL_MERCHANT
TXN_010012,0,NONE,NONE
TXN_003557,0,NONE,NONE
TXN_006502,0,NONE,NONE
TXN_000432,0,NONE,NONE
TXN_013833,0,NONE,NONE
TXN_014012,0,NONE,NONE
TXN_007706,1,SEQUENTIAL,MICRO_TO_LARGE_ESCALATION
TXN_010908,0,NONE,NONE
TXN_008322,0,NONE,NONE
TXN_002214,0,NONE,NONE
TXN_008985,0,NONE,NONE
TXN_014628,0,NONE,NONE
TXN_001809,0,NONE,NONE
TXN_012101,0,NONE,NONE
TXN_006176,0,NONE,NONE
TXN_014125,0,NONE,NONE
TXN_000343,0,NONE,NONE
TXN_011339,0,NONE,NONE
TXN_010432,0,NONE,NONE
TXN_004210,0,NONE,NONE
TXN_008453,0,NONE,NONE
TXN_004121,0,NONE,NONE
TXN_010942,0,NONE,NONE
TXN_003087,0,NONE,NONE
TXN_014845,0,NONE,NONE
TXN_000666,0,NONE,NONE
TXN_002303,0,NONE,NONE
TXN_014046,0,NONE,NONE
TXN_001252,0,NONE,NONE
TXN_005561,1,TIME_ANOMALY,UNUSUAL_HOUR
TXN_011203,0,NONE,NONE
TXN_000574,0,NONE,NONE
TXN_002635,0,NONE,NONE
TXN_003293,0,NONE,NONE
TXN_010824,0,NONE,NONE
TXN_013261,0,NONE,NONE
TXN_008883,0,NONE,NONE
TXN_007930,0,NONE,NONE
TXN_009967,0,NONE,NONE
TXN_006969,0,NONE,NONE
TXN_014976,0,NONE,NONE
TXN_010484,0,NONE,NONE
TXN_003789,0,NONE,NONE
TXN_006219,0,NONE,NONE
TXN_003741,0,NONE,NONE
TXN_002865,0,NONE,NONE
TXN_004573,0,NONE,NONE
TXN_003169,0,NONE,NONE
TXN_009945,0,NONE,NONE
TXN_007251,0,NONE,NONE
TXN_006206,0,NONE,NONE
TXN_004385,0,NONE,NONE
TXN_007270,0,NONE,NONE
TXN_013167,0,NONE,NONE
TXN_002256,1,VELOCITY,RAPID_TRANSACTIONS
TXN_004853,0,NONE,NONE
TXN_014483,0,NONE,NONE
TXN_001300,0,NONE,NONE
TXN_010034,0,NONE,NONE
TXN_004076,0,NONE,NONE
TXN_004532,0,NONE,NONE
TXN_011099,0,NONE,NONE
TXN_014321,0,NONE,NONE
TXN_006241,0,NONE,NONE
TXN_002724,0,NONE,NONE
TXN_005610,0,NONE,NONE
TXN_001357,0,NONE,NONE
TXN_010776,0,NONE,NONE
TXN_010724,0,NONE,NONE
TXN_010577,0,NONE,NONE
TXN_000516,0,NONE,NONE
TXN_014848,0,NONE,NONE
TXN_002068,0,NONE,NONE
TXN_005580,0,NONE,NONE
TXN_008723,0,NONE,NONE
TXN_010109,0,NONE,NONE
TXN_004508,0,NONE,NONE
TXN_010672,0,NONE,NONE
TXN_000778,0,NONE,NONE
TXN_006217,0,NONE,NONE
TXN_002899,0,NONE,NONE
TXN_013110,0,NONE,NONE
TXN_011928,0,NONE,NONE
TXN_010774,1,MERCHANT,UNUSUAL_MERCHANT
TXN_012814,0,NONE,NONE
TXN_000171,0,NONE,NONE
TXN_009117,0,NONE,NONE
TXN_009584,0,NONE,NONE
TXN_005051,0,NONE,NONE
TXN_011936,1,CARD_TESTING,MICRO_TRANSACTIONS
TXN_006999,0,NONE,NONE
TXN_013839,0,NONE,NONE
TXN_004326,0,NONE,NONE
TXN_004575,0,NONE,NONE
TXN_009754,0,NONE,NONE
TXN_000388,0,NONE,NONE
TXN_005635,0,NONE,NONE
TXN_009147,0,NONE,NONE
TXN_006873,0,NONE,NONE
TXN_008969,0,NONE,NONE
TXN_005043,0,NONE,NONE
TXN_004503,1,CARD_TESTING,MICRO_TRANSACTIONS
TXN_012526,1,SEQUENTIAL,MICRO_TO_LARGE_ESCALATION
TXN_000092,0,NONE,NONE
TXN_007875,0,NONE,NONE
TXN_003879,0,NONE,NONE
TXN_011795,0,NONE,NONE
TXN_010677,1,MERCHANT,UNUSUAL_MERCHANT
TXN_006417,1,TIME_ANOMALY,UNUSUAL_HOUR
TXN_013329,0,NONE,NONE
TXN_012744,0,NONE,NONE
TXN_012656,0,NONE,NONE
TXN_009390,0,NONE,NONE
TXN_012876,0,NONE,NONE
TXN_010871,0,NONE,NONE
TXN_013680,0,NONE,NONE
TXN_006440,1,CARD_TESTING,MICRO_TRANSACTIONS
TXN_012623,0,NONE,NONE
TXN_003745,0,NONE,NONE
TXN_010306,0,NONE,NONE
TXN_001242,0,NONE,NONE
TXN_000022,0,NONE,NONE
TXN_012235,0,NONE,NONE
TXN_014392,0,NONE,NONE
TXN_006501,0,NONE,NONE
TXN_001759,0,NONE,NONE
TXN_001156,0,NONE,NONE
TXN_011810,0,NONE,NONE
TXN_006798,0,NONE,NONE
TXN_004803,0,NONE,NONE
TXN_000306,0,NONE,NONE
TXN_003289,0,NONE,NONE
TXN_009018,0,NONE,NONE
TXN_000661,0,NONE,NONE
TXN_001038,0,NONE,NONE
TXN_013715,0,NONE,NONE
TXN_014502,0,NONE,NONE
TXN_014616,0,NONE,NONE
TXN_011249,0,NONE,NONE
TXN_007560,0,NONE,NONE
TXN_001120,0,NONE,NONE
TXN_012994,1,VELOCITY,RAPID_TRANSACTIONS
TXN_001026,0,NONE,NONE
TXN_010123,0,NONE,NONE
TXN_009452,0,NONE,NONE
TXN_010842,0,NONE,NONE
TXN_003617,0,NONE,NONE
TXN_013838,0,NONE,NONE
TXN_002857,0,NONE,NONE
TXN_014038,0,NONE,NONE
TXN_009899,0,NONE,NONE
TXN_003426,1,BEHAVIORAL,SPENDING_PATTERN_SHIFT
TXN_003286,1,AMOUNT_ANOMALY,SUDDEN_HIGH_VALUE
TXN_003940,0,NONE,NONE
TXN_008390,0,NONE,NONE
TXN_006817,0,NONE,NONE
TXN_000563,0,NONE,NONE
TXN_000517,0,NONE,NONE
TXN_010064,0,NONE,NONE
TXN_003162,0,NONE,NONE
TXN_005163,0,NONE,NONE
TXN_008111,0,NONE,NONE
TXN_012715,0,NONE,NONE
TXN_013258,0,NONE,NONE
TXN_002430,0,NONE,NONE
TXN_003887,0,NONE,NONE
TXN_006047,0,NONE,NONE
TXN_005843,0,NONE,NONE
TXN_000580,0,NONE,NONE
TXN_011920,0,NONE,NONE
TXN_001596,1,DEVICE,NEW_DEVICE
TXN_003901,0,NONE,NONE
TXN_014069,0,NONE,NONE
TXN_011590,0,NONE,NONE
TXN_014529,0,NONE,NONE
TXN_002581,0,NONE,NONE
TXN_006265,0,NONE,NONE
TXN_007485,0,NONE,NONE
TXN_011501,0,NONE,NONE
TXN_013302,0,NONE,NONE
TXN_006338,0,NONE,NONE
TXN_004289,1,TIME_ANOMALY,UNUSUAL_HOUR
TXN_012507,0,NONE,NONE
TXN_001221,0,NONE,NONE
TXN_013267,0,NONE,NONE
TXN_012496,0,NONE,NONE
TXN_007375,0,NONE,NONE
TXN_010206,0,NONE,NONE
TXN_006327,0,NONE,NONE
TXN_010376,0,NONE,NONE
TXN_008135,0,NONE,NONE
TXN_014308,0,NONE,NONE
TXN_006627,0,NONE,NONE
TXN_013755,0,NONE,NONE
TXN_002053,1,MERCHANT,UNUSUAL_MERCHANT
TXN_006895,0,NONE,NONE
TXN_012506,0,NONE,NONE
TXN_002202,0,NONE,NONE
TXN_001803,0,NONE,NONE
TXN_010325,0,NONE,NONE
TXN_014222,0,NONE,NONE
TXN_014323,0,NONE,NONE
TXN_005710,0,NONE,NONE
TXN_006877,0,NONE,NONE
TXN_013063,1,NETWORK,SHARED_DEVICE
TXN_014499,0,NONE,NONE
TXN_001305,0,NONE,NONE
TXN_013816,0,NONE,NONE
TXN_014780,0,NONE,NONE
TXN_000064,1,BEHAVIORAL,SPENDING_PATTERN_SHIFT
TXN_014489,0,NONE,NONE
TXN_004944,0,NONE,NONE
TXN_014280,1,BEHAVIORAL,SPENDING_PATTERN_SHIFT
TXN_005974,1,BEHAVIORAL,SPENDING_PATTERN_SHIFT
TXN_012197,1,VELOCITY,RAPID_TRANSACTIONS
TXN_009857,0,NONE,NONE
TXN_000732,0,NONE,NONE
TXN_011280,0,NONE,NONE
TXN_010388,0,NONE,NONE
TXN_003222,0,NONE,NONE
TXN_001089,0,NONE,NONE
TXN_007718,0,NONE,NONE
TXN_006168,0,NONE,NONE
TXN_007742,0,NONE,NONE
TXN_000031,0,NONE,NONE
TXN_005656,0,NONE,NONE
TXN_004402,0,NONE,NONE
TXN_009732,0,NONE,NONE
TXN_004948,0,NONE,NONE
TXN_010578,0,NONE,NONE
TXN_004021,0,NONE,NONE
TXN_005573,0,NONE,NONE
TXN_007826,1,BEHAVIORAL,SPENDING_PATTERN_SHIFT
TXN_007108,0,NONE,NONE
TXN_001420,0,NONE,NONE
TXN_004891,0,NONE,NONE
TXN_010537,0,NONE,NONE
TXN_000017,0,NONE,NONE
TXN_008902,0,NONE,NONE
TXN_012569,0,NONE,NONE
TXN_013618,0,NONE,NONE
TXN_000758,0,NONE,NONE
TXN_003984,0,NONE,NONE
TXN_013095,0,NONE,NONE
TXN_003043,0,NONE,NONE
TXN_000581,0,NONE,NONE
TXN_000822,0,NONE,NONE
TXN_012247,1,VELOCITY,RAPID_TRANSACTIONS
TXN_005297,0,NONE,NONE
TXN_010387,0,NONE,NONE
TXN_014083,0,NONE,NONE
TXN_002152,0,NONE,NONE
TXN_011408,0,NONE,NONE
TXN_002821,1,AMOUNT_ANOMALY,SUDDEN_HIGH_VALUE
TXN_012450,0,NONE,NONE
TXN_008350,0,NONE,NONE
TXN_004349,0,NONE,NONE
TXN_009709,0,NONE,NONE
TXN_009003,0,NONE,NONE
TXN_010152,0,NONE,NONE
TXN_005134,0,NONE,NONE
TXN_005690,0,NONE,NONE
TXN_010264,0,NONE,NONE
TXN_004373,0,NONE,NONE
TXN_010094,1,SEQUENTIAL,MICRO_TO_LARGE_ESCALATION
TXN_001276,0,NONE,NONE
TXN_000887,0,NONE,NONE
TXN_009429,0,NONE,NONE
TXN_005428,0,NONE,NONE
TXN_001983,0,NONE,NONE
TXN_005878,0,NONE,NONE
TXN_010900,0,NONE,NONE
TXN_002676,0,NONE,NONE
TXN_005933,0,NONE,NONE
TXN_007601,0,NONE,NONE
TXN_006370,0,NONE,NONE
TXN_010021,0,NONE,NONE
TXN_002949,0,NONE,NONE
TXN_002105,0,NONE,NONE
TXN_005325,0,NONE,NONE
TXN_005990,0,NONE,NONE
TXN_014389,0,NONE,NONE
TXN_006356,0,NONE,NONE
TXN_006054,0,NONE,NONE
TXN_007399,0,NONE,NONE
TXN_004694,0,NONE,NONE
TXN_002641,0,NONE,NONE
TXN_007538,0,NONE,NONE
TXN_008066,0,NONE,NONE
TXN_008026,0,NONE,NONE
TXN_008067,0,NONE,NONE
TXN_001380,0,NONE,NONE
TXN_008732,0,NONE,NONE
TXN_011915,0,NONE,NONE
TXN_011961,0,NONE,NONE
TXN_007061,0,NONE,NONE
TXN_004926,0,NONE,NONE
TXN_013954,0,NONE,NONE
TXN_007694,0,NONE,NONE
TXN_006625,1,BEHAVIORAL,SPENDING_PATTERN_SHIFT
TXN_012620,0,NONE,NONE
TXN_007359,0,NONE,NONE
TXN_012592,0,NONE,NONE
TXN_010332,0,NONE,NONE
TXN_004198,0,NONE,NONE
TXN_005527,0,NONE,NONE
TXN_014784,0,NONE,NONE
TXN_008499,0,NONE,NONE
TXN_009331,0,NONE,NONE
TXN_002138,0,NONE,NONE
TXN_000377,1,TIME_ANOMALY,UNUSUAL_HOUR
TXN_002835,1,CARD_TESTING,MICRO_TRANSACTIONS
TXN_010095,0,NONE,NONE
TXN_010848,0,NONE,NONE
TXN_000639,0,NONE,NONE
TXN_008628,0,NONE,NONE
TXN_014943,0,NONE,NONE
TXN_012143,0,NONE,NONE
TXN_008806,0,NONE,NONE
TXN_014554,0,NONE,NONE
TXN_012071,0,NONE,NONE
TXN_002913,0,NONE,NONE
TXN_006949,0,NONE,NONE
TXN_006266,0,NONE,NONE
TXN_013866,0,NONE,NONE
TXN_012692,0,NONE,NONE
TXN_005378,0,NONE,NONE
TXN_000672,0,NONE,NONE
TXN_009664,0,NONE,NONE
TXN_007900,0,NONE,NONE
TXN_012947,0,NONE,NONE
TXN_002419,0,NONE,NONE
TXN_012447,0,NONE,NONE
TXN_012438,0,NONE,NONE
TXN_008980,0,NONE,NONE
TXN_014717,0,NONE,NONE
TXN_004626,0,NONE,NONE
TXN_010581,0,NONE,NONE
TXN_007354,1,BEHAVIORAL,SPENDING_PATTERN_SHIFT
TXN_006055,1,BEHAVIORAL,SPENDING_PATTERN_SHIFT
TXN_010319,0,NONE,NONE
TXN_000997,0,NONE,NONE
TXN_013800,0,NONE,NONE
TXN_012646,0,NONE,NONE
TXN_013225,0,NONE,NONE
TXN_003575,0,NONE,NONE
TXN_002298,0,NONE,NONE
TXN_011534,0,NONE,NONE
TXN_006062,0,NONE,NONE
TXN_001933,0,NONE,NONE
TXN_002816,0,NONE,NONE
TXN_014287,1,GEOGRAPHIC,IMPOSSIBLE_TRAVEL
TXN_013745,0,NONE,NONE
TXN_013882,0,NONE,NONE
TXN_001484,0,NONE,NONE
TXN_010794,0,NONE,NONE
TXN_005716,0,NONE,NONE
TXN_014162,0,NONE,NONE
TXN_012238,0,NONE,NONE
TXN_005571,0,NONE,NONE
TXN_001832,0,NONE,NONE
TXN_002661,0,NONE,NONE
TXN_005039,0,NONE,NONE
TXN_010674,0,NONE,NONE
TXN_005546,1,CARD_TESTING,MICRO_TRANSACTIONS
TXN_014705,0,NONE,NONE
TXN_010468,0,NONE,NONE
TXN_002654,0,NONE,NONE
TXN_006001,0,NONE,NONE
TXN_007590,0,NONE,NONE
TXN_000437,0,NONE,NONE
TXN_006690,0,NONE,NONE
TXN_003783,0,NONE,NONE
TXN_009259,0,NONE,NONE
TXN_008051,1,TIME_ANOMALY,UNUSUAL_HOUR
TXN_002492,0,NONE,NONE
TXN_002651,0,NONE,NONE
TXN_007273,1,TIME_ANOMALY,UNUSUAL_HOUR
TXN_010097,1,TIME_ANOMALY,UNUSUAL_HOUR
TXN_010316,0,NONE,NONE
TXN_002426,0,NONE,NONE
TXN_010407,0,NONE,NONE
TXN_013728,0,NONE,NONE
TXN_003484,0,NONE,NONE
TXN_009641,0,NONE,NONE
TXN_012508,0,NONE,NONE
TXN_010933,0,NONE,NONE
TXN_001134,0,NONE,NONE
TXN_007552,0,NONE,NONE
TXN_002249,0,NONE,NONE
TXN_012239,1,GEOGRAPHIC,IMPOSSIBLE_TRAVEL
TXN_005880,1,DEVICE,NEW_DEVICE
TXN_000740,0,NONE,NONE
TXN_010968,0,NONE,NONE
TXN_005014,0,NONE,NONE
TXN_002172,0,NONE,NONE
TXN_000466,0,NONE,NONE
TXN_000842,0,NONE,NONE
TXN_000328,0,NONE,NONE
TXN_013809,0,NONE,NONE
TXN_005205,0,NONE,NONE
TXN_012859,0,NONE,NONE
TXN_009730,0,NONE,NONE
TXN_002079,0,NONE,NONE
TXN_006582,0,NONE,NONE
TXN_009104,0,NONE,NONE
TXN_008926,0,NONE,NONE
TXN_013130,1,BEHAVIORAL,SPENDING_PATTERN_SHIFT
TXN_008809,1,CARD_TESTING,MICRO_TRANSACTIONS
TXN_014011,0,NONE,NONE
TXN_012435,0,NONE,NONE
TXN_002258,0,NONE,NONE
TXN_008502,0,NONE,NONE
TXN_011089,0,NONE,NONE
TXN_013157,1,CARD_TESTING,MICRO_TRANSACTIONS
TXN_005075,0,NONE,NONE
TXN_001539,0,NONE,NONE
TXN_003559,0,NONE,NONE
TXN_003030,0,NONE,NONE
TXN_001289,0,NONE,NONE
TXN_011330,0,NONE,NONE
TXN_010772,1,SEQUENTIAL,MICRO_TO_LARGE_ESCALATION
TXN_013385,0,NONE,NONE
TXN_008856,0,NONE,NONE
TXN_010415,0,NONE,NONE
TXN_002764,0,NONE,NONE
TXN_013381,0,NONE,NONE
TXN_006974,0,NONE,NONE
TXN_010970,0,NONE,NONE
TXN_010704,0,NONE,NONE
TXN_009684,0,NONE,NONE
TXN_008467,0,NONE,NONE
TXN_007164,0,NONE,NONE
TXN_007781,0,NONE,NONE
TXN_002737,1,TIME_ANOMALY,UNUSUAL_HOUR
TXN_009454,0,NONE,NONE
TXN_009451,0,NONE,NONE
TXN_002293,0,NONE,NONE
TXN_007229,0,NONE,NONE
TXN_007294,0,NONE,NONE
TXN_013789,0,NONE,NONE
TXN_010253,0,NONE,NONE
TXN_009142,1,TIME_ANOMALY,UNUSUAL_HOUR
TXN_002023,0,NONE,NONE
TXN_013053,0,NONE,NONE
TXN_006905,0,NONE,NONE
TXN_012360,1,VELOCITY,RAPID_TRANSACTIONS
TXN_011924,0,NONE,NONE
TXN_001338,1,GEOGRAPHIC,IMPOSSIBLE_TRAVEL
TXN_007916,0,NONE,NONE
TXN_012819,0,NONE,NONE
TXN_001205,0,NONE,NONE
TXN_012262,0,NONE,NONE
TXN_000179,1,MERCHANT,UNUSUAL_MERCHANT
TXN_012423,0,NONE,NONE
TXN_009509,0,NONE,NONE
TXN_008565,0,NONE,NONE
TXN_005914,1,CARD_TESTING,MICRO_TRANSACTIONS
TXN_004126,0,NONE,NONE
TXN_013682,0,NONE,NONE
TXN_005241,0,NONE,NONE
TXN_008196,0,NONE,NONE
TXN_010017,0,NONE,NONE
TXN_005764,0,NONE,NONE
TXN_006732,0,NONE,NONE
TXN_010654,0,NONE,NONE
TXN_013508,0,NONE,NONE
TXN_013249,0,NONE,NONE
TXN_002164,0,NONE,NONE
TXN_013453,0,NONE,NONE
TXN_002707,0,NONE,NONE
TXN_000277,0,NONE,NONE
TXN_005808,0,NONE,NONE
TXN_001606,1,NETWORK,SHARED_DEVICE
TXN_013947,1,AMOUNT_ANOMALY,SUDDEN_HIGH_VALUE
TXN_006172,0,NONE,NONE
TXN_002167,0,NONE,NONE
TXN_005152,0,NONE,NONE
TXN_009755,0,NONE,NONE
TXN_007838,0,NONE,NONE
TXN_000307,0,NONE,NONE
TXN_010986,0,NONE,NONE
TXN_010977,0,NONE,NONE
TXN_008336,0,NONE,NONE
TXN_011596,0,NONE,NONE
TXN_004030,1,SEQUENTIAL,MICRO_TO_LARGE_ESCALATION
TXN_014731,0,NONE,NONE
TXN_006858,0,NONE,NONE
TXN_012167,0,NONE,NONE
TXN_009881,0,NONE,NONE
TXN_008060,0,NONE,NONE
TXN_003183,0,NONE,NONE
TXN_000187,0,NONE,NONE
TXN_001229,0,NONE,NONE
TXN_002637,0,NONE,NONE
TXN_013647,0,NONE,NONE
TXN_006077,1,NETWORK,SHARED_DEVICE
TXN_007638,0,NONE,NONE
TXN_003033,0,NONE,NONE
TXN_004157,0,NONE,NONE
TXN_012976,0,NONE,NONE
TXN_002745,0,NONE,NONE
TXN_008706,0,NONE,NONE
TXN_014465,0,NONE,NONE
TXN_004762,0,NONE,NONE
TXN_000731,0,NONE,NONE
TXN_003501,0,NONE,NONE
TXN_014490,0,NONE,NONE
TXN_000117,0,NONE,NONE
TXN_012038,0,NONE,NONE
TXN_006031,0,NONE,NONE
TXN_011067,0,NONE,NONE
TXN_006603,0,NONE,NONE
TXN_005059,0,NONE,NONE
TXN_011127,0,NONE,NONE
TXN_002629,0,NONE,NONE
TXN_008221,0,NONE,NONE
TXN_013640,0,NONE,NONE
TXN_002861,0,NONE,NONE
TXN_011964,0,NONE,NONE
TXN_010334,0,NONE,NONE
TXN_006383,0,NONE,NONE
TXN_008324,0,NONE,NONE
TXN_011400,0,NONE,NONE
TXN_014103,0,NONE,NONE
TXN_012836,0,NONE,NONE
TXN_013699,0,NONE,NONE
TXN_014040,0,NONE,NONE
TXN_001859,1,SEQUENTIAL,MICRO_TO_LARGE_ESCALATION
TXN_004330,0,NONE,NONE
TXN_002114,0,NONE,NONE
TXN_013597,0,NONE,NONE
TXN_004459,0,NONE,NONE
TXN_012572,0,NONE,NONE
TXN_002773,0,NONE,NONE
TXN_014533,0,NONE,NONE
TXN_007163,1,SEQUENTIAL,MICRO_TO_LARGE_ESCALATION
TXN_008715,0,NONE,NONE
TXN_001400,0,NONE,NONE
TXN_010521,1,AMOUNT_ANOMALY,SUDDEN_HIGH_VALUE
TXN_000114,0,NONE,NONE
TXN_003561,0,NONE,NONE
TXN_007129,0,NONE,NONE
TXN_003962,0,NONE,NONE
TXN_006550,0,NONE,NONE
TXN_001633,0,NONE,NONE
TXN_006758,0,NONE,NONE
TXN_007934,1,BEHAVIORAL,SPENDING_PATTERN_SHIFT
TXN_008010,0,NONE,NONE
TXN_000809,0,NONE,NONE
TXN_002765,0,NONE,NONE
TXN_013946,0,NONE,NONE
TXN_009988,0,NONE,NONE
TXN_001719,0,NONE,NONE
TXN_004339,0,NONE,NONE
TXN_005564,0,NONE,NONE
TXN_003684,0,NONE,NONE
TXN_000416,1,CARD_TESTING,MICRO_TRANSACTIONS
TXN_011935,0,NONE,NONE
TXN_006389,0,NONE,NONE
TXN_011147,0,NONE,NONE
TXN_006526,0,NONE,NONE
TXN_000571,0,NONE,NONE
TXN_012685,0,NONE,NONE
TXN_003270,1,BEHAVIORAL,SPENDING_PATTERN_SHIFT
TXN_007733,0,NONE,NONE
TXN_014823,1,BEHAVIORAL,SPENDING_PATTERN_SHIFT
TXN_009411,0,NONE,NONE
TXN_005592,0,NONE,NONE
TXN_012757,0,NONE,NONE
TXN_002603,0,NONE,NONE
TXN_003188,0,NONE,NONE
TXN_000373,0,NONE,NONE
TXN_013933,0,NONE,NONE
TXN_012631,1,GEOGRAPHIC,IMPOSSIBLE_TRAVEL
TXN_014044,0,NONE,NONE
TXN_012460,0,NONE,NONE
TXN_005118,0,NONE,NONE
TXN_003352,0,NONE,NONE
TXN_009779,0,NONE,NONE
TXN_002569,0,NONE,NONE
TXN_005155,0,NONE,NONE
TXN_012373,0,NONE,NONE
TXN_002058,0,NONE,NONE
TXN_006819,0,NONE,NONE
TXN_012979,0,NONE,NONE
TXN_009293,0,NONE,NONE
TXN_006684,0,NONE,NONE
TXN_011942,0,NONE,NONE
TXN_011640,0,NONE,NONE
TXN_006874,0,NONE,NONE
TXN_012702,0,NONE,NONE
TXN_013127,0,NONE,NONE
TXN_014973,0,NONE,NONE
TXN_001262,0,NONE,NONE
TXN_012986,0,NONE,NONE
TXN_013832,1,BEHAVIORAL,SPENDING_PATTERN_SHIFT
TXN_006083,0,NONE,NONE
TXN_000801,0,NONE,NONE
TXN_002836,0,NONE,NONE
TXN_009434,0,NONE,NONE
TXN_009228,0,NONE,NONE
TXN_002537,0,NONE,NONE
TXN_002631,0,NONE,NONE
TXN_009869,0,NONE,NONE
TXN_002991,1,CARD_TESTING,MICRO_TRANSACTIONS
TXN_007745,0,NONE,NONE
TXN_014895,0,NONE,NONE
TXN_009688,1,DEVICE,NEW_DEVICE
TXN_003451,1,GEOGRAPHIC,IMPOSSIBLE_TRAVEL
TXN_009775,1,DEVICE,NEW_DEVICE
TXN_005725,0,NONE,NONE
TXN_010676,0,NONE,NONE
TXN_001399,0,NONE,NONE
TXN_010007,0,NONE,NONE
TXN_001031,0,NONE,NONE
TXN_006204,0,NONE,NONE
TXN_013009,0,NONE,NONE
TXN_011471,0,NONE,NONE
TXN_000434,0,NONE,NONE
TXN_011321,0,NONE,NONE
TXN_012856,0,NONE,NONE
TXN_013470,0,NONE,NONE
TXN_013560,0,NONE,NONE
TXN_010843,1,MERCHANT,UNUSUAL_MERCHANT
TXN_007142,0,NONE,NONE
TXN_008167,0,NONE,NONE
TXN_008560,0,NONE,NONE
TXN_005835,0,NONE,NONE
TXN_014658,0,NONE,NONE
TXN_005103,0,NONE,NONE
TXN_004221,0,NONE,NONE
TXN_005364,0,NONE,NONE
TXN_005929,0,NONE,NONE
TXN_007665,0,NONE,NONE
TXN_004623,0,NONE,NONE
TXN_011130,0,NONE,NONE
TXN_002026,0,NONE,NONE
TXN_003517,0,NONE,NONE
TXN_014427,0,NONE,NONE
TXN_011759,1,CARD_TESTING,MICRO_TRANSACTIONS
TXN_003464,0,NONE,NONE
TXN_012854,0,NONE,NONE
TXN_011020,0,NONE,NONE
TXN_014358,0,NONE,NONE
TXN_008800,0,NONE,NONE
TXN_009880,0,NONE,NONE
TXN_002126,0,NONE,NONE
TXN_012820,0,NONE,NONE
TXN_002719,0,NONE,NONE
TXN_012582,1,SEQUENTIAL,MICRO_TO_LARGE_ESCALATION
TXN_002103,0,NONE,NONE
TXN_007536,0,NONE,NONE
TXN_001366,0,NONE,NONE
TXN_003332,0,NONE,NONE
TXN_012545,0,NONE,NONE
TXN_013318,0,NONE,NONE
TXN_007268,0,NONE,NONE
TXN_007678,0,NONE,NONE
TXN_001942,0,NONE,NONE
TXN_013811,0,NONE,NONE
TXN_002191,0,NONE,NONE
TXN_003537,0,NONE,NONE
TXN_005193,0,NONE,NONE
TXN_004675,1,CARD_TESTING,MICRO_TRANSACTIONS
TXN_002323,0,NONE,NONE
TXN_002404,0,NONE,NONE
TXN_012086,0,NONE,NONE
TXN_014088,0,NONE,NONE
TXN_003750,0,NONE,NONE
TXN_014636,0,NONE,NONE
TXN_002993,0,NONE,NONE
TXN_008555,0,NONE,NONE
TXN_007872,0,NONE,NONE
TXN_002624,0,NONE,NONE
TXN_000957,0,NONE,NONE
TXN_013462,0,NONE,NONE
TXN_011222,1,BEHAVIORAL,SPENDING_PATTERN_SHIFT
TXN_006720,0,NONE,NONE
TXN_013176,0,NONE,NONE
TXN_005520,0,NONE,NONE
TXN_005156,1,BEHAVIORAL,SPENDING_PATTERN_SHIFT
TXN_003458,0,NONE,NONE
TXN_001037,0,NONE,NONE
TXN_002677,0,NONE,NONE
TXN_014896,0,NONE,NONE
TXN_011922,0,NONE,NONE
TXN_007513,0,NONE,NONE
TXN_006902,0,NONE,NONE
TXN_008052,0,NONE,NONE
TXN_012241,0,NONE,NONE
TXN_005247,0,NONE,NONE
TXN_013403,0,NONE,NONE
TXN_014971,0,NONE,NONE
TXN_005667,0,NONE,NONE
TXN_004050,0,NONE,NONE
TXN_003581,0,NONE,NONE
TXN_008745,0,NONE,NONE
TXN_012158,0,NONE,NONE
TXN_003571,0,NONE,NONE
TXN_009717,0,NONE,NONE
TXN_003104,0,NONE,NONE
TXN_004574,1,MERCHANT,UNUSUAL_MERCHANT
TXN_011784,0,NONE,NONE
TXN_004848,0,NONE,NONE
TXN_013320,0,NONE,NONE
TXN_014801,0,NONE,NONE
TXN_002869,1,GEOGRAPHIC,IMPOSSIBLE_TRAVEL
TXN_004096,0,NONE,NONE
TXN_014402,1,GEOGRAPHIC,IMPOSSIBLE_TRAVEL
TXN_012188,0,NONE,NONE
TXN_007663,0,NONE,NONE
TXN_009334,0,NONE,NONE
TXN_002488,0,NONE,NONE
TXN_003064,0,NONE,NONE
TXN_009776,0,NONE,NONE
TXN_008621,0,NONE,NONE
TXN_004437,0,NONE,NONE
TXN_009636,0,NONE,NONE
TXN_002667,0,NONE,NONE
TXN_004952,0,NONE,NONE
TXN_001297,0,NONE,NONE
TXN_009822,0,NONE,NONE
TXN_012431,0,NONE,NONE
TXN_001227,0,NONE,NONE
TXN_013831,0,NONE,NONE
TXN_002054,0,NONE,NONE
TXN_013569,0,NONE,NONE
TXN_003699,0,NONE,NONE
TXN_014066,0,NONE,NONE
TXN_010594,0,NONE,NONE
TXN_005242,0,NONE,NONE
TXN_005672,0,NONE,NONE
TXN_004899,0,NONE,NONE
TXN_012261,0,NONE,NONE
TXN_004911,1,TIME_ANOMALY,UNUSUAL_HOUR
TXN_013632,0,NONE,NONE
TXN_014033,0,NONE,NONE
TXN_007593,0,NONE,NONE
TXN_010320,0,NONE,NONE
TXN_010505,0,NONE,NONE
TXN_013898,0,NONE,NONE
TXN_004417,0,NONE,NONE
TXN_007226,0,NONE,NONE
TXN_009620,0,NONE,NONE
TXN_004933,0,NONE,NONE
TXN_003079,0,NONE,NONE
TXN_004011,0,NONE,NONE
TXN_007658,0,NONE,NONE
TXN_012237,0,NONE,NONE
TXN_002971,1,VELOCITY,RAPID_TRANSACTIONS
TXN_004601,0,NONE,NONE
TXN_003406,0,NONE,NONE
TXN_003114,0,NONE,NONE
TXN_004101,0,NONE,NONE
TXN_008571,0,NONE,NONE
TXN_012775,0,NONE,NONE
TXN_005562,0,NONE,NONE
TXN_012429,0,NONE,NONE
TXN_002347,0,NONE,NONE
TXN_006904,0,NONE,NONE
TXN_008447,0,NONE,NONE
TXN_005424,0,NONE,NONE
TXN_005671,0,NONE,NONE
TXN_011454,0,NONE,NONE
TXN_013280,0,NONE,NONE
TXN_007778,0,NONE,NONE
TXN_014577,1,VELOCITY,RAPID_TRANSACTIONS
TXN_006095,0,NONE,NONE
TXN_007835,0,NONE,NONE
TXN_004446,0,NONE,NONE
TXN_014728,0,NONE,NONE
TXN_000471,0,NONE,NONE
TXN_014434,0,NONE,NONE
TXN_009972,0,NONE,NONE
TXN_008513,0,NONE,NONE
TXN_002466,0,NONE,NONE
TXN_008867,0,NONE,NONE
TXN_000529,0,NONE,NONE
TXN_002305,1,AMOUNT_ANOMALY,SUDDEN_HIGH_VALUE
TXN_000013,0,NONE,NONE
TXN_004578,0,NONE,NONE
TXN_004904,0,NONE,NONE
TXN_014990,0,NONE,NONE
TXN_014214,0,NONE,NONE
TXN_000746,0,NONE,NONE
TXN_005756,0,NONE,NONE
TXN_005476,0,NONE,NONE
TXN_003527,0,NONE,NONE
TXN_004524,0,NONE,NONE
TXN_006229,0,NONE,NONE
TXN_002557,0,NONE,NONE
TXN_002662,0,NONE,NONE
TXN_012871,0,NONE,NONE
TXN_008699,0,NONE,NONE
TXN_012743,0,NONE,NONE
TXN_010847,0,NONE,NONE
TXN_007693,0,NONE,NONE
TXN_004785,0,NONE,NONE
TXN_002688,0,NONE,NONE
TXN_003468,0,NONE,NONE
TXN_006363,0,NONE,NONE
TXN_008249,0,NONE,NONE
TXN_012054,0,NONE,NONE
TXN_012651,0,NONE,NONE
TXN_010379,0,NONE,NONE
TXN_000186,0,NONE,NONE
TXN_002965,0,NONE,NONE
TXN_005789,0,NONE,NONE
TXN_006293,0,NONE,NONE
TXN_010341,0,NONE,NONE
TXN_005793,0,NONE,NONE
TXN_001629,0,NONE,NONE
TXN_009032,0,NONE,NONE
TXN_002087,0,NONE,NONE
TXN_011865,0,NONE,NONE
TXN_002713,0,NONE,NONE
TXN_009795,0,NONE,NONE
TXN_003490,1,BEHAVIORAL,SPENDING_PATTERN_SHIFT
TXN_007373,0,NONE,NONE
TXN_001186,0,NONE,NONE
TXN_007190,0,NONE,NONE
TXN_004260,1,SEQUENTIAL,MICRO_TO_LARGE_ESCALATION
TXN_005058,0,NONE,NONE
TXN_005300,0,NONE,NONE
TXN_009425,0,NONE,NONE
TXN_011713,0,NONE,NONE
TXN_008727,0,NONE,NONE
TXN_009233,1,DEVICE,NEW_DEVICE
TXN_001080,0,NONE,NONE
TXN_004808,0,NONE,NONE
TXN_003864,0,NONE,NONE
TXN_014826,0,NONE,NONE
TXN_002108,0,NONE,NONE
TXN_001271,0,NONE,NONE
TXN_009358,0,NONE,NONE
TXN_013473,0,NONE,NONE
TXN_008345,0,NONE,NONE
TXN_014295,0,NONE,NONE
TXN_005269,0,NONE,NONE
TXN_000882,0,NONE,NONE
TXN_010620,1,MERCHANT,UNUSUAL_MERCHANT
TXN_012147,1,SEQUENTIAL,MICRO_TO_LARGE_ESCALATION
TXN_000613,0,NONE,NONE
TXN_007595,0,NONE,NONE
TXN_006495,0,NONE,NONE
TXN_000629,0,NONE,NONE
TXN_012345,0,NONE,NONE
TXN_012794,0,NONE,NONE
TXN_008818,0,NONE,NONE
TXN_003011,0,NONE,NONE
TXN_003621,0,NONE,NONE
TXN_000039,0,NONE,NONE
TXN_000803,0,NONE,NONE
TXN_006889,0,NONE,NONE
TXN_008730,0,NONE,NONE
TXN_000337,0,NONE,NONE
TXN_003205,0,NONE,NONE
TXN_004363,0,NONE,NONE
TXN_008736,0,NONE,NONE
TXN_008747,0,NONE,NONE
TXN_005120,0,NONE,NONE
TXN_004231,0,NONE,NONE
TXN_011225,0,NONE,NONE
TXN_013490,0,NONE,NONE
TXN_013577,1,MERCHANT,UNUSUAL_MERCHANT
TXN_009102,0,NONE,NONE
TXN_010126,0,NONE,NONE
TXN_013369,0,NONE,NONE
TXN_008584,0,NONE,NONE
TXN_012216,0,NONE,NONE
TXN_011957,0,NONE,NONE
TXN_012063,0,NONE,NONE
TXN_005934,1,AMOUNT_ANOMALY,SUDDEN_HIGH_VALUE
TXN_002458,0,NONE,NONE
TXN_014388,0,NONE,NONE
TXN_010284,0,NONE,NONE
TXN_010212,0,NONE,NONE
TXN_000752,0,NONE,NONE
TXN_012150,0,NONE,NONE
TXN_014939,0,NONE,NONE
TXN_007432,0,NONE,NONE
TXN_005492,1,BEHAVIORAL,SPENDING_PATTERN_SHIFT
TXN_003101,0,NONE,NONE
TXN_008608,0,NONE,NONE
TXN_012487,0,NONE,NONE
TXN_006202,1,NETWORK,SHARED_DEVICE
TXN_014210,0,NONE,NONE
TXN_001417,0,NONE,NONE
TXN_003207,0,NONE,NONE
TXN_000498,0,NONE,NONE
TXN_000636,0,NONE,NONE
TXN_010495,0,NONE,NONE
TXN_012406,0,NONE,NONE
TXN_001858,0,NONE,NONE
TXN_003798,0,NONE,NONE
TXN_013294,0,NONE,NONE
TXN_013310,0,NONE,NONE
TXN_014796,0,NONE,NONE
TXN_001644,0,NONE,NONE
TXN_004298,0,NONE,NONE
TXN_004828,0,NONE,NONE
TXN_004767,0,NONE,NONE
TXN_007863,0,NONE,NONE
TXN_003491,0,NONE,NONE
TXN_005366,0,NONE,NONE
TXN_002127,0,NONE,NONE
TXN_006671,0,NONE,NONE
TXN_012910,0,NONE,NONE
TXN_010133,0,NONE,NONE
TXN_014510,1,NETWORK,SHARED_DEVICE
TXN_000227,0,NONE,NONE
TXN_007750,0,NONE,NONE
TXN_002176,0,NONE,NONE
TXN_009499,0,NONE,NONE
TXN_004347,0,NONE,NONE
TXN_009112,0,NONE,NONE
TXN_001609,0,NONE,NONE
TXN_009113,0,NONE,NONE
TXN_014798,0,NONE,NONE
TXN_009656,0,NONE,NONE
TXN_009211,0,NONE,NONE
TXN_003341,0,NONE,NONE
TXN_001781,0,NONE,NONE
TXN_007243,0,NONE,NONE
TXN_001571,0,NONE,NONE
TXN_012307,0,NONE,NONE
TXN_014837,0,NONE,NONE
TXN_010492,0,NONE,NONE
TXN_010742,1,TIME_ANOMALY,UNUSUAL_HOUR
TXN_006675,0,NONE,NONE
TXN_006715,0,NONE,NONE
TXN_000832,0,NONE,NONE
TXN_008718,0,NONE,NONE
TXN_004019,0,NONE,NONE
TXN_001940,0,NONE,NONE
TXN_013705,0,NONE,NONE
TXN_009300,0,NONE,NONE
TXN_001152,0,NONE,NONE
TXN_003890,0,NONE,NONE
TXN_003155,0,NONE,NONE
TXN_000270,0,NONE,NONE
TXN_013732,0,NONE,NONE
TXN_011006,0,NONE,NONE
TXN_009265,0,NONE,NONE
TXN_005468,0,NONE,NONE
TXN_003683,1,GEOGRAPHIC,IMPOSSIBLE_TRAVEL
TXN_006809,0,NONE,NONE
TXN_012428,0,NONE,NONE
TXN_003780,0,NONE,NONE
TXN_002503,0,NONE,NONE
TXN_000777,0,NONE,NONE
TXN_003618,0,NONE,NONE
TXN_010488,0,NONE,NONE
TXN_002768,0,NONE,NONE
TXN_007597,1,SEQUENTIAL,MICRO_TO_LARGE_ESCALATION
TXN_012392,0,NONE,NONE
TXN_009800,0,NONE,NONE
TXN_001901,0,NONE,NONE
TXN_000863,0,NONE,NONE
TXN_002153,0,NONE,NONE
TXN_001937,0,NONE,NONE
TXN_006875,0,NONE,NONE
TXN_012658,1,SEQUENTIAL,MICRO_TO_LARGE_ESCALATION
TXN_009719,0,NONE,NONE
TXN_001775,0,NONE,NONE
TXN_009736,0,NONE,NONE
TXN_011487,0,NONE,NONE
TXN_012454,0,NONE,NONE
TXN_003999,0,NONE,NONE
TXN_010664,1,CARD_TESTING,MICRO_TRANSACTIONS
TXN_006100,0,NONE,NONE
TXN_001602,0,NONE,NONE
TXN_000348,0,NONE,NONE
TXN_000586,0,NONE,NONE
TXN_014979,1,VELOCITY,RAPID_TRANSACTIONS
TXN_013185,0,NONE,NONE
TXN_000487,1,NETWORK,SHARED_DEVICE
TXN_006833,1,CARD_TESTING,MICRO_TRANSACTIONS
TXN_008970,0,NONE,NONE
TXN_012335,1,AMOUNT_ANOMALY,SUDDEN_HIGH_VALUE
TXN_003278,0,NONE,NONE
TXN_003928,0,NONE,NONE
TXN_002981,0,NONE,NONE
TXN_011612,0,NONE,NONE
TXN_000759,0,NONE,NONE
TXN_002049,0,NONE,NONE
TXN_010745,0,NONE,NONE
TXN_011234,0,NONE,NONE
TXN_000402,0,NONE,NONE
TXN_000144,0,NONE,NONE
TXN_002856,0,NONE,NONE
TXN_009237,0,NONE,NONE
TXN_005893,1,MERCHANT,UNUSUAL_MERCHANT
TXN_003469,0,NONE,NONE
TXN_002523,1,NETWORK,SHARED_DEVICE
TXN_013417,0,NONE,NONE
TXN_012649,0,NONE,NONE
TXN_011945,0,NONE,NONE
TXN_014779,0,NONE,NONE
TXN_010323,0,NONE,NONE
TXN_000949,0,NONE,NONE
TXN_008124,0,NONE,NONE
TXN_002831,1,VELOCITY,RAPID_TRANSACTIONS
TXN_005560,0,NONE,NONE
TXN_002673,0,NONE,NONE
TXN_014199,0,NONE,NONE
TXN_008164,0,NONE,NONE
TXN_014201,0,NONE,NONE
TXN_013283,0,NONE,NONE
TXN_004159,0,NONE,NONE
TXN_000543,0,NONE,NONE
TXN_014229,0,NONE,NONE
TXN_006105,1,DEVICE,NEW_DEVICE
TXN_009669,0,NONE,NONE
TXN_004406,0,NONE,NONE
TXN_005079,0,NONE,NONE
TXN_007464,0,NONE,NONE
TXN_008931,1,DEVICE,NEW_DEVICE
TXN_004852,0,NONE,NONE
TXN_000981,0,NONE,NONE
TXN_005707,0,NONE,NONE
TXN_000236,0,NONE,NONE
TXN_007194,1,NETWORK,SHARED_DEVICE
TXN_002897,0,NONE,NONE
TXN_013505,0,NONE,NONE
TXN_013537,0,NONE,NONE
TXN_002418,0,NONE,NONE
