transaction_id,customer_id,card_id,account_id,event_time,ingestion_timestamp,amount,currency,transaction_type,payment_channel,card_present,international_transaction,merchant_id,merchant_category,device_id,country,state,city,is_fraud,fraud_category,fraud_subcategory
LIVE_TXN_000000,LIVE_CUST_0033,CARD_9890,ACC_422,2026-10-04T16:31:35.442976,2026-10-04T16:31:35.642976,708.51,USD,PURCHASE,ONLINE,False,True,LIVE_MERCH_0001,Retail,DEV_712,UK,London,London,0,NONE,NONE
LIVE_TXN_000001,LIVE_CUST_0007,CARD_3083,ACC_922,2026-10-04T16:31:59.442976,2026-10-04T16:31:59.642976,47.6,USD,PURCHASE,ONLINE,False,False,LIVE_MERCH_0005,Travel,DEV_922,US,CA,Los Angeles,0,NONE,NONE
LIVE_TXN_000002,LIVE_CUST_0055,CARD_7888,ACC_107,2026-10-04T16:32:29.442976,2026-10-04T16:32:29.642976,914.79,USD,PURCHASE,ONLINE,False,True,LIVE_MERCH_0007,Travel,DEV_626,UK,London,London,0,NONE,NONE
LIVE_TXN_000003,LIVE_CUST_0086,CARD_3649,ACC_358,2026-10-04T16:32:44.442976,2026-10-04T16:32:44.642976,678.0,USD,PURCHASE,ONLINE,False,True,LIVE_MERCH_0013,Retail,DEV_448,US,NY,New York,0,NONE,NONE
LIVE_TXN_000004,LIVE_CUST_0003,CARD_1876,ACC_265,2026-10-04T16:32:56.442976,2026-10-04T16:32:56.642976,1.28,USD,PURCHASE,ONLINE,False,False,LIVE_MERCH_0005,Travel,DEV_124,UK,London,London,1,CARD_TESTING,MICRO_TRANSACTIONS
LIVE_TXN_000005,LIVE_CUST_0072,CARD_9491,ACC_752,2026-10-04T16:33:26.442976,2026-10-04T16:33:26.642976,1470.64,USD,PURCHASE,ONLINE,False,True,LIVE_MERCH_0000,Retail,DEV_686,US,NY,New York,0,NONE,NONE
LIVE_TXN_000006,LIVE_CUST_0009,CARD_4787,ACC_868,2026-10-04T16:33:55.442976,2026-10-04T16:33:55.642976,1379.51,USD,PURCHASE,ONLINE,False,True,LIVE_MERCH_0015,Utilities,DEV_742,US,NY,New York,0,NONE,NONE
LIVE_TXN_000007,LIVE_CUST_0053,CARD_4554,ACC_267,2026-10-04T16:34:19.442976,2026-10-04T16:34:19.642976,45.42,USD,PURCHASE,ONLINE,False,False,LIVE_MERCH_0011,Retail,DEV_122,US,NY,New York,0,NONE,NONE
LIVE_TXN_000008,LIVE_CUST_0079,CARD_6615,ACC_409,2026-10-04T16:34:31.442976,2026-10-04T16:34:31.642976,9.47,USD,PURCHASE,ONLINE,False,False,LIVE_MERCH_0008,Food,DEV_561,US,NY,New York,0,NONE,NONE
LIVE_TXN_000009,LIVE_CUST_0016,CARD_3360,ACC_796,2026-10-04T16:34:55.442976,2026-10-04T16:34:55.642976,10.64,USD,PURCHASE,ONLINE,False,False,LIVE_MERCH_0019,Travel,DEV_614,US,NY,New York,0,NONE,NONE
LIVE_TXN_000010,LIVE_CUST_0024,CARD_6369,ACC_881,2026-10-04T16:35:20.442976,2026-10-04T16:35:20.642976,42.3,USD,PURCHASE,ONLINE,False,False,LIVE_MERCH_0003,Travel,DEV_653,US,CA,Los Angeles,0,NONE,NONE
LIVE_TXN_000011,LIVE_CUST_0022,CARD_5137,ACC_546,2026-10-04T16:35:45.442976,2026-10-04T16:35:45.642976,35.73,USD,PURCHASE,ONLINE,False,False,LIVE_MERCH_0013,Retail,DEV_908,US,CA,Los Angeles,0,NONE,NONE
LIVE_TXN_000012,LIVE_CUST_0074,CARD_7364,ACC_294,2026-10-04T16:36:10.442976,2026-10-04T16:36:10.642976,6457.77,USD,PURCHASE,ONLINE,False,False,LIVE_MERCH_0001,Retail,DEV_167,US,CA,Los Angeles,1,HIGH_AMOUNT,AMOUNT_ANOMALY
LIVE_TXN_000013,LIVE_CUST_0094,CARD_9206,ACC_718,2026-10-04T16:36:35.442976,2026-10-04T16:36:35.642976,29.64,USD,PURCHASE,ONLINE,False,False,LIVE_MERCH_0002,Food,DEV_994,US,CA,Los Angeles,0,NONE,NONE
LIVE_TXN_000014,LIVE_CUST_0069,CARD_6027,ACC_203,2026-10-04T16:36:54.442976,2026-10-04T16:36:54.642976,38.63,USD,PURCHASE,ONLINE,False,False,LIVE_MERCH_0004,Travel,DEV_398,US,CA,Los Angeles,0,NONE,NONE
LIVE_TXN_000015,LIVE_CUST_0010,CARD_3234,ACC_535,2026-10-04T16:37:24.442976,2026-10-04T16:37:24.642976,32.32,USD,PURCHASE,ONLINE,False,False,LIVE_MERCH_0008,Food,DEV_232,US,CA,Los Angeles,0,NONE,NONE
LIVE_TXN_000016,LIVE_CUST_0000,CARD_9709,ACC_416,2026-10-04T16:37:53.442976,2026-10-04T16:37:53.642976,31.0,USD,PURCHASE,ONLINE,False,False,LIVE_MERCH_0003,Travel,DEV_480,US,NY,New York,0,NONE,NONE
LIVE_TXN_000017,LIVE_CUST_0065,CARD_4998,ACC_288,2026-10-04T16:38:21.442976,2026-10-04T16:38:21.642976,47.55,USD,PURCHASE,ONLINE,False,False,LIVE_MERCH_0019,Travel,DEV_408,UK,London,London,0,NONE,NONE
LIVE_TXN_000018,LIVE_CUST_0001,CARD_9360,ACC_386,2026-10-04T16:38:39.442976,2026-10-04T16:38:39.642976,49.84,USD,PURCHASE,ONLINE,False,False,LIVE_MERCH_0006,Entertainment,DEV_224,US,CA,Los Angeles,0,NONE,NONE
LIVE_TXN_000019,LIVE_CUST_0073,CARD_4580,ACC_480,2026-10-04T16:39:07.442976,2026-10-04T16:39:07.642976,42.87,USD,PURCHASE,ONLINE,False,False,LIVE_MERCH_0004,Travel,DEV_359,UK,London,London,0,NONE,NONE
LIVE_TXN_000020,LIVE_CUST_0015,CARD_5110,ACC_295,2026-10-04T16:39:34.442976,2026-10-04T16:39:34.642976,31.01,USD,PURCHASE,ONLINE,False,False,LIVE_MERCH_0014,Travel,DEV_931,US,NY,New York,0,NONE,NONE
LIVE_TXN_000021,LIVE_CUST_0041,CARD_9017,ACC_891,2026-10-04T16:39:47.442976,2026-10-04T16:39:47.642976,639.48,USD,PURCHASE,ONLINE,False,True,LIVE_MERCH_0003,Travel,DEV_257,US,CA,Los Angeles,0,NONE,NONE
LIVE_TXN_000022,LIVE_CUST_0095,CARD_9609,ACC_790,2026-10-04T16:40:05.442976,2026-10-04T16:40:05.642976,587.18,USD,PURCHASE,ONLINE,False,True,LIVE_MERCH_0018,Entertainment,DEV_873,US,NY,New York,0,NONE,NONE
LIVE_TXN_000023,LIVE_CUST_0054,CARD_4466,ACC_134,2026-10-04T16:40:35.442976,2026-10-04T16:40:35.642976,31.35,USD,PURCHASE,ONLINE,False,False,LIVE_MERCH_0014,Travel,DEV_962,US,NY,New York,0,NONE,NONE
LIVE_TXN_000024,LIVE_CUST_0004,CARD_8881,ACC_859,2026-10-04T16:41:01.442976,2026-10-04T16:41:01.642976,1423.94,USD,PURCHASE,ONLINE,False,True,LIVE_MERCH_0013,Retail,DEV_133,US,NY,New York,0,NONE,NONE
LIVE_TXN_000025,LIVE_CUST_0051,CARD_2413,ACC_634,2026-10-04T16:41:23.442976,2026-10-04T16:41:23.642976,19.25,USD,PURCHASE,ONLINE,False,False,LIVE_MERCH_0007,Travel,DEV_307,US,CA,Los Angeles,0,NONE,NONE
LIVE_TXN_000026,LIVE_CUST_0081,CARD_6454,ACC_770,2026-10-04T16:41:38.442976,2026-10-04T16:41:38.642976,290.32,USD,PURCHASE,ONLINE,False,False,LIVE_MERCH_0019,Travel,DEV_544,US,CA,Los Angeles,1,MERCHANT_ANOMALY,HIGH_RISK_MERCHANT
LIVE_TXN_000027,LIVE_CUST_0060,CARD_3359,ACC_268,2026-10-04T16:41:49.442976,2026-10-04T16:41:49.642976,7.55,USD,PURCHASE,ONLINE,False,False,LIVE_MERCH_0006,Entertainment,DEV_692,UK,London,London,0,NONE,NONE
LIVE_TXN_000028,LIVE_CUST_0093,CARD_2796,ACC_268,2026-10-04T16:42:00.442976,2026-10-04T16:42:00.642976,11.54,USD,PURCHASE,ONLINE,False,False,LIVE_MERCH_0011,Retail,DEV_302,UK,London,London,0,NONE,NONE
LIVE_TXN_000029,LIVE_CUST_0089,CARD_2453,ACC_930,2026-10-04T16:42:12.442976,2026-10-04T16:42:12.642976,4.06,USD,PURCHASE,ONLINE,False,False,LIVE_MERCH_0013,Retail,DEV_224,US,NY,New York,1,CARD_TESTING,MICRO_TRANSACTIONS
LIVE_TXN_000030,LIVE_CUST_0044,CARD_9859,ACC_424,2026-10-04T16:42:25.442976,2026-10-04T16:42:25.642976,6.37,USD,PURCHASE,ONLINE,False,False,LIVE_MERCH_0008,Food,DEV_993,US,NY,New York,0,NONE,NONE
LIVE_TXN_000031,LIVE_CUST_0091,CARD_9274,ACC_268,2026-10-04T16:42:36.442976,2026-10-04T16:42:36.642976,6.17,USD,PURCHASE,ONLINE,False,False,LIVE_MERCH_0005,Travel,DEV_194,US,NY,New York,0,NONE,NONE
LIVE_TXN_000032,LIVE_CUST_0074,CARD_4553,ACC_934,2026-10-04T16:43:00.442976,2026-10-04T16:43:00.642976,45.26,USD,PURCHASE,ONLINE,False,False,LIVE_MERCH_0006,Entertainment,DEV_748,US,NY,New York,0,NONE,NONE
LIVE_TXN_000033,LIVE_CUST_0066,CARD_1285,ACC_442,2026-10-04T16:43:17.442976,2026-10-04T16:43:17.642976,30.54,USD,PURCHASE,ONLINE,False,False,LIVE_MERCH_0011,Retail,DEV_170,US,NY,New York,0,NONE,NONE
LIVE_TXN_000034,LIVE_CUST_0086,CARD_4354,ACC_595,2026-10-04T16:43:34.442976,2026-10-04T16:43:34.642976,934.7,USD,PURCHASE,ONLINE,False,True,LIVE_MERCH_0007,Travel,DEV_270,US,CA,Los Angeles,0,NONE,NONE
LIVE_TXN_000035,LIVE_CUST_0065,CARD_1324,ACC_839,2026-10-04T16:44:03.442976,2026-10-04T16:44:03.642976,949.86,USD,PURCHASE,ONLINE,False,True,LIVE_MERCH_0012,Retail,DEV_736,US,CA,Los Angeles,0,NONE,NONE
LIVE_TXN_000036,LIVE_CUST_0055,CARD_2101,ACC_932,2026-10-04T16:44:19.442976,2026-10-04T16:44:19.642976,14.61,USD,PURCHASE,ONLINE,False,False,LIVE_MERCH_0000,Retail,DEV_647,US,CA,Los Angeles,0,NONE,NONE
LIVE_TXN_000037,LIVE_CUST_0029,CARD_9546,ACC_764,2026-10-04T16:44:31.442976,2026-10-04T16:44:31.642976,17.97,USD,PURCHASE,ONLINE,False,False,LIVE_MERCH_0018,Entertainment,DEV_636,US,NY,New York,0,NONE,NONE
LIVE_TXN_000038,LIVE_CUST_0007,CARD_1558,ACC_767,2026-10-04T16:44:51.442976,2026-10-04T16:44:51.642976,46.02,USD,PURCHASE,ONLINE,False,False,LIVE_MERCH_0014,Travel,DEV_658,US,CA,Los Angeles,0,NONE,NONE
LIVE_TXN_000039,LIVE_CUST_0055,CARD_8736,ACC_351,2026-10-04T16:45:08.442976,2026-10-04T16:45:08.642976,8.18,USD,PURCHASE,ONLINE,False,False,LIVE_MERCH_0007,Travel,DEV_716,US,NY,New York,0,NONE,NONE
LIVE_TXN_000040,LIVE_CUST_0096,CARD_4223,ACC_856,2026-10-04T16:45:28.442976,2026-10-04T16:45:28.642976,12.47,USD,PURCHASE,ONLINE,False,False,LIVE_MERCH_0000,Retail,DEV_891,US,NY,New York,0,NONE,NONE
LIVE_TXN_000041,LIVE_CUST_0090,CARD_8940,ACC_220,2026-10-04T16:45:52.442976,2026-10-04T16:45:52.642976,13.22,USD,PURCHASE,ONLINE,False,False,LIVE_MERCH_0005,Travel,DEV_998,US,NY,New York,0,NONE,NONE
LIVE_TXN_000042,LIVE_CUST_0094,CARD_8354,ACC_895,2026-10-04T16:46:20.442976,2026-10-04T16:46:20.642976,584.74,USD,PURCHASE,ONLINE,False,False,LIVE_MERCH_0009,Food,DEV_604,US,NY,New York,1,DEVICE_ANOMALY,NEW_DEVICE
LIVE_TXN_000043,LIVE_CUST_0051,CARD_9876,ACC_263,2026-10-04T16:46:34.442976,2026-10-04T16:46:34.642976,35.49,USD,PURCHASE,ONLINE,False,False,LIVE_MERCH_0015,Utilities,DEV_305,US,CA,Los Angeles,0,NONE,NONE
LIVE_TXN_000044,LIVE_CUST_0076,CARD_5127,ACC_494,2026-10-04T16:47:02.442976,2026-10-04T16:47:02.642976,47.52,USD,PURCHASE,ONLINE,False,False,LIVE_MERCH_0004,Travel,DEV_868,US,CA,Los Angeles,0,NONE,NONE
LIVE_TXN_000045,LIVE_CUST_0006,CARD_3805,ACC_667,2026-10-04T16:47:26.442976,2026-10-04T16:47:26.642976,46.18,USD,PURCHASE,ONLINE,False,False,LIVE_MERCH_0018,Entertainment,DEV_937,US,CA,Los Angeles,0,NONE,NONE
LIVE_TXN_000046,LIVE_CUST_0068,CARD_1666,ACC_162,2026-10-04T16:47:43.442976,2026-10-04T16:47:43.642976,30.64,USD,PURCHASE,ONLINE,False,False,LIVE_MERCH_0008,Food,DEV_326,US,CA,Los Angeles,0,NONE,NONE
LIVE_TXN_000047,LIVE_CUST_0093,CARD_5689,ACC_930,2026-10-04T16:48:07.442976,2026-10-04T16:48:07.642976,10.36,USD,PURCHASE,ONLINE,False,False,LIVE_MERCH_0007,Travel,DEV_150,US,NY,New York,0,NONE,NONE
LIVE_TXN_000048,LIVE_CUST_0089,CARD_1462,ACC_804,2026-10-04T16:48:34.442976,2026-10-04T16:48:34.642976,39.01,USD,PURCHASE,ONLINE,False,False,LIVE_MERCH_0000,Retail,DEV_702,US,CA,Los Angeles,0,NONE,NONE
LIVE_TXN_000049,LIVE_CUST_0054,CARD_6869,ACC_338,2026-10-04T16:48:50.442976,2026-10-04T16:48:50.642976,938.72,USD,PURCHASE,ONLINE,False,True,LIVE_MERCH_0019,Travel,DEV_936,UK,London,London,0,NONE,NONE
LIVE_TXN_000050,LIVE_CUST_0032,CARD_4290,ACC_630,2026-10-04T16:49:12.442976,2026-10-04T16:49:12.642976,18.65,USD,PURCHASE,ONLINE,False,False,LIVE_MERCH_0008,Food,DEV_985,US,CA,Los Angeles,0,NONE,NONE
LIVE_TXN_000051,LIVE_CUST_0000,CARD_4312,ACC_371,2026-10-04T16:49:33.442976,2026-10-04T16:49:33.642976,37.37,USD,PURCHASE,ONLINE,False,False,LIVE_MERCH_0015,Utilities,DEV_827,UK,London,London,0,NONE,NONE
LIVE_TXN_000052,LIVE_CUST_0079,CARD_1030,ACC_844,2026-10-04T16:49:55.442976,2026-10-04T16:49:55.642976,45.92,USD,PURCHASE,ONLINE,False,False,LIVE_MERCH_0000,Retail,DEV_358,US,NY,New York,0,NONE,NONE
LIVE_TXN_000053,LIVE_CUST_0065,CARD_5412,ACC_226,2026-10-04T16:50:08.442976,2026-10-04T16:50:08.642976,1153.65,USD,PURCHASE,ONLINE,False,True,LIVE_MERCH_0010,Entertainment,DEV_571,US,CA,Los Angeles,0,NONE,NONE
LIVE_TXN_000054,LIVE_CUST_0034,CARD_1524,ACC_824,2026-10-04T16:50:29.442976,2026-10-04T16:50:29.642976,737.89,USD,PURCHASE,ONLINE,False,True,LIVE_MERCH_0012,Retail,DEV_460,US,CA,Los Angeles,0,NONE,NONE
LIVE_TXN_000055,LIVE_CUST_0076,CARD_4027,ACC_536,2026-10-04T16:50:48.442976,2026-10-04T16:50:48.642976,1267.07,USD,PURCHASE,ONLINE,False,True,LIVE_MERCH_0016,Utilities,DEV_839,UK,London,London,0,NONE,NONE
LIVE_TXN_000056,LIVE_CUST_0021,CARD_7623,ACC_483,2026-10-04T16:51:16.442976,2026-10-04T16:51:16.642976,38.19,USD,PURCHASE,ONLINE,False,False,LIVE_MERCH_0013,Retail,DEV_679,UK,London,London,0,NONE,NONE
LIVE_TXN_000057,LIVE_CUST_0037,CARD_5502,ACC_931,2026-10-04T16:51:27.442976,2026-10-04T16:51:27.642976,921.32,USD,PURCHASE,ONLINE,False,True,LIVE_MERCH_0017,Food,DEV_516,UK,London,London,0,NONE,NONE
LIVE_TXN_000058,LIVE_CUST_0093,CARD_7952,ACC_475,2026-10-04T16:51:57.442976,2026-10-04T16:51:57.642976,11.0,USD,PURCHASE,ONLINE,False,False,LIVE_MERCH_0017,Food,DEV_970,US,NY,New York,0,NONE,NONE
LIVE_TXN_000059,LIVE_CUST_0023,CARD_9448,ACC_347,2026-10-04T16:52:09.442976,2026-10-04T16:52:09.642976,190.74,USD,PURCHASE,ONLINE,False,False,LIVE_MERCH_0001,Retail,DEV_869,US,NY,New York,1,VELOCITY,RAPID_SUCCESSION
LIVE_TXN_000060,LIVE_CUST_0043,CARD_4089,ACC_733,2026-10-04T16:52:33.442976,2026-10-04T16:52:33.642976,8.08,USD,PURCHASE,ONLINE,False,False,LIVE_MERCH_0002,Food,DEV_994,UK,London,London,0,NONE,NONE
LIVE_TXN_000061,LIVE_CUST_0044,CARD_4757,ACC_273,2026-10-04T16:52:58.442976,2026-10-04T16:52:58.642976,26.96,USD,PURCHASE,ONLINE,False,False,LIVE_MERCH_0002,Food,DEV_732,UK,London,London,0,NONE,NONE
LIVE_TXN_000062,LIVE_CUST_0069,CARD_6741,ACC_769,2026-10-04T16:53:25.442976,2026-10-04T16:53:25.642976,40.81,USD,PURCHASE,ONLINE,False,False,LIVE_MERCH_0001,Retail,DEV_552,US,CA,Los Angeles,0,NONE,NONE
LIVE_TXN_000063,LIVE_CUST_0084,CARD_1165,ACC_487,2026-10-04T16:53:45.442976,2026-10-04T16:53:45.642976,42.68,USD,PURCHASE,ONLINE,False,False,LIVE_MERCH_0009,Food,DEV_156,US,CA,Los Angeles,0,NONE,NONE
LIVE_TXN_000064,LIVE_CUST_0026,CARD_5632,ACC_929,2026-10-04T16:54:07.442976,2026-10-04T16:54:07.642976,1364.31,USD,PURCHASE,ONLINE,False,True,LIVE_MERCH_0006,Entertainment,DEV_469,US,NY,New York,0,NONE,NONE
LIVE_TXN_000065,LIVE_CUST_0003,CARD_2174,ACC_223,2026-10-04T16:54:34.442976,2026-10-04T16:54:34.642976,1020.15,USD,PURCHASE,ONLINE,False,True,LIVE_MERCH_0014,Travel,DEV_398,US,CA,Los Angeles,0,NONE,NONE
LIVE_TXN_000066,LIVE_CUST_0080,CARD_8762,ACC_711,2026-10-04T16:54:46.442976,2026-10-04T16:54:46.642976,86.05,USD,PURCHASE,ONLINE,False,False,LIVE_MERCH_0004,Travel,DEV_957,US,NY,New York,1,VELOCITY,RAPID_SUCCESSION
LIVE_TXN_000067,LIVE_CUST_0001,CARD_9140,ACC_116,2026-10-04T16:55:13.442976,2026-10-04T16:55:13.642976,1198.9,USD,PURCHASE,ONLINE,False,True,LIVE_MERCH_0003,Travel,DEV_991,US,NY,New York,0,NONE,NONE
LIVE_TXN_000068,LIVE_CUST_0009,CARD_1505,ACC_995,2026-10-04T16:55:40.442976,2026-10-04T16:55:40.642976,32.65,USD,PURCHASE,ONLINE,False,False,LIVE_MERCH_0019,Travel,DEV_209,US,NY,New York,0,NONE,NONE
LIVE_TXN_000069,LIVE_CUST_0064,CARD_6893,ACC_404,2026-10-04T16:56:03.442976,2026-10-04T16:56:03.642976,1281.61,USD,PURCHASE,ONLINE,False,True,LIVE_MERCH_0015,Utilities,DEV_646,US,NY,New York,0,NONE,NONE
LIVE_TXN_000070,LIVE_CUST_0057,CARD_6316,ACC_486,2026-10-04T16:56:13.442976,2026-10-04T16:56:13.642976,42.27,USD,PURCHASE,ONLINE,False,False,LIVE_MERCH_0013,Retail,DEV_323,US,NY,New York,0,NONE,NONE
LIVE_TXN_000071,LIVE_CUST_0018,CARD_7123,ACC_254,2026-10-04T16:56:40.442976,2026-10-04T16:56:40.642976,20.81,USD,PURCHASE,ONLINE,False,False,LIVE_MERCH_0000,Retail,DEV_161,US,NY,New York,0,NONE,NONE
LIVE_TXN_000072,LIVE_CUST_0078,CARD_2309,ACC_107,2026-10-04T16:57:10.442976,2026-10-04T16:57:10.642976,6.31,USD,PURCHASE,ONLINE,False,False,LIVE_MERCH_0015,Utilities,DEV_850,US,CA,Los Angeles,0,NONE,NONE
LIVE_TXN_000073,LIVE_CUST_0014,CARD_2227,ACC_405,2026-10-04T16:57:23.442976,2026-10-04T16:57:23.642976,47.18,USD,PURCHASE,ONLINE,False,False,LIVE_MERCH_0014,Travel,DEV_458,US,CA,Los Angeles,0,NONE,NONE
LIVE_TXN_000074,LIVE_CUST_0033,CARD_7264,ACC_609,2026-10-04T03:57:42.442976,2026-10-04T03:57:42.642976,1121.27,USD,PURCHASE,ONLINE,False,False,LIVE_MERCH_0005,Travel,DEV_175,US,NY,New York,1,TIME_ANOMALY,MIDNIGHT_PURCHASE
LIVE_TXN_000075,LIVE_CUST_0089,CARD_3217,ACC_782,2026-10-04T03:57:53.442976,2026-10-04T03:57:53.642976,1306.73,USD,PURCHASE,ONLINE,False,True,LIVE_MERCH_0018,Entertainment,DEV_736,US,CA,Los Angeles,0,NONE,NONE
LIVE_TXN_000076,LIVE_CUST_0036,CARD_6914,ACC_363,2026-10-04T03:58:20.442976,2026-10-04T03:58:20.642976,44.65,USD,PURCHASE,ONLINE,False,False,LIVE_MERCH_0007,Travel,DEV_609,UK,London,London,0,NONE,NONE
LIVE_TXN_000077,LIVE_CUST_0047,CARD_9166,ACC_405,2026-10-04T03:58:36.442976,2026-10-04T03:58:36.642976,9.87,USD,PURCHASE,ONLINE,False,False,LIVE_MERCH_0016,Utilities,DEV_740,US,CA,Los Angeles,0,NONE,NONE
LIVE_TXN_000078,LIVE_CUST_0085,CARD_3340,ACC_838,2026-10-04T03:58:53.442976,2026-10-04T03:58:53.642976,26.02,USD,PURCHASE,ONLINE,False,False,LIVE_MERCH_0010,Entertainment,DEV_814,US,NY,New York,0,NONE,NONE
LIVE_TXN_000079,LIVE_CUST_0008,CARD_6724,ACC_255,2026-10-04T03:59:12.442976,2026-10-04T03:59:12.642976,44.87,USD,PURCHASE,ONLINE,False,False,LIVE_MERCH_0012,Retail,DEV_237,US,CA,Los Angeles,0,NONE,NONE
LIVE_TXN_000080,LIVE_CUST_0072,CARD_8316,ACC_756,2026-10-04T03:59:35.442976,2026-10-04T03:59:35.642976,22.49,USD,PURCHASE,ONLINE,False,False,LIVE_MERCH_0001,Retail,DEV_963,US,CA,Los Angeles,0,NONE,NONE
LIVE_TXN_000081,LIVE_CUST_0084,CARD_2463,ACC_778,2026-10-04T03:59:55.442976,2026-10-04T03:59:55.642976,874.94,USD,PURCHASE,ONLINE,False,True,LIVE_MERCH_0004,Travel,DEV_654,US,NY,New York,0,NONE,NONE
LIVE_TXN_000082,LIVE_CUST_0038,CARD_3113,ACC_351,2026-10-04T04:00:25.442976,2026-10-04T04:00:25.642976,33.0,USD,PURCHASE,ONLINE,False,False,LIVE_MERCH_0015,Utilities,DEV_682,US,CA,Los Angeles,0,NONE,NONE
LIVE_TXN_000083,LIVE_CUST_0004,CARD_3380,ACC_327,2026-10-04T04:00:50.442976,2026-10-04T04:00:50.642976,1009.28,USD,PURCHASE,ONLINE,False,True,LIVE_MERCH_0013,Retail,DEV_540,US,CA,Los Angeles,0,NONE,NONE
LIVE_TXN_000084,LIVE_CUST_0016,CARD_7877,ACC_751,2026-10-04T04:01:09.442976,2026-10-04T04:01:09.642976,27.83,USD,PURCHASE,ONLINE,False,False,LIVE_MERCH_0009,Food,DEV_842,US,CA,Los Angeles,0,NONE,NONE
LIVE_TXN_000085,LIVE_CUST_0075,CARD_5846,ACC_949,2026-10-04T04:01:26.442976,2026-10-04T04:01:26.642976,1015.95,USD,PURCHASE,ONLINE,False,True,LIVE_MERCH_0017,Food,DEV_729,UK,London,London,0,NONE,NONE
LIVE_TXN_000086,LIVE_CUST_0001,CARD_8700,ACC_529,2026-10-04T04:01:38.442976,2026-10-04T04:01:38.642976,41.93,USD,PURCHASE,ONLINE,False,False,LIVE_MERCH_0013,Retail,DEV_140,US,NY,New York,0,NONE,NONE
LIVE_TXN_000087,LIVE_CUST_0067,CARD_1756,ACC_870,2026-10-04T04:02:08.442976,2026-10-04T04:02:08.642976,46.38,USD,PURCHASE,ONLINE,False,False,LIVE_MERCH_0011,Retail,DEV_488,US,CA,Los Angeles,0,NONE,NONE
LIVE_TXN_000088,LIVE_CUST_0053,CARD_7586,ACC_726,2026-10-04T04:02:18.442976,2026-10-04T04:02:18.642976,37.28,USD,PURCHASE,ONLINE,False,False,LIVE_MERCH_0013,Retail,DEV_841,UK,London,London,0,NONE,NONE
LIVE_TXN_000089,LIVE_CUST_0053,CARD_6545,ACC_219,2026-10-04T04:02:43.442976,2026-10-04T04:02:43.642976,22.11,USD,PURCHASE,ONLINE,False,False,LIVE_MERCH_0014,Travel,DEV_513,US,NY,New York,0,NONE,NONE
LIVE_TXN_000090,LIVE_CUST_0079,CARD_9629,ACC_891,2026-10-04T04:02:58.442976,2026-10-04T04:02:58.642976,24.3,USD,PURCHASE,ONLINE,False,False,LIVE_MERCH_0003,Travel,DEV_457,US,NY,New York,0,NONE,NONE
LIVE_TXN_000091,LIVE_CUST_0003,CARD_9540,ACC_387,2026-10-04T04:03:20.442976,2026-10-04T04:03:20.642976,42.78,USD,PURCHASE,ONLINE,False,False,LIVE_MERCH_0002,Food,DEV_191,UK,London,London,0,NONE,NONE
LIVE_TXN_000092,LIVE_CUST_0065,CARD_5303,ACC_232,2026-10-04T04:03:43.442976,2026-10-04T04:03:43.642976,39.76,USD,PURCHASE,ONLINE,False,False,LIVE_MERCH_0004,Travel,DEV_436,US,CA,Los Angeles,0,NONE,NONE
LIVE_TXN_000093,LIVE_CUST_0046,CARD_1633,ACC_100,2026-10-04T04:03:53.442976,2026-10-04T04:03:53.642976,41.62,USD,PURCHASE,ONLINE,False,False,LIVE_MERCH_0010,Entertainment,DEV_126,UK,London,London,0,NONE,NONE
LIVE_TXN_000094,LIVE_CUST_0007,CARD_6019,ACC_299,2026-10-04T04:04:09.442976,2026-10-04T04:04:09.642976,14.7,USD,PURCHASE,ONLINE,False,False,LIVE_MERCH_0014,Travel,DEV_414,US,CA,Los Angeles,0,NONE,NONE
LIVE_TXN_000095,LIVE_CUST_0034,CARD_5739,ACC_445,2026-10-04T04:04:22.442976,2026-10-04T04:04:22.642976,27.9,USD,PURCHASE,ONLINE,False,False,LIVE_MERCH_0017,Food,DEV_975,UK,London,London,0,NONE,NONE
LIVE_TXN_000096,LIVE_CUST_0024,CARD_8937,ACC_501,2026-10-04T04:04:42.442976,2026-10-04T04:04:42.642976,61.54,USD,PURCHASE,ONLINE,False,False,LIVE_MERCH_0009,Food,DEV_991,UK,London,London,1,VELOCITY,RAPID_SUCCESSION
LIVE_TXN_000097,LIVE_CUST_0082,CARD_4249,ACC_738,2026-10-04T04:05:09.442976,2026-10-04T04:05:09.642976,720.06,USD,PURCHASE,ONLINE,False,True,LIVE_MERCH_0002,Food,DEV_944,UK,London,London,0,NONE,NONE
LIVE_TXN_000098,LIVE_CUST_0020,CARD_2715,ACC_997,2026-10-04T04:05:37.442976,2026-10-04T04:05:37.642976,932.7,USD,PURCHASE,ONLINE,False,True,LIVE_MERCH_0012,Retail,DEV_527,US,NY,New York,0,NONE,NONE
LIVE_TXN_000099,LIVE_CUST_0054,CARD_6702,ACC_175,2026-10-04T04:05:50.442976,2026-10-04T04:05:50.642976,471.79,USD,PURCHASE,ONLINE,False,False,LIVE_MERCH_0004,Travel,DEV_806,UK,London,London,1,MERCHANT_ANOMALY,HIGH_RISK_MERCHANT
LIVE_TXN_000100,LIVE_CUST_0015,CARD_8549,ACC_403,2026-10-04T04:06:16.442976,2026-10-04T04:06:16.642976,33.13,USD,PURCHASE,ONLINE,False,False,LIVE_MERCH_0005,Travel,DEV_730,US,NY,New York,0,NONE,NONE
LIVE_TXN_000101,LIVE_CUST_0021,CARD_6769,ACC_147,2026-10-04T04:06:39.442976,2026-10-04T04:06:39.642976,9.16,USD,PURCHASE,ONLINE,False,False,LIVE_MERCH_0004,Travel,DEV_349,US,NY,New York,0,NONE,NONE
LIVE_TXN_000102,LIVE_CUST_0082,CARD_3918,ACC_910,2026-10-04T04:07:01.442976,2026-10-04T04:07:01.642976,21.29,USD,PURCHASE,ONLINE,False,False,LIVE_MERCH_0011,Retail,DEV_225,US,NY,New York,0,NONE,NONE
LIVE_TXN_000103,LIVE_CUST_0062,CARD_9435,ACC_615,2026-10-04T04:07:25.442976,2026-10-04T04:07:25.642976,10.06,USD,PURCHASE,ONLINE,False,False,LIVE_MERCH_0006,Entertainment,DEV_719,US,NY,New York,0,NONE,NONE
LIVE_TXN_000104,LIVE_CUST_0071,CARD_4954,ACC_937,2026-10-04T04:07:54.442976,2026-10-04T04:07:54.642976,790.45,USD,PURCHASE,ONLINE,False,True,LIVE_MERCH_0013,Retail,DEV_340,US,CA,Los Angeles,0,NONE,NONE
LIVE_TXN_000105,LIVE_CUST_0056,CARD_1102,ACC_263,2026-10-04T04:08:24.442976,2026-10-04T04:08:24.642976,14.02,USD,PURCHASE,ONLINE,False,False,LIVE_MERCH_0010,Entertainment,DEV_209,US,CA,Los Angeles,0,NONE,NONE
LIVE_TXN_000106,LIVE_CUST_0098,CARD_4484,ACC_797,2026-10-04T04:08:36.442976,2026-10-04T04:08:36.642976,30.75,USD,PURCHASE,ONLINE,False,False,LIVE_MERCH_0005,Travel,DEV_909,US,CA,Los Angeles,0,NONE,NONE
LIVE_TXN_000107,LIVE_CUST_0019,CARD_5347,ACC_799,2026-10-04T03:09:03.442976,2026-10-04T03:09:03.642976,2223.09,USD,PURCHASE,ONLINE,False,False,LIVE_MERCH_0012,Retail,DEV_860,UK,London,London,1,TIME_ANOMALY,MIDNIGHT_PURCHASE
LIVE_TXN_000108,LIVE_CUST_0031,CARD_3737,ACC_387,2026-10-04T03:09:22.442976,2026-10-04T03:09:22.642976,957.7,USD,PURCHASE,ONLINE,False,True,LIVE_MERCH_0008,Food,DEV_901,US,CA,Los Angeles,0,NONE,NONE
LIVE_TXN_000109,LIVE_CUST_0095,CARD_1118,ACC_420,2026-10-04T03:09:43.442976,2026-10-04T03:09:43.642976,30.68,USD,PURCHASE,ONLINE,False,False,LIVE_MERCH_0007,Travel,DEV_140,UK,London,London,0,NONE,NONE
LIVE_TXN_000110,LIVE_CUST_0094,CARD_4280,ACC_320,2026-10-04T03:10:09.442976,2026-10-04T03:10:09.642976,20.19,USD,PURCHASE,ONLINE,False,False,LIVE_MERCH_0009,Food,DEV_740,US,CA,Los Angeles,0,NONE,NONE
LIVE_TXN_000111,LIVE_CUST_0009,CARD_6065,ACC_639,2026-10-04T03:10:35.442976,2026-10-04T03:10:35.642976,37.83,USD,PURCHASE,ONLINE,False,False,LIVE_MERCH_0000,Retail,DEV_248,US,CA,Los Angeles,0,NONE,NONE
LIVE_TXN_000112,LIVE_CUST_0083,CARD_7479,ACC_575,2026-10-04T03:10:54.442976,2026-10-04T03:10:54.642976,43.99,USD,PURCHASE,ONLINE,False,False,LIVE_MERCH_0014,Travel,DEV_318,US,CA,Los Angeles,0,NONE,NONE
LIVE_TXN_000113,LIVE_CUST_0042,CARD_5810,ACC_362,2026-10-04T03:11:12.442976,2026-10-04T03:11:12.642976,9971.31,USD,PURCHASE,ONLINE,False,False,LIVE_MERCH_0015,Utilities,DEV_720,US,NY,New York,1,STRUCTURING,BEHAVIORAL_ANOMALY
LIVE_TXN_000114,LIVE_CUST_0056,CARD_5266,ACC_417,2026-10-04T03:11:30.442976,2026-10-04T03:11:30.642976,25.22,USD,PURCHASE,ONLINE,False,False,LIVE_MERCH_0016,Utilities,DEV_728,UK,London,London,0,NONE,NONE
LIVE_TXN_000115,LIVE_CUST_0011,CARD_6683,ACC_276,2026-10-04T03:11:56.442976,2026-10-04T03:11:56.642976,20.85,USD,PURCHASE,ONLINE,False,False,LIVE_MERCH_0012,Retail,DEV_946,US,CA,Los Angeles,0,NONE,NONE
LIVE_TXN_000116,LIVE_CUST_0092,CARD_6484,ACC_929,2026-10-04T03:12:06.442976,2026-10-04T03:12:06.642976,795.3,USD,PURCHASE,ONLINE,False,True,LIVE_MERCH_0011,Retail,DEV_381,US,CA,Los Angeles,0,NONE,NONE
LIVE_TXN_000117,LIVE_CUST_0033,CARD_7663,ACC_919,2026-10-04T03:12:28.442976,2026-10-04T03:12:28.642976,37.85,USD,PURCHASE,ONLINE,False,False,LIVE_MERCH_0007,Travel,DEV_935,UK,London,London,0,NONE,NONE
LIVE_TXN_000118,LIVE_CUST_0034,CARD_5990,ACC_926,2026-10-04T03:12:56.442976,2026-10-04T03:12:56.642976,591.72,USD,PURCHASE,ONLINE,False,True,LIVE_MERCH_0014,Travel,DEV_237,US,CA,Los Angeles,0,NONE,NONE
LIVE_TXN_000119,LIVE_CUST_0049,CARD_2099,ACC_121,2026-10-04T03:13:14.442976,2026-10-04T03:13:14.642976,960.66,USD,PURCHASE,ONLINE,False,True,LIVE_MERCH_0000,Retail,DEV_800,US,NY,New York,0,NONE,NONE
LIVE_TXN_000120,LIVE_CUST_0063,CARD_5277,ACC_228,2026-10-04T03:13:40.442976,2026-10-04T03:13:40.642976,44.59,USD,PURCHASE,ONLINE,False,False,LIVE_MERCH_0018,Entertainment,DEV_261,US,NY,New York,0,NONE,NONE
LIVE_TXN_000121,LIVE_CUST_0015,CARD_5009,ACC_311,2026-10-04T03:14:05.442976,2026-10-04T03:14:05.642976,47.62,USD,PURCHASE,ONLINE,False,False,LIVE_MERCH_0003,Travel,DEV_125,UK,London,London,0,NONE,NONE
LIVE_TXN_000122,LIVE_CUST_0095,CARD_2417,ACC_611,2026-10-04T03:14:27.442976,2026-10-04T03:14:27.642976,1083.93,USD,PURCHASE,ONLINE,False,True,LIVE_MERCH_0003,Travel,DEV_158,UK,London,London,0,NONE,NONE
LIVE_TXN_000123,LIVE_CUST_0045,CARD_7353,ACC_310,2026-10-04T03:14:48.442976,2026-10-04T03:14:48.642976,19.4,USD,PURCHASE,ONLINE,False,False,LIVE_MERCH_0008,Food,DEV_104,US,NY,New York,0,NONE,NONE
LIVE_TXN_000124,LIVE_CUST_0082,CARD_3823,ACC_191,2026-10-04T03:15:11.442976,2026-10-04T03:15:11.642976,26.13,USD,PURCHASE,ONLINE,False,False,LIVE_MERCH_0008,Food,DEV_379,US,NY,New York,0,NONE,NONE
LIVE_TXN_000125,LIVE_CUST_0011,CARD_4710,ACC_494,2026-10-04T03:15:38.442976,2026-10-04T03:15:38.642976,19.66,USD,PURCHASE,ONLINE,False,False,LIVE_MERCH_0008,Food,DEV_848,US,NY,New York,0,NONE,NONE
LIVE_TXN_000126,LIVE_CUST_0081,CARD_3862,ACC_882,2026-10-04T03:16:05.442976,2026-10-04T03:16:05.642976,585.94,USD,PURCHASE,ONLINE,False,True,LIVE_MERCH_0013,Retail,DEV_946,US,CA,Los Angeles,0,NONE,NONE
LIVE_TXN_000127,LIVE_CUST_0052,CARD_2060,ACC_562,2026-10-04T03:16:33.442976,2026-10-04T03:16:33.642976,712.97,USD,PURCHASE,ONLINE,False,True,LIVE_MERCH_0014,Travel,DEV_539,UK,London,London,0,NONE,NONE
LIVE_TXN_000128,LIVE_CUST_0054,CARD_1024,ACC_592,2026-10-04T03:16:47.442976,2026-10-04T03:16:47.642976,28.63,USD,PURCHASE,ONLINE,False,False,LIVE_MERCH_0013,Retail,DEV_771,US,CA,Los Angeles,0,NONE,NONE
LIVE_TXN_000129,LIVE_CUST_0036,CARD_4379,ACC_877,2026-10-04T03:17:09.442976,2026-10-04T03:17:09.642976,21.41,USD,PURCHASE,ONLINE,False,False,LIVE_MERCH_0000,Retail,DEV_233,US,NY,New York,0,NONE,NONE
LIVE_TXN_000130,LIVE_CUST_0003,CARD_1032,ACC_162,2026-10-04T03:17:26.442976,2026-10-04T03:17:26.642976,736.56,USD,PURCHASE,ONLINE,False,True,LIVE_MERCH_0016,Utilities,DEV_621,US,NY,New York,0,NONE,NONE
LIVE_TXN_000131,LIVE_CUST_0071,CARD_3657,ACC_134,2026-10-04T03:17:55.442976,2026-10-04T03:17:55.642976,46.58,USD,PURCHASE,ONLINE,False,False,LIVE_MERCH_0005,Travel,DEV_562,UK,London,London,0,NONE,NONE
LIVE_TXN_000132,LIVE_CUST_0046,CARD_4361,ACC_437,2026-10-04T03:18:20.442976,2026-10-04T03:18:20.642976,34.82,USD,PURCHASE,ONLINE,False,False,LIVE_MERCH_0016,Utilities,DEV_837,UK,London,London,0,NONE,NONE
LIVE_TXN_000133,LIVE_CUST_0089,CARD_8164,ACC_601,2026-10-04T03:18:33.442976,2026-10-04T03:18:33.642976,30.68,USD,PURCHASE,ONLINE,False,False,LIVE_MERCH_0001,Retail,DEV_789,UK,London,London,0,NONE,NONE
LIVE_TXN_000134,LIVE_CUST_0046,CARD_2721,ACC_247,2026-10-04T03:18:51.442976,2026-10-04T03:18:51.642976,41.78,USD,PURCHASE,ONLINE,False,False,LIVE_MERCH_0001,Retail,DEV_732,UK,London,London,0,NONE,NONE
LIVE_TXN_000135,LIVE_CUST_0058,CARD_1479,ACC_605,2026-10-04T03:19:07.442976,2026-10-04T03:19:07.642976,681.77,USD,PURCHASE,ONLINE,False,False,LIVE_MERCH_0017,Food,DEV_191,US,NY,New York,1,IMPOSSIBLE_TRAVEL,LOCATION_SPOOF
LIVE_TXN_000136,LIVE_CUST_0026,CARD_5261,ACC_377,2026-10-04T03:19:28.442976,2026-10-04T03:19:28.642976,8.54,USD,PURCHASE,ONLINE,False,False,LIVE_MERCH_0014,Travel,DEV_209,UK,London,London,0,NONE,NONE
LIVE_TXN_000137,LIVE_CUST_0029,CARD_1991,ACC_348,2026-10-04T03:19:46.442976,2026-10-04T03:19:46.642976,10.32,USD,PURCHASE,ONLINE,False,False,LIVE_MERCH_0010,Entertainment,DEV_732,US,NY,New York,0,NONE,NONE
LIVE_TXN_000138,LIVE_CUST_0045,CARD_9033,ACC_920,2026-10-04T03:20:09.442976,2026-10-04T03:20:09.642976,1335.74,USD,PURCHASE,ONLINE,False,True,LIVE_MERCH_0002,Food,DEV_957,US,CA,Los Angeles,0,NONE,NONE
LIVE_TXN_000139,LIVE_CUST_0058,CARD_6658,ACC_891,2026-10-04T03:20:37.442976,2026-10-04T03:20:37.642976,459.57,USD,PURCHASE,ONLINE,False,False,LIVE_MERCH_0004,Travel,DEV_594,US,CA,Los Angeles,1,DEVICE_ANOMALY,NEW_DEVICE
LIVE_TXN_000140,LIVE_CUST_0034,CARD_1934,ACC_757,2026-10-04T03:21:00.442976,2026-10-04T03:21:00.642976,37.84,USD,PURCHASE,ONLINE,False,False,LIVE_MERCH_0013,Retail,DEV_701,US,NY,New York,0,NONE,NONE
LIVE_TXN_000141,LIVE_CUST_0070,CARD_8068,ACC_554,2026-10-04T03:21:27.442976,2026-10-04T03:21:27.642976,16.02,USD,PURCHASE,ONLINE,False,False,LIVE_MERCH_0016,Utilities,DEV_969,US,CA,Los Angeles,0,NONE,NONE
LIVE_TXN_000142,LIVE_CUST_0062,CARD_5985,ACC_834,2026-10-04T03:21:49.442976,2026-10-04T03:21:49.642976,23.92,USD,PURCHASE,ONLINE,False,False,LIVE_MERCH_0008,Food,DEV_625,US,CA,Los Angeles,0,NONE,NONE
LIVE_TXN_000143,LIVE_CUST_0028,CARD_4906,ACC_893,2026-10-04T03:22:15.442976,2026-10-04T03:22:15.642976,15.93,USD,PURCHASE,ONLINE,False,False,LIVE_MERCH_0011,Retail,DEV_445,UK,London,London,0,NONE,NONE
LIVE_TXN_000144,LIVE_CUST_0021,CARD_9673,ACC_127,2026-10-04T03:22:43.442976,2026-10-04T03:22:43.642976,20.53,USD,PURCHASE,ONLINE,False,False,LIVE_MERCH_0001,Retail,DEV_993,UK,London,London,0,NONE,NONE
LIVE_TXN_000145,LIVE_CUST_0000,CARD_2791,ACC_750,2026-10-04T03:23:08.442976,2026-10-04T03:23:08.642976,33.12,USD,PURCHASE,ONLINE,False,False,LIVE_MERCH_0014,Travel,DEV_516,UK,London,London,0,NONE,NONE
LIVE_TXN_000146,LIVE_CUST_0086,CARD_1148,ACC_451,2026-10-04T03:23:25.442976,2026-10-04T03:23:25.642976,1222.38,USD,PURCHASE,ONLINE,False,True,LIVE_MERCH_0012,Retail,DEV_656,UK,London,London,0,NONE,NONE
LIVE_TXN_000147,LIVE_CUST_0025,CARD_9225,ACC_864,2026-10-04T03:23:38.442976,2026-10-04T03:23:38.642976,12253.71,USD,PURCHASE,ONLINE,False,False,LIVE_MERCH_0018,Entertainment,DEV_134,US,NY,New York,1,HIGH_AMOUNT,AMOUNT_ANOMALY
LIVE_TXN_000148,LIVE_CUST_0064,CARD_3074,ACC_987,2026-10-04T03:23:58.442976,2026-10-04T03:23:58.642976,14.58,USD,PURCHASE,ONLINE,False,False,LIVE_MERCH_0000,Retail,DEV_769,US,CA,Los Angeles,0,NONE,NONE
LIVE_TXN_000149,LIVE_CUST_0033,CARD_4898,ACC_720,2026-10-04T03:24:25.442976,2026-10-04T03:24:25.642976,1372.73,USD,PURCHASE,ONLINE,False,True,LIVE_MERCH_0004,Travel,DEV_971,US,NY,New York,0,NONE,NONE
LIVE_TXN_000150,LIVE_CUST_0021,CARD_8133,ACC_841,2026-10-04T03:24:50.442976,2026-10-04T03:24:50.642976,33.74,USD,PURCHASE,ONLINE,False,False,LIVE_MERCH_0012,Retail,DEV_686,UK,London,London,0,NONE,NONE
LIVE_TXN_000151,LIVE_CUST_0035,CARD_7267,ACC_252,2026-10-04T03:25:05.442976,2026-10-04T03:25:05.642976,1352.79,USD,PURCHASE,ONLINE,False,True,LIVE_MERCH_0010,Entertainment,DEV_849,UK,London,London,0,NONE,NONE
LIVE_TXN_000152,LIVE_CUST_0027,CARD_3895,ACC_339,2026-10-04T03:25:30.442976,2026-10-04T03:25:30.642976,14.92,USD,PURCHASE,ONLINE,False,False,LIVE_MERCH_0003,Travel,DEV_202,US,NY,New York,0,NONE,NONE
LIVE_TXN_000153,LIVE_CUST_0068,CARD_2809,ACC_252,2026-10-04T03:25:50.442976,2026-10-04T03:25:50.642976,44.98,USD,PURCHASE,ONLINE,False,False,LIVE_MERCH_0008,Food,DEV_699,US,NY,New York,0,NONE,NONE
LIVE_TXN_000154,LIVE_CUST_0051,CARD_9256,ACC_851,2026-10-04T03:26:14.442976,2026-10-04T03:26:14.642976,918.83,USD,PURCHASE,ONLINE,False,True,LIVE_MERCH_0005,Travel,DEV_960,US,NY,New York,0,NONE,NONE
LIVE_TXN_000155,LIVE_CUST_0034,CARD_6522,ACC_610,2026-10-04T03:26:28.442976,2026-10-04T03:26:28.642976,845.09,USD,PURCHASE,ONLINE,False,True,LIVE_MERCH_0013,Retail,DEV_917,US,CA,Los Angeles,0,NONE,NONE
LIVE_TXN_000156,LIVE_CUST_0041,CARD_5354,ACC_524,2026-10-04T03:26:44.442976,2026-10-04T03:26:44.642976,34.28,USD,PURCHASE,ONLINE,False,False,LIVE_MERCH_0002,Food,DEV_899,US,NY,New York,0,NONE,NONE
LIVE_TXN_000157,LIVE_CUST_0079,CARD_6619,ACC_918,2026-10-04T03:27:07.442976,2026-10-04T03:27:07.642976,19.93,USD,PURCHASE,ONLINE,False,False,LIVE_MERCH_0017,Food,DEV_216,US,CA,Los Angeles,0,NONE,NONE
LIVE_TXN_000158,LIVE_CUST_0044,CARD_5231,ACC_279,2026-10-04T03:27:24.442976,2026-10-04T03:27:24.642976,9913.44,USD,PURCHASE,ONLINE,False,False,LIVE_MERCH_0007,Travel,DEV_446,UK,London,London,1,STRUCTURING,BEHAVIORAL_ANOMALY
LIVE_TXN_000159,LIVE_CUST_0039,CARD_5871,ACC_844,2026-10-04T03:27:39.442976,2026-10-04T03:27:39.642976,20.94,USD,PURCHASE,ONLINE,False,False,LIVE_MERCH_0010,Entertainment,DEV_956,UK,London,London,0,NONE,NONE
LIVE_TXN_000160,LIVE_CUST_0017,CARD_4825,ACC_967,2026-10-04T03:27:55.442976,2026-10-04T03:27:55.642976,13.32,USD,PURCHASE,ONLINE,False,False,LIVE_MERCH_0007,Travel,DEV_593,UK,London,London,0,NONE,NONE
LIVE_TXN_000161,LIVE_CUST_0055,CARD_2210,ACC_262,2026-10-04T03:28:07.442976,2026-10-04T03:28:07.642976,35.9,USD,PURCHASE,ONLINE,False,False,LIVE_MERCH_0018,Entertainment,DEV_668,US,NY,New York,0,NONE,NONE
LIVE_TXN_000162,LIVE_CUST_0059,CARD_3776,ACC_145,2026-10-04T03:28:26.442976,2026-10-04T03:28:26.642976,21.93,USD,PURCHASE,ONLINE,False,False,LIVE_MERCH_0001,Retail,DEV_173,US,NY,New York,0,NONE,NONE
LIVE_TXN_000163,LIVE_CUST_0081,CARD_8525,ACC_295,2026-10-04T03:28:51.442976,2026-10-04T03:28:51.642976,35.31,USD,PURCHASE,ONLINE,False,False,LIVE_MERCH_0003,Travel,DEV_144,UK,London,London,0,NONE,NONE
LIVE_TXN_000164,LIVE_CUST_0057,CARD_4227,ACC_418,2026-10-04T03:29:01.442976,2026-10-04T03:29:01.642976,36.87,USD,PURCHASE,ONLINE,False,False,LIVE_MERCH_0013,Retail,DEV_772,US,NY,New York,0,NONE,NONE
LIVE_TXN_000165,LIVE_CUST_0003,CARD_7273,ACC_131,2026-10-04T03:29:12.442976,2026-10-04T03:29:12.642976,917.14,USD,PURCHASE,ONLINE,False,False,LIVE_MERCH_0001,Retail,DEV_844,UK,London,London,1,NETWORK_ANOMALY,VPN_PROXY_USAGE
LIVE_TXN_000166,LIVE_CUST_0037,CARD_1434,ACC_607,2026-10-04T03:29:25.442976,2026-10-04T03:29:25.642976,825.84,USD,PURCHASE,ONLINE,False,True,LIVE_MERCH_0006,Entertainment,DEV_387,US,CA,Los Angeles,0,NONE,NONE
LIVE_TXN_000167,LIVE_CUST_0038,CARD_9270,ACC_122,2026-10-04T03:29:38.442976,2026-10-04T03:29:38.642976,10.82,USD,PURCHASE,ONLINE,False,False,LIVE_MERCH_0006,Entertainment,DEV_479,US,NY,New York,0,NONE,NONE
LIVE_TXN_000168,LIVE_CUST_0024,CARD_5743,ACC_911,2026-10-04T03:29:49.442976,2026-10-04T03:29:49.642976,47.36,USD,PURCHASE,ONLINE,False,False,LIVE_MERCH_0015,Utilities,DEV_506,UK,London,London,0,NONE,NONE
LIVE_TXN_000169,LIVE_CUST_0056,CARD_1278,ACC_148,2026-10-04T03:30:15.442976,2026-10-04T03:30:15.642976,1397.85,USD,PURCHASE,ONLINE,False,True,LIVE_MERCH_0015,Utilities,DEV_719,US,CA,Los Angeles,0,NONE,NONE
LIVE_TXN_000170,LIVE_CUST_0047,CARD_8776,ACC_447,2026-10-04T03:30:29.442976,2026-10-04T03:30:29.642976,34.99,USD,PURCHASE,ONLINE,False,False,LIVE_MERCH_0013,Retail,DEV_500,US,CA,Los Angeles,0,NONE,NONE
LIVE_TXN_000171,LIVE_CUST_0013,CARD_3856,ACC_910,2026-10-04T03:30:39.442976,2026-10-04T03:30:39.642976,49.33,USD,PURCHASE,ONLINE,False,False,LIVE_MERCH_0007,Travel,DEV_269,US,CA,Los Angeles,0,NONE,NONE
LIVE_TXN_000172,LIVE_CUST_0075,CARD_9595,ACC_238,2026-10-04T03:31:08.442976,2026-10-04T03:31:08.642976,7.38,USD,PURCHASE,ONLINE,False,False,LIVE_MERCH_0003,Travel,DEV_608,US,CA,Los Angeles,0,NONE,NONE
LIVE_TXN_000173,LIVE_CUST_0001,CARD_3373,ACC_508,2026-10-04T03:31:21.442976,2026-10-04T03:31:21.642976,33.38,USD,PURCHASE,ONLINE,False,False,LIVE_MERCH_0013,Retail,DEV_307,US,NY,New York,0,NONE,NONE
LIVE_TXN_000174,LIVE_CUST_0083,CARD_1947,ACC_406,2026-10-04T03:31:47.442976,2026-10-04T03:31:47.642976,624.12,USD,PURCHASE,ONLINE,False,True,LIVE_MERCH_0017,Food,DEV_938,UK,London,London,0,NONE,NONE
LIVE_TXN_000175,LIVE_CUST_0058,CARD_3827,ACC_247,2026-10-04T03:32:17.442976,2026-10-04T03:32:17.642976,47.47,USD,PURCHASE,ONLINE,False,False,LIVE_MERCH_0002,Food,DEV_189,UK,London,London,0,NONE,NONE
LIVE_TXN_000176,LIVE_CUST_0070,CARD_3663,ACC_305,2026-10-04T03:32:44.442976,2026-10-04T03:32:44.642976,755.93,USD,PURCHASE,ONLINE,False,True,LIVE_MERCH_0000,Retail,DEV_525,US,CA,Los Angeles,0,NONE,NONE
LIVE_TXN_000177,LIVE_CUST_0015,CARD_9994,ACC_521,2026-10-04T03:32:59.442976,2026-10-04T03:32:59.642976,1357.78,USD,PURCHASE,ONLINE,False,True,LIVE_MERCH_0016,Utilities,DEV_225,US,CA,Los Angeles,0,NONE,NONE
LIVE_TXN_000178,LIVE_CUST_0034,CARD_3948,ACC_100,2026-10-04T03:33:27.442976,2026-10-04T03:33:27.642976,9995.34,USD,PURCHASE,ONLINE,False,False,LIVE_MERCH_0000,Retail,DEV_328,US,NY,New York,1,STRUCTURING,BEHAVIORAL_ANOMALY
LIVE_TXN_000179,LIVE_CUST_0006,CARD_8654,ACC_592,2026-10-04T03:33:41.442976,2026-10-04T03:33:41.642976,30.55,USD,PURCHASE,ONLINE,False,False,LIVE_MERCH_0013,Retail,DEV_383,US,CA,Los Angeles,0,NONE,NONE
LIVE_TXN_000180,LIVE_CUST_0023,CARD_3400,ACC_701,2026-10-04T03:34:07.442976,2026-10-04T03:34:07.642976,23.22,USD,PURCHASE,ONLINE,False,False,LIVE_MERCH_0011,Retail,DEV_225,US,NY,New York,0,NONE,NONE
LIVE_TXN_000181,LIVE_CUST_0030,CARD_7250,ACC_489,2026-10-04T03:34:24.442976,2026-10-04T03:34:24.642976,29.62,USD,PURCHASE,ONLINE,False,False,LIVE_MERCH_0001,Retail,DEV_895,US,NY,New York,0,NONE,NONE
LIVE_TXN_000182,LIVE_CUST_0048,CARD_7801,ACC_195,2026-10-04T03:34:44.442976,2026-10-04T03:34:44.642976,36.07,USD,PURCHASE,ONLINE,False,False,LIVE_MERCH_0019,Travel,DEV_961,US,CA,Los Angeles,0,NONE,NONE
LIVE_TXN_000183,LIVE_CUST_0073,CARD_4337,ACC_163,2026-10-04T03:35:00.442976,2026-10-04T03:35:00.642976,582.38,USD,PURCHASE,ONLINE,False,True,LIVE_MERCH_0002,Food,DEV_667,US,NY,New York,0,NONE,NONE
LIVE_TXN_000184,LIVE_CUST_0094,CARD_8293,ACC_797,2026-10-04T03:35:21.442976,2026-10-04T03:35:21.642976,26.89,USD,PURCHASE,ONLINE,False,False,LIVE_MERCH_0011,Retail,DEV_954,UK,London,London,0,NONE,NONE
LIVE_TXN_000185,LIVE_CUST_0017,CARD_2649,ACC_253,2026-10-04T03:35:48.442976,2026-10-04T03:35:48.642976,560.52,USD,PURCHASE,ONLINE,False,True,LIVE_MERCH_0013,Retail,DEV_482,US,CA,Los Angeles,0,NONE,NONE
LIVE_TXN_000186,LIVE_CUST_0026,CARD_7713,ACC_801,2026-10-04T03:36:03.442976,2026-10-04T03:36:03.642976,49.85,USD,PURCHASE,ONLINE,False,False,LIVE_MERCH_0006,Entertainment,DEV_596,UK,London,London,0,NONE,NONE
LIVE_TXN_000187,LIVE_CUST_0084,CARD_9042,ACC_796,2026-10-04T03:36:19.442976,2026-10-04T03:36:19.642976,16.93,USD,PURCHASE,ONLINE,False,False,LIVE_MERCH_0004,Travel,DEV_878,UK,London,London,0,NONE,NONE
LIVE_TXN_000188,LIVE_CUST_0039,CARD_6293,ACC_518,2026-10-04T03:36:46.442976,2026-10-04T03:36:46.642976,43.6,USD,PURCHASE,ONLINE,False,False,LIVE_MERCH_0016,Utilities,DEV_419,US,CA,Los Angeles,0,NONE,NONE
LIVE_TXN_000189,LIVE_CUST_0057,CARD_3547,ACC_192,2026-10-04T03:37:16.442976,2026-10-04T03:37:16.642976,38.12,USD,PURCHASE,ONLINE,False,False,LIVE_MERCH_0002,Food,DEV_886,US,NY,New York,0,NONE,NONE
LIVE_TXN_000190,LIVE_CUST_0078,CARD_1353,ACC_455,2026-10-04T03:37:42.442976,2026-10-04T03:37:42.642976,683.62,USD,PURCHASE,ONLINE,False,True,LIVE_MERCH_0009,Food,DEV_574,US,CA,Los Angeles,0,NONE,NONE
LIVE_TXN_000191,LIVE_CUST_0059,CARD_2316,ACC_423,2026-10-04T03:38:12.442976,2026-10-04T03:38:12.642976,44.76,USD,PURCHASE,ONLINE,False,False,LIVE_MERCH_0001,Retail,DEV_625,UK,London,London,0,NONE,NONE
LIVE_TXN_000192,LIVE_CUST_0062,CARD_5788,ACC_954,2026-10-04T03:38:41.442976,2026-10-04T03:38:41.642976,870.23,USD,PURCHASE,ONLINE,False,True,LIVE_MERCH_0008,Food,DEV_317,UK,London,London,0,NONE,NONE
LIVE_TXN_000193,LIVE_CUST_0049,CARD_7595,ACC_890,2026-10-04T03:39:08.442976,2026-10-04T03:39:08.642976,1056.15,USD,PURCHASE,ONLINE,False,True,LIVE_MERCH_0008,Food,DEV_424,US,CA,Los Angeles,0,NONE,NONE
LIVE_TXN_000194,LIVE_CUST_0003,CARD_4793,ACC_211,2026-10-04T03:39:25.442976,2026-10-04T03:39:25.642976,48.04,USD,PURCHASE,ONLINE,False,False,LIVE_MERCH_0008,Food,DEV_456,US,NY,New York,0,NONE,NONE
LIVE_TXN_000195,LIVE_CUST_0045,CARD_2793,ACC_356,2026-10-04T03:39:50.442976,2026-10-04T03:39:50.642976,48.67,USD,PURCHASE,ONLINE,False,False,LIVE_MERCH_0018,Entertainment,DEV_801,UK,London,London,0,NONE,NONE
LIVE_TXN_000196,LIVE_CUST_0062,CARD_5993,ACC_512,2026-10-04T03:40:15.442976,2026-10-04T03:40:15.642976,181.09,USD,PURCHASE,ONLINE,False,False,LIVE_MERCH_0017,Food,DEV_367,US,NY,New York,1,MERCHANT_ANOMALY,HIGH_RISK_MERCHANT
LIVE_TXN_000197,LIVE_CUST_0099,CARD_6789,ACC_786,2026-10-04T03:40:37.442976,2026-10-04T03:40:37.642976,633.01,USD,PURCHASE,ONLINE,False,False,LIVE_MERCH_0002,Food,DEV_930,UK,London,London,1,DEVICE_ANOMALY,NEW_DEVICE
LIVE_TXN_000198,LIVE_CUST_0019,CARD_2343,ACC_693,2026-10-04T03:41:03.442976,2026-10-04T03:41:03.642976,22.92,USD,PURCHASE,ONLINE,False,False,LIVE_MERCH_0000,Retail,DEV_127,US,NY,New York,0,NONE,NONE
LIVE_TXN_000199,LIVE_CUST_0082,CARD_9880,ACC_952,2026-10-04T03:41:30.442976,2026-10-04T03:41:30.642976,20.91,USD,PURCHASE,ONLINE,False,False,LIVE_MERCH_0011,Retail,DEV_769,UK,London,London,0,NONE,NONE
LIVE_TXN_000200,LIVE_CUST_0096,CARD_3138,ACC_355,2026-10-04T03:41:42.442976,2026-10-04T03:41:42.642976,28.58,USD,PURCHASE,ONLINE,False,False,LIVE_MERCH_0001,Retail,DEV_735,US,CA,Los Angeles,0,NONE,NONE
LIVE_TXN_000201,LIVE_CUST_0066,CARD_1804,ACC_573,2026-10-04T03:42:06.442976,2026-10-04T03:42:06.642976,47.18,USD,PURCHASE,ONLINE,False,False,LIVE_MERCH_0012,Retail,DEV_556,US,NY,New York,0,NONE,NONE
LIVE_TXN_000202,LIVE_CUST_0048,CARD_5972,ACC_107,2026-10-04T03:42:30.442976,2026-10-04T03:42:30.642976,23.71,USD,PURCHASE,ONLINE,False,False,LIVE_MERCH_0018,Entertainment,DEV_525,UK,London,London,0,NONE,NONE
LIVE_TXN_000203,LIVE_CUST_0036,CARD_3065,ACC_690,2026-10-04T03:42:46.442976,2026-10-04T03:42:46.642976,526.19,USD,PURCHASE,ONLINE,False,True,LIVE_MERCH_0006,Entertainment,DEV_951,US,CA,Los Angeles,0,NONE,NONE
LIVE_TXN_000204,LIVE_CUST_0019,CARD_1441,ACC_708,2026-10-04T03:42:59.442976,2026-10-04T03:42:59.642976,44.98,USD,PURCHASE,ONLINE,False,False,LIVE_MERCH_0014,Travel,DEV_940,US,CA,Los Angeles,0,NONE,NONE
LIVE_TXN_000205,LIVE_CUST_0058,CARD_4870,ACC_526,2026-10-04T03:43:20.442976,2026-10-04T03:43:20.642976,46.35,USD,PURCHASE,ONLINE,False,False,LIVE_MERCH_0013,Retail,DEV_867,US,CA,Los Angeles,0,NONE,NONE
LIVE_TXN_000206,LIVE_CUST_0036,CARD_8656,ACC_349,2026-10-04T03:43:30.442976,2026-10-04T03:43:30.642976,4.27,USD,PURCHASE,ONLINE,False,False,LIVE_MERCH_0000,Retail,DEV_671,US,CA,Los Angeles,1,CARD_TESTING,MICRO_TRANSACTIONS
LIVE_TXN_000207,LIVE_CUST_0008,CARD_9085,ACC_864,2026-10-04T03:43:55.442976,2026-10-04T03:43:55.642976,970.36,USD,PURCHASE,ONLINE,False,True,LIVE_MERCH_0005,Travel,DEV_806,US,CA,Los Angeles,0,NONE,NONE
LIVE_TXN_000208,LIVE_CUST_0049,CARD_1744,ACC_259,2026-10-04T03:44:06.442976,2026-10-04T03:44:06.642976,10.87,USD,PURCHASE,ONLINE,False,False,LIVE_MERCH_0001,Retail,DEV_327,UK,London,London,0,NONE,NONE
LIVE_TXN_000209,LIVE_CUST_0097,CARD_9507,ACC_326,2026-10-04T03:44:32.442976,2026-10-04T03:44:32.642976,518.62,USD,PURCHASE,ONLINE,False,True,LIVE_MERCH_0010,Entertainment,DEV_924,UK,London,London,0,NONE,NONE
LIVE_TXN_000210,LIVE_CUST_0002,CARD_6304,ACC_735,2026-10-04T03:44:56.442976,2026-10-04T03:44:56.642976,7.4,USD,PURCHASE,ONLINE,False,False,LIVE_MERCH_0010,Entertainment,DEV_372,US,NY,New York,0,NONE,NONE
LIVE_TXN_000211,LIVE_CUST_0052,CARD_4752,ACC_468,2026-10-04T03:45:06.442976,2026-10-04T03:45:06.642976,1235.91,USD,PURCHASE,ONLINE,False,True,LIVE_MERCH_0012,Retail,DEV_736,UK,London,London,0,NONE,NONE
LIVE_TXN_000212,LIVE_CUST_0056,CARD_2849,ACC_476,2026-10-04T03:45:24.442976,2026-10-04T03:45:24.642976,1015.73,USD,PURCHASE,ONLINE,False,True,LIVE_MERCH_0012,Retail,DEV_144,US,NY,New York,0,NONE,NONE
LIVE_TXN_000213,LIVE_CUST_0021,CARD_4289,ACC_520,2026-10-04T03:45:37.442976,2026-10-04T03:45:37.642976,9913.57,USD,PURCHASE,ONLINE,False,False,LIVE_MERCH_0010,Entertainment,DEV_230,US,NY,New York,1,STRUCTURING,BEHAVIORAL_ANOMALY
LIVE_TXN_000214,LIVE_CUST_0001,CARD_9235,ACC_378,2026-10-04T03:45:55.442976,2026-10-04T03:45:55.642976,6.59,USD,PURCHASE,ONLINE,False,False,LIVE_MERCH_0009,Food,DEV_472,US,NY,New York,0,NONE,NONE
LIVE_TXN_000215,LIVE_CUST_0005,CARD_9279,ACC_604,2026-10-04T03:46:24.442976,2026-10-04T03:46:24.642976,23.3,USD,PURCHASE,ONLINE,False,False,LIVE_MERCH_0001,Retail,DEV_369,UK,London,London,0,NONE,NONE
LIVE_TXN_000216,LIVE_CUST_0068,CARD_2247,ACC_165,2026-10-04T03:46:50.442976,2026-10-04T03:46:50.642976,35.82,USD,PURCHASE,ONLINE,False,False,LIVE_MERCH_0017,Food,DEV_641,US,NY,New York,0,NONE,NONE
LIVE_TXN_000217,LIVE_CUST_0032,CARD_9628,ACC_415,2026-10-04T03:47:08.442976,2026-10-04T03:47:08.642976,38.82,USD,PURCHASE,ONLINE,False,False,LIVE_MERCH_0010,Entertainment,DEV_952,UK,London,London,0,NONE,NONE
LIVE_TXN_000218,LIVE_CUST_0068,CARD_8277,ACC_664,2026-10-04T03:47:30.442976,2026-10-04T03:47:30.642976,41.53,USD,PURCHASE,ONLINE,False,False,LIVE_MERCH_0000,Retail,DEV_767,US,NY,New York,0,NONE,NONE
LIVE_TXN_000219,LIVE_CUST_0079,CARD_4188,ACC_988,2026-10-04T03:47:42.442976,2026-10-04T03:47:42.642976,12.88,USD,PURCHASE,ONLINE,False,False,LIVE_MERCH_0017,Food,DEV_407,US,NY,New York,0,NONE,NONE
LIVE_TXN_000220,LIVE_CUST_0046,CARD_9644,ACC_156,2026-10-04T03:47:55.442976,2026-10-04T03:47:55.642976,24.42,USD,PURCHASE,ONLINE,False,False,LIVE_MERCH_0019,Travel,DEV_692,US,CA,Los Angeles,0,NONE,NONE
LIVE_TXN_000221,LIVE_CUST_0063,CARD_8509,ACC_793,2026-10-04T03:48:15.442976,2026-10-04T03:48:15.642976,534.6,USD,PURCHASE,ONLINE,False,False,LIVE_MERCH_0019,Travel,DEV_860,UK,London,London,1,IMPOSSIBLE_TRAVEL,LOCATION_SPOOF
LIVE_TXN_000222,LIVE_CUST_0030,CARD_2406,ACC_217,2026-10-04T03:48:31.442976,2026-10-04T03:48:31.642976,47.71,USD,PURCHASE,ONLINE,False,False,LIVE_MERCH_0018,Entertainment,DEV_482,US,NY,New York,0,NONE,NONE
LIVE_TXN_000223,LIVE_CUST_0074,CARD_9303,ACC_912,2026-10-04T03:48:45.442976,2026-10-04T03:48:45.642976,32.7,USD,PURCHASE,ONLINE,False,False,LIVE_MERCH_0006,Entertainment,DEV_798,US,NY,New York,0,NONE,NONE
LIVE_TXN_000224,LIVE_CUST_0066,CARD_3507,ACC_922,2026-10-04T03:49:13.442976,2026-10-04T03:49:13.642976,21.02,USD,PURCHASE,ONLINE,False,False,LIVE_MERCH_0012,Retail,DEV_132,UK,London,London,0,NONE,NONE
LIVE_TXN_000225,LIVE_CUST_0005,CARD_6315,ACC_930,2026-10-04T03:49:41.442976,2026-10-04T03:49:41.642976,36.88,USD,PURCHASE,ONLINE,False,False,LIVE_MERCH_0000,Retail,DEV_869,US,NY,New York,0,NONE,NONE
LIVE_TXN_000226,LIVE_CUST_0002,CARD_8485,ACC_126,2026-10-04T03:50:03.442976,2026-10-04T03:50:03.642976,1339.71,USD,PURCHASE,ONLINE,False,True,LIVE_MERCH_0000,Retail,DEV_453,US,NY,New York,0,NONE,NONE
LIVE_TXN_000227,LIVE_CUST_0054,CARD_7515,ACC_212,2026-10-04T03:50:26.442976,2026-10-04T03:50:26.642976,37.58,USD,PURCHASE,ONLINE,False,False,LIVE_MERCH_0019,Travel,DEV_399,US,CA,Los Angeles,0,NONE,NONE
LIVE_TXN_000228,LIVE_CUST_0032,CARD_3787,ACC_135,2026-10-04T03:50:56.442976,2026-10-04T03:50:56.642976,10.12,USD,PURCHASE,ONLINE,False,False,LIVE_MERCH_0007,Travel,DEV_475,US,CA,Los Angeles,0,NONE,NONE
LIVE_TXN_000229,LIVE_CUST_0055,CARD_3737,ACC_648,2026-10-04T03:51:24.442976,2026-10-04T03:51:24.642976,7.71,USD,PURCHASE,ONLINE,False,False,LIVE_MERCH_0019,Travel,DEV_271,US,CA,Los Angeles,0,NONE,NONE
LIVE_TXN_000230,LIVE_CUST_0005,CARD_6672,ACC_692,2026-10-04T03:51:54.442976,2026-10-04T03:51:54.642976,32.62,USD,PURCHASE,ONLINE,False,False,LIVE_MERCH_0010,Entertainment,DEV_802,US,CA,Los Angeles,0,NONE,NONE
LIVE_TXN_000231,LIVE_CUST_0056,CARD_4767,ACC_471,2026-10-04T03:52:09.442976,2026-10-04T03:52:09.642976,46.94,USD,PURCHASE,ONLINE,False,False,LIVE_MERCH_0014,Travel,DEV_680,US,NY,New York,0,NONE,NONE
LIVE_TXN_000232,LIVE_CUST_0006,CARD_8489,ACC_966,2026-10-04T03:52:31.442976,2026-10-04T03:52:31.642976,22.73,USD,PURCHASE,ONLINE,False,False,LIVE_MERCH_0010,Entertainment,DEV_373,UK,London,London,0,NONE,NONE
LIVE_TXN_000233,LIVE_CUST_0082,CARD_9134,ACC_693,2026-10-04T03:52:56.442976,2026-10-04T03:52:56.642976,1209.97,USD,PURCHASE,ONLINE,False,True,LIVE_MERCH_0012,Retail,DEV_628,US,NY,New York,0,NONE,NONE
LIVE_TXN_000234,LIVE_CUST_0091,CARD_1461,ACC_467,2026-10-04T03:53:19.442976,2026-10-04T03:53:19.642976,162.09,USD,PURCHASE,ONLINE,False,False,LIVE_MERCH_0004,Travel,DEV_706,US,CA,Los Angeles,1,MERCHANT_ANOMALY,HIGH_RISK_MERCHANT
LIVE_TXN_000235,LIVE_CUST_0096,CARD_2284,ACC_652,2026-10-04T03:53:33.442976,2026-10-04T03:53:33.642976,45.62,USD,PURCHASE,ONLINE,False,False,LIVE_MERCH_0014,Travel,DEV_875,UK,London,London,0,NONE,NONE
LIVE_TXN_000236,LIVE_CUST_0036,CARD_5569,ACC_850,2026-10-04T03:53:43.442976,2026-10-04T03:53:43.642976,15.59,USD,PURCHASE,ONLINE,False,False,LIVE_MERCH_0013,Retail,DEV_111,UK,London,London,0,NONE,NONE
LIVE_TXN_000237,LIVE_CUST_0029,CARD_8079,ACC_679,2026-10-04T03:54:04.442976,2026-10-04T03:54:04.642976,503.97,USD,PURCHASE,ONLINE,False,True,LIVE_MERCH_0019,Travel,DEV_312,UK,London,London,0,NONE,NONE
LIVE_TXN_000238,LIVE_CUST_0076,CARD_7521,ACC_562,2026-10-04T03:54:32.442976,2026-10-04T03:54:32.642976,1149.43,USD,PURCHASE,ONLINE,False,True,LIVE_MERCH_0005,Travel,DEV_762,US,CA,Los Angeles,0,NONE,NONE
LIVE_TXN_000239,LIVE_CUST_0054,CARD_2725,ACC_899,2026-10-04T03:54:52.442976,2026-10-04T03:54:52.642976,614.44,USD,PURCHASE,ONLINE,False,True,LIVE_MERCH_0002,Food,DEV_159,US,NY,New York,0,NONE,NONE
LIVE_TXN_000240,LIVE_CUST_0000,CARD_1783,ACC_627,2026-10-04T03:55:20.442976,2026-10-04T03:55:20.642976,28.94,USD,PURCHASE,ONLINE,False,False,LIVE_MERCH_0013,Retail,DEV_413,UK,London,London,0,NONE,NONE
LIVE_TXN_000241,LIVE_CUST_0061,CARD_2546,ACC_772,2026-10-04T03:55:30.442976,2026-10-04T03:55:30.642976,48.06,USD,PURCHASE,ONLINE,False,False,LIVE_MERCH_0001,Retail,DEV_290,UK,London,London,0,NONE,NONE
LIVE_TXN_000242,LIVE_CUST_0074,CARD_1439,ACC_948,2026-10-04T03:55:59.442976,2026-10-04T03:55:59.642976,799.37,USD,PURCHASE,ONLINE,False,True,LIVE_MERCH_0005,Travel,DEV_448,US,CA,Los Angeles,0,NONE,NONE
LIVE_TXN_000243,LIVE_CUST_0081,CARD_5302,ACC_962,2026-10-04T03:56:27.442976,2026-10-04T03:56:27.642976,943.82,USD,PURCHASE,ONLINE,False,False,LIVE_MERCH_0007,Travel,DEV_313,US,NY,New York,1,NETWORK_ANOMALY,VPN_PROXY_USAGE
LIVE_TXN_000244,LIVE_CUST_0081,CARD_7885,ACC_867,2026-10-04T03:56:38.442976,2026-10-04T03:56:38.642976,7592.34,USD,PURCHASE,ONLINE,False,False,LIVE_MERCH_0010,Entertainment,DEV_843,US,NY,New York,1,HIGH_AMOUNT,AMOUNT_ANOMALY
LIVE_TXN_000245,LIVE_CUST_0057,CARD_1052,ACC_272,2026-10-04T03:56:53.442976,2026-10-04T03:56:53.642976,47.27,USD,PURCHASE,ONLINE,False,False,LIVE_MERCH_0007,Travel,DEV_170,UK,London,London,0,NONE,NONE
LIVE_TXN_000246,LIVE_CUST_0042,CARD_7491,ACC_164,2026-10-04T03:57:13.442976,2026-10-04T03:57:13.642976,18.51,USD,PURCHASE,ONLINE,False,False,LIVE_MERCH_0015,Utilities,DEV_818,US,NY,New York,0,NONE,NONE
LIVE_TXN_000247,LIVE_CUST_0039,CARD_5401,ACC_738,2026-10-04T03:57:27.442976,2026-10-04T03:57:27.642976,1154.04,USD,PURCHASE,ONLINE,False,True,LIVE_MERCH_0002,Food,DEV_748,US,CA,Los Angeles,0,NONE,NONE
LIVE_TXN_000248,LIVE_CUST_0023,CARD_8623,ACC_795,2026-10-04T03:57:56.442976,2026-10-04T03:57:56.642976,30.7,USD,PURCHASE,ONLINE,False,False,LIVE_MERCH_0002,Food,DEV_918,US,CA,Los Angeles,0,NONE,NONE
LIVE_TXN_000249,LIVE_CUST_0040,CARD_8247,ACC_864,2026-10-04T03:58:06.442976,2026-10-04T03:58:06.642976,38.84,USD,PURCHASE,ONLINE,False,False,LIVE_MERCH_0018,Entertainment,DEV_381,US,NY,New York,0,NONE,NONE
LIVE_TXN_000250,LIVE_CUST_0034,CARD_3490,ACC_389,2026-10-04T03:58:16.442976,2026-10-04T03:58:16.642976,18.58,USD,PURCHASE,ONLINE,False,False,LIVE_MERCH_0004,Travel,DEV_337,US,CA,Los Angeles,0,NONE,NONE
LIVE_TXN_000251,LIVE_CUST_0040,CARD_8647,ACC_148,2026-10-04T03:58:46.442976,2026-10-04T03:58:46.642976,1057.91,USD,PURCHASE,ONLINE,False,True,LIVE_MERCH_0010,Entertainment,DEV_165,UK,London,London,0,NONE,NONE
LIVE_TXN_000252,LIVE_CUST_0052,CARD_6368,ACC_146,2026-10-04T03:59:06.442976,2026-10-04T03:59:06.642976,43.73,USD,PURCHASE,ONLINE,False,False,LIVE_MERCH_0002,Food,DEV_365,UK,London,London,0,NONE,NONE
LIVE_TXN_000253,LIVE_CUST_0052,CARD_5998,ACC_292,2026-10-04T03:59:18.442976,2026-10-04T03:59:18.642976,1113.79,USD,PURCHASE,ONLINE,False,True,LIVE_MERCH_0017,Food,DEV_990,UK,London,London,0,NONE,NONE
LIVE_TXN_000254,LIVE_CUST_0073,CARD_5416,ACC_947,2026-10-04T03:59:45.442976,2026-10-04T03:59:45.642976,43.97,USD,PURCHASE,ONLINE,False,False,LIVE_MERCH_0006,Entertainment,DEV_667,UK,London,London,0,NONE,NONE
LIVE_TXN_000255,LIVE_CUST_0024,CARD_2197,ACC_991,2026-10-04T03:59:59.442976,2026-10-04T03:59:59.642976,521.8,USD,PURCHASE,ONLINE,False,True,LIVE_MERCH_0011,Retail,DEV_951,US,CA,Los Angeles,0,NONE,NONE
LIVE_TXN_000256,LIVE_CUST_0015,CARD_1678,ACC_875,2026-10-04T04:00:20.442976,2026-10-04T04:00:20.642976,24.95,USD,PURCHASE,ONLINE,False,False,LIVE_MERCH_0015,Utilities,DEV_813,US,NY,New York,0,NONE,NONE
LIVE_TXN_000257,LIVE_CUST_0011,CARD_4299,ACC_321,2026-10-04T04:00:41.442976,2026-10-04T04:00:41.642976,30.64,USD,PURCHASE,ONLINE,False,False,LIVE_MERCH_0014,Travel,DEV_104,US,NY,New York,0,NONE,NONE
LIVE_TXN_000258,LIVE_CUST_0023,CARD_3208,ACC_846,2026-10-04T04:01:02.442976,2026-10-04T04:01:02.642976,27.91,USD,PURCHASE,ONLINE,False,False,LIVE_MERCH_0004,Travel,DEV_601,US,NY,New York,0,NONE,NONE
LIVE_TXN_000259,LIVE_CUST_0003,CARD_7110,ACC_162,2026-10-04T04:01:20.442976,2026-10-04T04:01:20.642976,20.09,USD,PURCHASE,ONLINE,False,False,LIVE_MERCH_0000,Retail,DEV_456,UK,London,London,0,NONE,NONE
LIVE_TXN_000260,LIVE_CUST_0059,CARD_4433,ACC_776,2026-10-04T04:01:36.442976,2026-10-04T04:01:36.642976,16.47,USD,PURCHASE,ONLINE,False,False,LIVE_MERCH_0000,Retail,DEV_800,US,CA,Los Angeles,0,NONE,NONE
LIVE_TXN_000261,LIVE_CUST_0071,CARD_5038,ACC_117,2026-10-04T04:02:03.442976,2026-10-04T04:02:03.642976,6.47,USD,PURCHASE,ONLINE,False,False,LIVE_MERCH_0009,Food,DEV_914,UK,London,London,0,NONE,NONE
LIVE_TXN_000262,LIVE_CUST_0038,CARD_7093,ACC_593,2026-10-04T04:02:19.442976,2026-10-04T04:02:19.642976,47.99,USD,PURCHASE,ONLINE,False,False,LIVE_MERCH_0005,Travel,DEV_514,US,NY,New York,0,NONE,NONE
LIVE_TXN_000263,LIVE_CUST_0063,CARD_2867,ACC_250,2026-10-04T04:02:34.442976,2026-10-04T04:02:34.642976,1256.41,USD,PURCHASE,ONLINE,False,True,LIVE_MERCH_0003,Travel,DEV_271,US,CA,Los Angeles,0,NONE,NONE
LIVE_TXN_000264,LIVE_CUST_0023,CARD_3920,ACC_682,2026-10-04T04:03:03.442976,2026-10-04T04:03:03.642976,9.19,USD,PURCHASE,ONLINE,False,False,LIVE_MERCH_0003,Travel,DEV_769,UK,London,London,0,NONE,NONE
LIVE_TXN_000265,LIVE_CUST_0067,CARD_9058,ACC_792,2026-10-04T04:03:27.442976,2026-10-04T04:03:27.642976,751.37,USD,PURCHASE,ONLINE,False,True,LIVE_MERCH_0017,Food,DEV_124,US,CA,Los Angeles,0,NONE,NONE
LIVE_TXN_000266,LIVE_CUST_0070,CARD_7491,ACC_827,2026-10-04T04:03:42.442976,2026-10-04T04:03:42.642976,1249.55,USD,PURCHASE,ONLINE,False,True,LIVE_MERCH_0015,Utilities,DEV_181,US,NY,New York,0,NONE,NONE
LIVE_TXN_000267,LIVE_CUST_0096,CARD_8007,ACC_817,2026-10-04T04:04:10.442976,2026-10-04T04:04:10.642976,20.46,USD,PURCHASE,ONLINE,False,False,LIVE_MERCH_0003,Travel,DEV_855,US,CA,Los Angeles,0,NONE,NONE
LIVE_TXN_000268,LIVE_CUST_0041,CARD_7477,ACC_508,2026-10-04T04:04:40.442976,2026-10-04T04:04:40.642976,33.53,USD,PURCHASE,ONLINE,False,False,LIVE_MERCH_0007,Travel,DEV_304,US,NY,New York,0,NONE,NONE
LIVE_TXN_000269,LIVE_CUST_0049,CARD_4742,ACC_885,2026-10-04T04:05:10.442976,2026-10-04T04:05:10.642976,37.99,USD,PURCHASE,ONLINE,False,False,LIVE_MERCH_0008,Food,DEV_729,US,NY,New York,0,NONE,NONE
LIVE_TXN_000270,LIVE_CUST_0093,CARD_5544,ACC_911,2026-10-04T04:05:38.442976,2026-10-04T04:05:38.642976,38.37,USD,PURCHASE,ONLINE,False,False,LIVE_MERCH_0004,Travel,DEV_117,US,NY,New York,0,NONE,NONE
LIVE_TXN_000271,LIVE_CUST_0042,CARD_1989,ACC_750,2026-10-04T04:05:50.442976,2026-10-04T04:05:50.642976,535.14,USD,PURCHASE,ONLINE,False,False,LIVE_MERCH_0017,Food,DEV_118,UK,London,London,1,IMPOSSIBLE_TRAVEL,LOCATION_SPOOF
LIVE_TXN_000272,LIVE_CUST_0037,CARD_9662,ACC_219,2026-10-04T04:06:12.442976,2026-10-04T04:06:12.642976,866.71,USD,PURCHASE,ONLINE,False,False,LIVE_MERCH_0002,Food,DEV_688,US,CA,Los Angeles,1,DEVICE_ANOMALY,NEW_DEVICE
LIVE_TXN_000273,LIVE_CUST_0086,CARD_6090,ACC_191,2026-10-04T04:06:32.442976,2026-10-04T04:06:32.642976,980.0,USD,PURCHASE,ONLINE,False,True,LIVE_MERCH_0010,Entertainment,DEV_756,US,NY,New York,0,NONE,NONE
LIVE_TXN_000274,LIVE_CUST_0052,CARD_1873,ACC_168,2026-10-04T04:06:47.442976,2026-10-04T04:06:47.642976,49.35,USD,PURCHASE,ONLINE,False,False,LIVE_MERCH_0001,Retail,DEV_368,US,CA,Los Angeles,0,NONE,NONE
LIVE_TXN_000275,LIVE_CUST_0074,CARD_2926,ACC_310,2026-10-04T04:07:05.442976,2026-10-04T04:07:05.642976,40.16,USD,PURCHASE,ONLINE,False,False,LIVE_MERCH_0007,Travel,DEV_500,US,CA,Los Angeles,0,NONE,NONE
LIVE_TXN_000276,LIVE_CUST_0064,CARD_4855,ACC_369,2026-10-04T04:07:25.442976,2026-10-04T04:07:25.642976,549.25,USD,PURCHASE,ONLINE,False,True,LIVE_MERCH_0017,Food,DEV_423,US,CA,Los Angeles,0,NONE,NONE
LIVE_TXN_000277,LIVE_CUST_0056,CARD_4113,ACC_365,2026-10-04T04:07:55.442976,2026-10-04T04:07:55.642976,10.59,USD,PURCHASE,ONLINE,False,False,LIVE_MERCH_0009,Food,DEV_206,UK,London,London,0,NONE,NONE
LIVE_TXN_000278,LIVE_CUST_0024,CARD_4347,ACC_502,2026-10-04T04:08:10.442976,2026-10-04T04:08:10.642976,42.1,USD,PURCHASE,ONLINE,False,False,LIVE_MERCH_0010,Entertainment,DEV_511,US,NY,New York,0,NONE,NONE
LIVE_TXN_000279,LIVE_CUST_0018,CARD_3104,ACC_968,2026-10-04T04:08:23.442976,2026-10-04T04:08:23.642976,40.27,USD,PURCHASE,ONLINE,False,False,LIVE_MERCH_0005,Travel,DEV_381,UK,London,London,0,NONE,NONE
LIVE_TXN_000280,LIVE_CUST_0092,CARD_4365,ACC_821,2026-10-04T04:08:35.442976,2026-10-04T04:08:35.642976,9.7,USD,PURCHASE,ONLINE,False,False,LIVE_MERCH_0012,Retail,DEV_162,UK,London,London,0,NONE,NONE
LIVE_TXN_000281,LIVE_CUST_0010,CARD_1742,ACC_727,2026-10-04T04:08:55.442976,2026-10-04T04:08:55.642976,5.73,USD,PURCHASE,ONLINE,False,False,LIVE_MERCH_0004,Travel,DEV_776,US,CA,Los Angeles,0,NONE,NONE
LIVE_TXN_000282,LIVE_CUST_0030,CARD_6177,ACC_576,2026-10-04T04:09:20.442976,2026-10-04T04:09:20.642976,965.73,USD,PURCHASE,ONLINE,False,True,LIVE_MERCH_0019,Travel,DEV_756,UK,London,London,0,NONE,NONE
LIVE_TXN_000283,LIVE_CUST_0054,CARD_5894,ACC_629,2026-10-04T04:09:31.442976,2026-10-04T04:09:31.642976,18.94,USD,PURCHASE,ONLINE,False,False,LIVE_MERCH_0008,Food,DEV_360,US,CA,Los Angeles,0,NONE,NONE
LIVE_TXN_000284,LIVE_CUST_0013,CARD_7415,ACC_340,2026-10-04T04:09:43.442976,2026-10-04T04:09:43.642976,735.05,USD,PURCHASE,ONLINE,False,True,LIVE_MERCH_0016,Utilities,DEV_116,UK,London,London,0,NONE,NONE
LIVE_TXN_000285,LIVE_CUST_0042,CARD_4988,ACC_132,2026-10-04T04:10:04.442976,2026-10-04T04:10:04.642976,47.01,USD,PURCHASE,ONLINE,False,False,LIVE_MERCH_0002,Food,DEV_974,US,CA,Los Angeles,0,NONE,NONE
LIVE_TXN_000286,LIVE_CUST_0016,CARD_5670,ACC_207,2026-10-04T04:10:16.442976,2026-10-04T04:10:16.642976,257.57,USD,PURCHASE,ONLINE,False,False,LIVE_MERCH_0015,Utilities,DEV_144,US,CA,Los Angeles,1,MERCHANT_ANOMALY,HIGH_RISK_MERCHANT
LIVE_TXN_000287,LIVE_CUST_0016,CARD_6027,ACC_295,2026-10-04T04:10:38.442976,2026-10-04T04:10:38.642976,46.87,USD,PURCHASE,ONLINE,False,False,LIVE_MERCH_0009,Food,DEV_384,US,CA,Los Angeles,0,NONE,NONE
LIVE_TXN_000288,LIVE_CUST_0013,CARD_3869,ACC_141,2026-10-04T04:11:05.442976,2026-10-04T04:11:05.642976,633.42,USD,PURCHASE,ONLINE,False,True,LIVE_MERCH_0006,Entertainment,DEV_550,US,NY,New York,0,NONE,NONE
LIVE_TXN_000289,LIVE_CUST_0094,CARD_5319,ACC_181,2026-10-04T04:11:29.442976,2026-10-04T04:11:29.642976,1075.45,USD,PURCHASE,ONLINE,False,True,LIVE_MERCH_0013,Retail,DEV_762,UK,London,London,0,NONE,NONE
LIVE_TXN_000290,LIVE_CUST_0076,CARD_2544,ACC_188,2026-10-04T04:11:52.442976,2026-10-04T04:11:52.642976,30.34,USD,PURCHASE,ONLINE,False,False,LIVE_MERCH_0019,Travel,DEV_637,US,NY,New York,0,NONE,NONE
LIVE_TXN_000291,LIVE_CUST_0081,CARD_6169,ACC_297,2026-10-04T04:12:20.442976,2026-10-04T04:12:20.642976,30.21,USD,PURCHASE,ONLINE,False,False,LIVE_MERCH_0011,Retail,DEV_346,UK,London,London,0,NONE,NONE
LIVE_TXN_000292,LIVE_CUST_0002,CARD_6609,ACC_834,2026-10-04T04:12:31.442976,2026-10-04T04:12:31.642976,5.48,USD,PURCHASE,ONLINE,False,False,LIVE_MERCH_0018,Entertainment,DEV_837,UK,London,London,0,NONE,NONE
LIVE_TXN_000293,LIVE_CUST_0064,CARD_7689,ACC_781,2026-10-04T03:12:45.442976,2026-10-04T03:12:45.642976,2160.96,USD,PURCHASE,ONLINE,False,False,LIVE_MERCH_0008,Food,DEV_213,US,CA,Los Angeles,1,TIME_ANOMALY,MIDNIGHT_PURCHASE
LIVE_TXN_000294,LIVE_CUST_0021,CARD_1029,ACC_187,2026-10-04T03:12:58.442976,2026-10-04T03:12:58.642976,23.28,USD,PURCHASE,ONLINE,False,False,LIVE_MERCH_0016,Utilities,DEV_147,US,CA,Los Angeles,0,NONE,NONE
LIVE_TXN_000295,LIVE_CUST_0018,CARD_5113,ACC_525,2026-10-04T03:13:21.442976,2026-10-04T03:13:21.642976,1422.36,USD,PURCHASE,ONLINE,False,True,LIVE_MERCH_0007,Travel,DEV_768,US,CA,Los Angeles,0,NONE,NONE
LIVE_TXN_000296,LIVE_CUST_0065,CARD_7581,ACC_194,2026-10-04T03:13:35.442976,2026-10-04T03:13:35.642976,39.53,USD,PURCHASE,ONLINE,False,False,LIVE_MERCH_0017,Food,DEV_292,US,NY,New York,0,NONE,NONE
LIVE_TXN_000297,LIVE_CUST_0053,CARD_8540,ACC_487,2026-10-04T03:14:00.442976,2026-10-04T03:14:00.642976,26.76,USD,PURCHASE,ONLINE,False,False,LIVE_MERCH_0017,Food,DEV_215,US,NY,New York,0,NONE,NONE
LIVE_TXN_000298,LIVE_CUST_0015,CARD_5356,ACC_473,2026-10-04T03:14:23.442976,2026-10-04T03:14:23.642976,24.2,USD,PURCHASE,ONLINE,False,False,LIVE_MERCH_0000,Retail,DEV_682,US,NY,New York,0,NONE,NONE
LIVE_TXN_000299,LIVE_CUST_0011,CARD_2321,ACC_811,2026-10-04T03:14:44.442976,2026-10-04T03:14:44.642976,17.42,USD,PURCHASE,ONLINE,False,False,LIVE_MERCH_0004,Travel,DEV_862,US,NY,New York,0,NONE,NONE
LIVE_TXN_000300,LIVE_CUST_0078,CARD_4414,ACC_596,2026-10-04T03:14:59.442976,2026-10-04T03:14:59.642976,29.83,USD,PURCHASE,ONLINE,False,False,LIVE_MERCH_0001,Retail,DEV_690,US,CA,Los Angeles,0,NONE,NONE
LIVE_TXN_000301,LIVE_CUST_0046,CARD_2600,ACC_844,2026-10-04T03:15:13.442976,2026-10-04T03:15:13.642976,9.62,USD,PURCHASE,ONLINE,False,False,LIVE_MERCH_0017,Food,DEV_200,UK,London,London,0,NONE,NONE
LIVE_TXN_000302,LIVE_CUST_0078,CARD_6673,ACC_412,2026-10-04T03:15:33.442976,2026-10-04T03:15:33.642976,19.57,USD,PURCHASE,ONLINE,False,False,LIVE_MERCH_0002,Food,DEV_160,US,NY,New York,0,NONE,NONE
LIVE_TXN_000303,LIVE_CUST_0052,CARD_3521,ACC_157,2026-10-04T03:16:01.442976,2026-10-04T03:16:01.642976,2390.45,USD,PURCHASE,ONLINE,False,False,LIVE_MERCH_0014,Travel,DEV_462,US,CA,Los Angeles,1,TIME_ANOMALY,MIDNIGHT_PURCHASE
LIVE_TXN_000304,LIVE_CUST_0014,CARD_6477,ACC_950,2026-10-04T03:16:27.442976,2026-10-04T03:16:27.642976,8.61,USD,PURCHASE,ONLINE,False,False,LIVE_MERCH_0012,Retail,DEV_515,US,NY,New York,0,NONE,NONE
LIVE_TXN_000305,LIVE_CUST_0005,CARD_2819,ACC_231,2026-10-04T03:16:37.442976,2026-10-04T03:16:37.642976,934.91,USD,PURCHASE,ONLINE,False,True,LIVE_MERCH_0011,Retail,DEV_404,US,CA,Los Angeles,0,NONE,NONE
LIVE_TXN_000306,LIVE_CUST_0051,CARD_9893,ACC_194,2026-10-04T03:16:59.442976,2026-10-04T03:16:59.642976,26.19,USD,PURCHASE,ONLINE,False,False,LIVE_MERCH_0019,Travel,DEV_498,US,NY,New York,0,NONE,NONE
LIVE_TXN_000307,LIVE_CUST_0000,CARD_5470,ACC_845,2026-10-04T03:17:26.442976,2026-10-04T03:17:26.642976,750.06,USD,PURCHASE,ONLINE,False,True,LIVE_MERCH_0004,Travel,DEV_554,US,CA,Los Angeles,0,NONE,NONE
LIVE_TXN_000308,LIVE_CUST_0069,CARD_8508,ACC_605,2026-10-04T03:17:54.442976,2026-10-04T03:17:54.642976,755.32,USD,PURCHASE,ONLINE,False,False,LIVE_MERCH_0001,Retail,DEV_344,UK,London,London,1,IMPOSSIBLE_TRAVEL,LOCATION_SPOOF
LIVE_TXN_000309,LIVE_CUST_0090,CARD_4211,ACC_360,2026-10-04T03:18:04.442976,2026-10-04T03:18:04.642976,22.91,USD,PURCHASE,ONLINE,False,False,LIVE_MERCH_0004,Travel,DEV_962,UK,London,London,0,NONE,NONE
LIVE_TXN_000310,LIVE_CUST_0013,CARD_5712,ACC_895,2026-10-04T03:18:34.442976,2026-10-04T03:18:34.642976,45.12,USD,PURCHASE,ONLINE,False,False,LIVE_MERCH_0008,Food,DEV_459,US,NY,New York,0,NONE,NONE
LIVE_TXN_000311,LIVE_CUST_0047,CARD_5361,ACC_644,2026-10-04T03:18:47.442976,2026-10-04T03:18:47.642976,32.99,USD,PURCHASE,ONLINE,False,False,LIVE_MERCH_0018,Entertainment,DEV_859,UK,London,London,0,NONE,NONE
LIVE_TXN_000312,LIVE_CUST_0069,CARD_9748,ACC_306,2026-10-04T03:19:13.442976,2026-10-04T03:19:13.642976,17.2,USD,PURCHASE,ONLINE,False,False,LIVE_MERCH_0004,Travel,DEV_436,US,NY,New York,0,NONE,NONE
LIVE_TXN_000313,LIVE_CUST_0011,CARD_4939,ACC_624,2026-10-04T03:19:43.442976,2026-10-04T03:19:43.642976,809.99,USD,PURCHASE,ONLINE,False,True,LIVE_MERCH_0011,Retail,DEV_976,US,CA,Los Angeles,0,NONE,NONE
LIVE_TXN_000314,LIVE_CUST_0069,CARD_8041,ACC_142,2026-10-04T03:19:55.442976,2026-10-04T03:19:55.642976,1294.48,USD,PURCHASE,ONLINE,False,True,LIVE_MERCH_0009,Food,DEV_328,US,CA,Los Angeles,0,NONE,NONE
LIVE_TXN_000315,LIVE_CUST_0098,CARD_2581,ACC_449,2026-10-04T03:20:20.442976,2026-10-04T03:20:20.642976,534.12,USD,PURCHASE,ONLINE,False,True,LIVE_MERCH_0005,Travel,DEV_143,US,CA,Los Angeles,0,NONE,NONE
LIVE_TXN_000316,LIVE_CUST_0015,CARD_8601,ACC_170,2026-10-04T03:20:47.442976,2026-10-04T03:20:47.642976,15.01,USD,PURCHASE,ONLINE,False,False,LIVE_MERCH_0006,Entertainment,DEV_594,US,CA,Los Angeles,0,NONE,NONE
LIVE_TXN_000317,LIVE_CUST_0036,CARD_3311,ACC_231,2026-10-04T03:21:12.442976,2026-10-04T03:21:12.642976,34.14,USD,PURCHASE,ONLINE,False,False,LIVE_MERCH_0019,Travel,DEV_498,US,CA,Los Angeles,0,NONE,NONE
LIVE_TXN_000318,LIVE_CUST_0008,CARD_4005,ACC_429,2026-10-04T03:21:22.442976,2026-10-04T03:21:22.642976,44.69,USD,PURCHASE,ONLINE,False,False,LIVE_MERCH_0016,Utilities,DEV_351,US,CA,Los Angeles,0,NONE,NONE
LIVE_TXN_000319,LIVE_CUST_0084,CARD_9909,ACC_889,2026-10-04T03:21:51.442976,2026-10-04T03:21:51.642976,22.01,USD,PURCHASE,ONLINE,False,False,LIVE_MERCH_0016,Utilities,DEV_202,US,NY,New York,0,NONE,NONE
LIVE_TXN_000320,LIVE_CUST_0093,CARD_7844,ACC_532,2026-10-04T03:22:18.442976,2026-10-04T03:22:18.642976,23.62,USD,PURCHASE,ONLINE,False,False,LIVE_MERCH_0003,Travel,DEV_425,UK,London,London,0,NONE,NONE
LIVE_TXN_000321,LIVE_CUST_0051,CARD_6495,ACC_392,2026-10-04T03:22:38.442976,2026-10-04T03:22:38.642976,11.28,USD,PURCHASE,ONLINE,False,False,LIVE_MERCH_0017,Food,DEV_287,US,NY,New York,0,NONE,NONE
LIVE_TXN_000322,LIVE_CUST_0033,CARD_8898,ACC_979,2026-10-04T03:22:49.442976,2026-10-04T03:22:49.642976,17.41,USD,PURCHASE,ONLINE,False,False,LIVE_MERCH_0011,Retail,DEV_753,UK,London,London,0,NONE,NONE
LIVE_TXN_000323,LIVE_CUST_0027,CARD_4588,ACC_225,2026-10-04T03:23:02.442976,2026-10-04T03:23:02.642976,837.22,USD,PURCHASE,ONLINE,False,True,LIVE_MERCH_0000,Retail,DEV_749,UK,London,London,0,NONE,NONE
LIVE_TXN_000324,LIVE_CUST_0074,CARD_2555,ACC_892,2026-10-04T03:23:19.442976,2026-10-04T03:23:19.642976,33.53,USD,PURCHASE,ONLINE,False,False,LIVE_MERCH_0019,Travel,DEV_623,US,NY,New York,0,NONE,NONE
LIVE_TXN_000325,LIVE_CUST_0032,CARD_8345,ACC_340,2026-10-04T03:23:42.442976,2026-10-04T03:23:42.642976,20.45,USD,PURCHASE,ONLINE,False,False,LIVE_MERCH_0016,Utilities,DEV_215,US,CA,Los Angeles,0,NONE,NONE
LIVE_TXN_000326,LIVE_CUST_0094,CARD_4017,ACC_312,2026-10-04T03:23:55.442976,2026-10-04T03:23:55.642976,49.14,USD,PURCHASE,ONLINE,False,False,LIVE_MERCH_0002,Food,DEV_618,US,CA,Los Angeles,0,NONE,NONE
LIVE_TXN_000327,LIVE_CUST_0066,CARD_6916,ACC_829,2026-10-04T03:24:11.442976,2026-10-04T03:24:11.642976,10.7,USD,PURCHASE,ONLINE,False,False,LIVE_MERCH_0006,Entertainment,DEV_296,US,NY,New York,0,NONE,NONE
LIVE_TXN_000328,LIVE_CUST_0042,CARD_2160,ACC_875,2026-10-04T03:24:40.442976,2026-10-04T03:24:40.642976,927.94,USD,PURCHASE,ONLINE,False,True,LIVE_MERCH_0014,Travel,DEV_868,US,NY,New York,0,NONE,NONE
LIVE_TXN_000329,LIVE_CUST_0037,CARD_6843,ACC_266,2026-10-04T03:25:07.442976,2026-10-04T03:25:07.642976,801.24,USD,PURCHASE,ONLINE,False,True,LIVE_MERCH_0015,Utilities,DEV_590,US,NY,New York,0,NONE,NONE
LIVE_TXN_000330,LIVE_CUST_0093,CARD_3192,ACC_754,2026-10-04T03:25:35.442976,2026-10-04T03:25:35.642976,33.69,USD,PURCHASE,ONLINE,False,False,LIVE_MERCH_0005,Travel,DEV_402,US,CA,Los Angeles,0,NONE,NONE
LIVE_TXN_000331,LIVE_CUST_0030,CARD_5714,ACC_736,2026-10-04T03:25:56.442976,2026-10-04T03:25:56.642976,575.4,USD,PURCHASE,ONLINE,False,False,LIVE_MERCH_0008,Food,DEV_636,US,NY,New York,1,DEVICE_ANOMALY,NEW_DEVICE
LIVE_TXN_000332,LIVE_CUST_0047,CARD_4686,ACC_337,2026-10-04T03:26:21.442976,2026-10-04T03:26:21.642976,1144.02,USD,PURCHASE,ONLINE,False,True,LIVE_MERCH_0007,Travel,DEV_692,US,NY,New York,0,NONE,NONE
LIVE_TXN_000333,LIVE_CUST_0003,CARD_8540,ACC_795,2026-10-04T03:26:37.442976,2026-10-04T03:26:37.642976,18.72,USD,PURCHASE,ONLINE,False,False,LIVE_MERCH_0019,Travel,DEV_391,US,NY,New York,0,NONE,NONE
LIVE_TXN_000334,LIVE_CUST_0014,CARD_6073,ACC_118,2026-10-04T03:27:07.442976,2026-10-04T03:27:07.642976,29.23,USD,PURCHASE,ONLINE,False,False,LIVE_MERCH_0002,Food,DEV_961,US,CA,Los Angeles,0,NONE,NONE
LIVE_TXN_000335,LIVE_CUST_0077,CARD_2718,ACC_316,2026-10-04T03:27:37.442976,2026-10-04T03:27:37.642976,7.59,USD,PURCHASE,ONLINE,False,False,LIVE_MERCH_0019,Travel,DEV_663,US,NY,New York,0,NONE,NONE
LIVE_TXN_000336,LIVE_CUST_0021,CARD_3525,ACC_414,2026-10-04T03:27:52.442976,2026-10-04T03:27:52.642976,6073.95,USD,PURCHASE,ONLINE,False,False,LIVE_MERCH_0012,Retail,DEV_455,US,NY,New York,1,HIGH_AMOUNT,AMOUNT_ANOMALY
LIVE_TXN_000337,LIVE_CUST_0061,CARD_4621,ACC_412,2026-10-04T03:28:20.442976,2026-10-04T03:28:20.642976,18.05,USD,PURCHASE,ONLINE,False,False,LIVE_MERCH_0011,Retail,DEV_818,UK,London,London,0,NONE,NONE
LIVE_TXN_000338,LIVE_CUST_0081,CARD_7555,ACC_163,2026-10-04T03:28:32.442976,2026-10-04T03:28:32.642976,47.76,USD,PURCHASE,ONLINE,False,False,LIVE_MERCH_0019,Travel,DEV_518,UK,London,London,0,NONE,NONE
LIVE_TXN_000339,LIVE_CUST_0036,CARD_6006,ACC_891,2026-10-04T03:28:53.442976,2026-10-04T03:28:53.642976,1114.97,USD,PURCHASE,ONLINE,False,True,LIVE_MERCH_0000,Retail,DEV_135,UK,London,London,0,NONE,NONE
LIVE_TXN_000340,LIVE_CUST_0059,CARD_4555,ACC_830,2026-10-04T03:29:21.442976,2026-10-04T03:29:21.642976,17.78,USD,PURCHASE,ONLINE,False,False,LIVE_MERCH_0017,Food,DEV_203,US,NY,New York,0,NONE,NONE
LIVE_TXN_000341,LIVE_CUST_0021,CARD_5982,ACC_999,2026-10-04T03:29:44.442976,2026-10-04T03:29:44.642976,7.24,USD,PURCHASE,ONLINE,False,False,LIVE_MERCH_0017,Food,DEV_180,UK,London,London,0,NONE,NONE
LIVE_TXN_000342,LIVE_CUST_0062,CARD_7155,ACC_660,2026-10-04T03:30:09.442976,2026-10-04T03:30:09.642976,43.7,USD,PURCHASE,ONLINE,False,False,LIVE_MERCH_0000,Retail,DEV_914,US,NY,New York,0,NONE,NONE
LIVE_TXN_000343,LIVE_CUST_0084,CARD_2547,ACC_212,2026-10-04T03:30:39.442976,2026-10-04T03:30:39.642976,10.73,USD,PURCHASE,ONLINE,False,False,LIVE_MERCH_0017,Food,DEV_212,UK,London,London,0,NONE,NONE
LIVE_TXN_000344,LIVE_CUST_0012,CARD_9943,ACC_855,2026-10-04T03:31:01.442976,2026-10-04T03:31:01.642976,479.33,USD,PURCHASE,ONLINE,False,False,LIVE_MERCH_0000,Retail,DEV_305,UK,London,London,1,MERCHANT_ANOMALY,HIGH_RISK_MERCHANT
LIVE_TXN_000345,LIVE_CUST_0096,CARD_6914,ACC_296,2026-10-04T03:31:15.442976,2026-10-04T03:31:15.642976,49.19,USD,PURCHASE,ONLINE,False,False,LIVE_MERCH_0016,Utilities,DEV_493,UK,London,London,0,NONE,NONE
LIVE_TXN_000346,LIVE_CUST_0012,CARD_9843,ACC_416,2026-10-04T03:31:26.442976,2026-10-04T03:31:26.642976,16.92,USD,PURCHASE,ONLINE,False,False,LIVE_MERCH_0014,Travel,DEV_131,US,NY,New York,0,NONE,NONE
LIVE_TXN_000347,LIVE_CUST_0077,CARD_5193,ACC_135,2026-10-04T03:31:37.442976,2026-10-04T03:31:37.642976,7.11,USD,PURCHASE,ONLINE,False,False,LIVE_MERCH_0017,Food,DEV_666,US,CA,Los Angeles,0,NONE,NONE
LIVE_TXN_000348,LIVE_CUST_0024,CARD_8739,ACC_661,2026-10-04T03:31:57.442976,2026-10-04T03:31:57.642976,38.85,USD,PURCHASE,ONLINE,False,False,LIVE_MERCH_0000,Retail,DEV_612,US,NY,New York,0,NONE,NONE
LIVE_TXN_000349,LIVE_CUST_0015,CARD_4194,ACC_173,2026-10-04T03:32:09.442976,2026-10-04T03:32:09.642976,48.61,USD,PURCHASE,ONLINE,False,False,LIVE_MERCH_0003,Travel,DEV_202,US,CA,Los Angeles,0,NONE,NONE
LIVE_TXN_000350,LIVE_CUST_0015,CARD_9058,ACC_263,2026-10-04T03:32:21.442976,2026-10-04T03:32:21.642976,22.82,USD,PURCHASE,ONLINE,False,False,LIVE_MERCH_0003,Travel,DEV_204,US,CA,Los Angeles,0,NONE,NONE
LIVE_TXN_000351,LIVE_CUST_0083,CARD_7548,ACC_608,2026-10-04T03:32:49.442976,2026-10-04T03:32:49.642976,1206.81,USD,PURCHASE,ONLINE,False,True,LIVE_MERCH_0008,Food,DEV_967,US,CA,Los Angeles,0,NONE,NONE
LIVE_TXN_000352,LIVE_CUST_0046,CARD_6180,ACC_271,2026-10-04T03:33:01.442976,2026-10-04T03:33:01.642976,47.14,USD,PURCHASE,ONLINE,False,False,LIVE_MERCH_0014,Travel,DEV_123,UK,London,London,0,NONE,NONE
LIVE_TXN_000353,LIVE_CUST_0020,CARD_2609,ACC_718,2026-10-04T03:33:17.442976,2026-10-04T03:33:17.642976,861.07,USD,PURCHASE,ONLINE,False,True,LIVE_MERCH_0003,Travel,DEV_611,UK,London,London,0,NONE,NONE
LIVE_TXN_000354,LIVE_CUST_0054,CARD_4568,ACC_594,2026-10-04T03:33:36.442976,2026-10-04T03:33:36.642976,1360.4,USD,PURCHASE,ONLINE,False,True,LIVE_MERCH_0013,Retail,DEV_686,UK,London,London,0,NONE,NONE
LIVE_TXN_000355,LIVE_CUST_0038,CARD_2748,ACC_615,2026-10-04T03:34:02.442976,2026-10-04T03:34:02.642976,1029.72,USD,PURCHASE,ONLINE,False,True,LIVE_MERCH_0007,Travel,DEV_808,US,NY,New York,0,NONE,NONE
LIVE_TXN_000356,LIVE_CUST_0022,CARD_1934,ACC_272,2026-10-04T03:34:18.442976,2026-10-04T03:34:18.642976,515.42,USD,PURCHASE,ONLINE,False,True,LIVE_MERCH_0005,Travel,DEV_882,UK,London,London,0,NONE,NONE
LIVE_TXN_000357,LIVE_CUST_0030,CARD_6032,ACC_207,2026-10-04T03:34:39.442976,2026-10-04T03:34:39.642976,97.27,USD,PURCHASE,ONLINE,False,False,LIVE_MERCH_0000,Retail,DEV_572,UK,London,London,1,VELOCITY,RAPID_SUCCESSION
LIVE_TXN_000358,LIVE_CUST_0024,CARD_4042,ACC_329,2026-10-04T03:34:52.442976,2026-10-04T03:34:52.642976,25.28,USD,PURCHASE,ONLINE,False,False,LIVE_MERCH_0013,Retail,DEV_952,UK,London,London,0,NONE,NONE
LIVE_TXN_000359,LIVE_CUST_0003,CARD_8913,ACC_975,2026-10-04T03:35:18.442976,2026-10-04T03:35:18.642976,41.57,USD,PURCHASE,ONLINE,False,False,LIVE_MERCH_0013,Retail,DEV_696,UK,London,London,0,NONE,NONE
LIVE_TXN_000360,LIVE_CUST_0059,CARD_6983,ACC_896,2026-10-04T03:35:32.442976,2026-10-04T03:35:32.642976,14.96,USD,PURCHASE,ONLINE,False,False,LIVE_MERCH_0009,Food,DEV_677,UK,London,London,0,NONE,NONE
LIVE_TXN_000361,LIVE_CUST_0061,CARD_3798,ACC_409,2026-10-04T03:35:42.442976,2026-10-04T03:35:42.642976,22.22,USD,PURCHASE,ONLINE,False,False,LIVE_MERCH_0013,Retail,DEV_545,UK,London,London,0,NONE,NONE
LIVE_TXN_000362,LIVE_CUST_0089,CARD_6936,ACC_417,2026-10-04T03:36:05.442976,2026-10-04T03:36:05.642976,654.01,USD,PURCHASE,ONLINE,False,True,LIVE_MERCH_0004,Travel,DEV_377,UK,London,London,0,NONE,NONE
LIVE_TXN_000363,LIVE_CUST_0002,CARD_6529,ACC_206,2026-10-04T03:36:18.442976,2026-10-04T03:36:18.642976,14924.53,USD,PURCHASE,ONLINE,False,False,LIVE_MERCH_0011,Retail,DEV_801,US,CA,Los Angeles,1,HIGH_AMOUNT,AMOUNT_ANOMALY
LIVE_TXN_000364,LIVE_CUST_0033,CARD_4640,ACC_715,2026-10-04T03:36:42.442976,2026-10-04T03:36:42.642976,21.75,USD,PURCHASE,ONLINE,False,False,LIVE_MERCH_0011,Retail,DEV_871,US,NY,New York,0,NONE,NONE
LIVE_TXN_000365,LIVE_CUST_0072,CARD_2235,ACC_912,2026-10-04T03:37:07.442976,2026-10-04T03:37:07.642976,37.75,USD,PURCHASE,ONLINE,False,False,LIVE_MERCH_0015,Utilities,DEV_505,UK,London,London,0,NONE,NONE
LIVE_TXN_000366,LIVE_CUST_0079,CARD_4051,ACC_714,2026-10-04T03:37:34.442976,2026-10-04T03:37:34.642976,36.62,USD,PURCHASE,ONLINE,False,False,LIVE_MERCH_0017,Food,DEV_550,UK,London,London,0,NONE,NONE
LIVE_TXN_000367,LIVE_CUST_0059,CARD_2463,ACC_133,2026-10-04T03:37:46.442976,2026-10-04T03:37:46.642976,1011.9,USD,PURCHASE,ONLINE,False,True,LIVE_MERCH_0016,Utilities,DEV_501,UK,London,London,0,NONE,NONE
LIVE_TXN_000368,LIVE_CUST_0056,CARD_7737,ACC_883,2026-10-04T03:38:01.442976,2026-10-04T03:38:01.642976,46.14,USD,PURCHASE,ONLINE,False,False,LIVE_MERCH_0000,Retail,DEV_864,US,NY,New York,0,NONE,NONE
LIVE_TXN_000369,LIVE_CUST_0070,CARD_9615,ACC_873,2026-10-04T03:38:26.442976,2026-10-04T03:38:26.642976,929.21,USD,PURCHASE,ONLINE,False,True,LIVE_MERCH_0009,Food,DEV_490,US,NY,New York,0,NONE,NONE
LIVE_TXN_000370,LIVE_CUST_0036,CARD_8922,ACC_340,2026-10-04T03:38:56.442976,2026-10-04T03:38:56.642976,1290.74,USD,PURCHASE,ONLINE,False,True,LIVE_MERCH_0000,Retail,DEV_733,US,NY,New York,0,NONE,NONE
LIVE_TXN_000371,LIVE_CUST_0039,CARD_3541,ACC_837,2026-10-04T03:39:12.442976,2026-10-04T03:39:12.642976,108.13,USD,PURCHASE,ONLINE,False,False,LIVE_MERCH_0013,Retail,DEV_919,US,CA,Los Angeles,1,VELOCITY,RAPID_SUCCESSION
LIVE_TXN_000372,LIVE_CUST_0071,CARD_1301,ACC_914,2026-10-04T03:39:24.442976,2026-10-04T03:39:24.642976,31.58,USD,PURCHASE,ONLINE,False,False,LIVE_MERCH_0005,Travel,DEV_710,UK,London,London,0,NONE,NONE
LIVE_TXN_000373,LIVE_CUST_0010,CARD_9751,ACC_455,2026-10-04T03:39:39.442976,2026-10-04T03:39:39.642976,41.74,USD,PURCHASE,ONLINE,False,False,LIVE_MERCH_0005,Travel,DEV_664,US,NY,New York,0,NONE,NONE
LIVE_TXN_000374,LIVE_CUST_0079,CARD_7741,ACC_546,2026-10-04T03:39:49.442976,2026-10-04T03:39:49.642976,24.8,USD,PURCHASE,ONLINE,False,False,LIVE_MERCH_0009,Food,DEV_268,UK,London,London,0,NONE,NONE
LIVE_TXN_000375,LIVE_CUST_0060,CARD_5692,ACC_264,2026-10-04T03:40:10.442976,2026-10-04T03:40:10.642976,1149.3,USD,PURCHASE,ONLINE,False,True,LIVE_MERCH_0006,Entertainment,DEV_489,US,NY,New York,0,NONE,NONE
LIVE_TXN_000376,LIVE_CUST_0062,CARD_2282,ACC_348,2026-10-04T03:40:36.442976,2026-10-04T03:40:36.642976,26.55,USD,PURCHASE,ONLINE,False,False,LIVE_MERCH_0009,Food,DEV_856,US,CA,Los Angeles,0,NONE,NONE
LIVE_TXN_000377,LIVE_CUST_0042,CARD_6744,ACC_621,2026-10-04T03:40:54.442976,2026-10-04T03:40:54.642976,23.7,USD,PURCHASE,ONLINE,False,False,LIVE_MERCH_0017,Food,DEV_661,US,NY,New York,0,NONE,NONE
LIVE_TXN_000378,LIVE_CUST_0065,CARD_1547,ACC_800,2026-10-04T03:41:08.442976,2026-10-04T03:41:08.642976,17.11,USD,PURCHASE,ONLINE,False,False,LIVE_MERCH_0003,Travel,DEV_817,UK,London,London,0,NONE,NONE
LIVE_TXN_000379,LIVE_CUST_0097,CARD_1129,ACC_691,2026-10-04T03:41:31.442976,2026-10-04T03:41:31.642976,32.01,USD,PURCHASE,ONLINE,False,False,LIVE_MERCH_0007,Travel,DEV_490,US,CA,Los Angeles,0,NONE,NONE
LIVE_TXN_000380,LIVE_CUST_0036,CARD_3633,ACC_787,2026-10-04T03:41:52.442976,2026-10-04T03:41:52.642976,43.4,USD,PURCHASE,ONLINE,False,False,LIVE_MERCH_0010,Entertainment,DEV_789,US,CA,Los Angeles,0,NONE,NONE
LIVE_TXN_000381,LIVE_CUST_0021,CARD_7746,ACC_468,2026-10-04T03:42:02.442976,2026-10-04T03:42:02.642976,10.55,USD,PURCHASE,ONLINE,False,False,LIVE_MERCH_0009,Food,DEV_468,US,CA,Los Angeles,0,NONE,NONE
LIVE_TXN_000382,LIVE_CUST_0041,CARD_6807,ACC_632,2026-10-04T03:42:13.442976,2026-10-04T03:42:13.642976,48.33,USD,PURCHASE,ONLINE,False,False,LIVE_MERCH_0012,Retail,DEV_914,US,NY,New York,0,NONE,NONE
LIVE_TXN_000383,LIVE_CUST_0007,CARD_3619,ACC_491,2026-10-04T03:42:27.442976,2026-10-04T03:42:27.642976,116.97,USD,PURCHASE,ONLINE,False,False,LIVE_MERCH_0010,Entertainment,DEV_268,UK,London,London,1,VELOCITY,RAPID_SUCCESSION
LIVE_TXN_000384,LIVE_CUST_0068,CARD_1533,ACC_450,2026-10-04T03:42:54.442976,2026-10-04T03:42:54.642976,1353.68,USD,PURCHASE,ONLINE,False,True,LIVE_MERCH_0017,Food,DEV_433,UK,London,London,0,NONE,NONE
LIVE_TXN_000385,LIVE_CUST_0019,CARD_6193,ACC_492,2026-10-04T03:43:19.442976,2026-10-04T03:43:19.642976,48.63,USD,PURCHASE,ONLINE,False,False,LIVE_MERCH_0002,Food,DEV_686,US,NY,New York,0,NONE,NONE
LIVE_TXN_000386,LIVE_CUST_0029,CARD_7700,ACC_463,2026-10-04T03:43:31.442976,2026-10-04T03:43:31.642976,24.15,USD,PURCHASE,ONLINE,False,False,LIVE_MERCH_0001,Retail,DEV_748,UK,London,London,0,NONE,NONE
LIVE_TXN_000387,LIVE_CUST_0030,CARD_5131,ACC_818,2026-10-04T03:43:57.442976,2026-10-04T03:43:57.642976,729.91,USD,PURCHASE,ONLINE,False,True,LIVE_MERCH_0014,Travel,DEV_255,UK,London,London,0,NONE,NONE
LIVE_TXN_000388,LIVE_CUST_0051,CARD_7418,ACC_271,2026-10-04T03:44:16.442976,2026-10-04T03:44:16.642976,222.98,USD,PURCHASE,ONLINE,False,False,LIVE_MERCH_0014,Travel,DEV_293,US,CA,Los Angeles,1,MERCHANT_ANOMALY,HIGH_RISK_MERCHANT
LIVE_TXN_000389,LIVE_CUST_0052,CARD_2924,ACC_839,2026-10-04T03:44:46.442976,2026-10-04T03:44:46.642976,37.39,USD,PURCHASE,ONLINE,False,False,LIVE_MERCH_0012,Retail,DEV_946,US,NY,New York,0,NONE,NONE
LIVE_TXN_000390,LIVE_CUST_0091,CARD_8250,ACC_295,2026-10-04T03:45:06.442976,2026-10-04T03:45:06.642976,1371.46,USD,PURCHASE,ONLINE,False,True,LIVE_MERCH_0016,Utilities,DEV_982,US,CA,Los Angeles,0,NONE,NONE
LIVE_TXN_000391,LIVE_CUST_0008,CARD_4422,ACC_605,2026-10-04T03:45:17.442976,2026-10-04T03:45:17.642976,14.37,USD,PURCHASE,ONLINE,False,False,LIVE_MERCH_0019,Travel,DEV_668,US,NY,New York,0,NONE,NONE
LIVE_TXN_000392,LIVE_CUST_0072,CARD_5334,ACC_102,2026-10-04T03:45:30.442976,2026-10-04T03:45:30.642976,38.95,USD,PURCHASE,ONLINE,False,False,LIVE_MERCH_0001,Retail,DEV_249,US,CA,Los Angeles,0,NONE,NONE
LIVE_TXN_000393,LIVE_CUST_0036,CARD_2045,ACC_163,2026-10-04T03:45:50.442976,2026-10-04T03:45:50.642976,45.31,USD,PURCHASE,ONLINE,False,False,LIVE_MERCH_0017,Food,DEV_855,UK,London,London,0,NONE,NONE
LIVE_TXN_000394,LIVE_CUST_0056,CARD_7978,ACC_497,2026-10-04T03:46:08.442976,2026-10-04T03:46:08.642976,16.21,USD,PURCHASE,ONLINE,False,False,LIVE_MERCH_0018,Entertainment,DEV_142,US,CA,Los Angeles,0,NONE,NONE
LIVE_TXN_000395,LIVE_CUST_0069,CARD_3780,ACC_874,2026-10-04T03:46:37.442976,2026-10-04T03:46:37.642976,38.83,USD,PURCHASE,ONLINE,False,False,LIVE_MERCH_0006,Entertainment,DEV_622,UK,London,London,0,NONE,NONE
LIVE_TXN_000396,LIVE_CUST_0039,CARD_2571,ACC_396,2026-10-04T03:47:02.442976,2026-10-04T03:47:02.642976,610.67,USD,PURCHASE,ONLINE,False,True,LIVE_MERCH_0000,Retail,DEV_297,UK,London,London,0,NONE,NONE
LIVE_TXN_000397,LIVE_CUST_0099,CARD_8637,ACC_327,2026-10-04T03:47:20.442976,2026-10-04T03:47:20.642976,32.54,USD,PURCHASE,ONLINE,False,False,LIVE_MERCH_0010,Entertainment,DEV_199,US,CA,Los Angeles,0,NONE,NONE
LIVE_TXN_000398,LIVE_CUST_0045,CARD_4013,ACC_871,2026-10-04T03:47:44.442976,2026-10-04T03:47:44.642976,1177.58,USD,PURCHASE,ONLINE,False,True,LIVE_MERCH_0010,Entertainment,DEV_560,US,CA,Los Angeles,0,NONE,NONE
LIVE_TXN_000399,LIVE_CUST_0002,CARD_6609,ACC_824,2026-10-04T03:47:58.442976,2026-10-04T03:47:58.642976,44.68,USD,PURCHASE,ONLINE,False,False,LIVE_MERCH_0003,Travel,DEV_311,US,NY,New York,0,NONE,NONE
LIVE_TXN_000400,LIVE_CUST_0069,CARD_3266,ACC_337,2026-10-04T03:48:14.442976,2026-10-04T03:48:14.642976,136.01,USD,PURCHASE,ONLINE,False,False,LIVE_MERCH_0009,Food,DEV_770,UK,London,London,1,VELOCITY,RAPID_SUCCESSION
LIVE_TXN_000401,LIVE_CUST_0040,CARD_1196,ACC_589,2026-10-04T03:48:32.442976,2026-10-04T03:48:32.642976,21.9,USD,PURCHASE,ONLINE,False,False,LIVE_MERCH_0006,Entertainment,DEV_198,UK,London,London,0,NONE,NONE
LIVE_TXN_000402,LIVE_CUST_0099,CARD_4684,ACC_110,2026-10-04T03:48:51.442976,2026-10-04T03:48:51.642976,755.35,USD,PURCHASE,ONLINE,False,True,LIVE_MERCH_0014,Travel,DEV_280,US,CA,Los Angeles,0,NONE,NONE
LIVE_TXN_000403,LIVE_CUST_0098,CARD_4599,ACC_366,2026-10-04T03:49:03.442976,2026-10-04T03:49:03.642976,43.12,USD,PURCHASE,ONLINE,False,False,LIVE_MERCH_0000,Retail,DEV_194,US,CA,Los Angeles,0,NONE,NONE
LIVE_TXN_000404,LIVE_CUST_0007,CARD_2288,ACC_201,2026-10-04T03:49:22.442976,2026-10-04T03:49:22.642976,41.77,USD,PURCHASE,ONLINE,False,False,LIVE_MERCH_0009,Food,DEV_879,US,CA,Los Angeles,0,NONE,NONE
LIVE_TXN_000405,LIVE_CUST_0051,CARD_1319,ACC_282,2026-10-04T03:49:35.442976,2026-10-04T03:49:35.642976,638.94,USD,PURCHASE,ONLINE,False,True,LIVE_MERCH_0015,Utilities,DEV_880,US,NY,New York,0,NONE,NONE
LIVE_TXN_000406,LIVE_CUST_0012,CARD_6521,ACC_103,2026-10-04T03:49:54.442976,2026-10-04T03:49:54.642976,13.45,USD,PURCHASE,ONLINE,False,False,LIVE_MERCH_0011,Retail,DEV_200,US,CA,Los Angeles,0,NONE,NONE
LIVE_TXN_000407,LIVE_CUST_0075,CARD_4200,ACC_942,2026-10-04T03:50:18.442976,2026-10-04T03:50:18.642976,14.6,USD,PURCHASE,ONLINE,False,False,LIVE_MERCH_0008,Food,DEV_430,UK,London,London,0,NONE,NONE
LIVE_TXN_000408,LIVE_CUST_0085,CARD_5819,ACC_888,2026-10-04T03:50:36.442976,2026-10-04T03:50:36.642976,14.44,USD,PURCHASE,ONLINE,False,False,LIVE_MERCH_0003,Travel,DEV_515,US,NY,New York,0,NONE,NONE
LIVE_TXN_000409,LIVE_CUST_0036,CARD_8638,ACC_532,2026-10-04T03:51:00.442976,2026-10-04T03:51:00.642976,1099.13,USD,PURCHASE,ONLINE,False,True,LIVE_MERCH_0017,Food,DEV_952,US,CA,Los Angeles,0,NONE,NONE
LIVE_TXN_000410,LIVE_CUST_0024,CARD_7509,ACC_142,2026-10-04T03:51:24.442976,2026-10-04T03:51:24.642976,18.05,USD,PURCHASE,ONLINE,False,False,LIVE_MERCH_0019,Travel,DEV_615,UK,London,London,0,NONE,NONE
LIVE_TXN_000411,LIVE_CUST_0021,CARD_1993,ACC_211,2026-10-04T03:51:50.442976,2026-10-04T03:51:50.642976,1069.77,USD,PURCHASE,ONLINE,False,True,LIVE_MERCH_0010,Entertainment,DEV_620,US,CA,Los Angeles,0,NONE,NONE
LIVE_TXN_000412,LIVE_CUST_0050,CARD_7865,ACC_574,2026-10-04T03:52:16.442976,2026-10-04T03:52:16.642976,1160.46,USD,PURCHASE,ONLINE,False,True,LIVE_MERCH_0001,Retail,DEV_925,US,NY,New York,0,NONE,NONE
LIVE_TXN_000413,LIVE_CUST_0014,CARD_5683,ACC_890,2026-10-04T03:52:26.442976,2026-10-04T03:52:26.642976,22.91,USD,PURCHASE,ONLINE,False,False,LIVE_MERCH_0002,Food,DEV_261,US,NY,New York,0,NONE,NONE
LIVE_TXN_000414,LIVE_CUST_0086,CARD_6640,ACC_916,2026-10-04T03:52:45.442976,2026-10-04T03:52:45.642976,1605.08,USD,PURCHASE,ONLINE,False,False,LIVE_MERCH_0013,Retail,DEV_280,US,CA,Los Angeles,1,TIME_ANOMALY,MIDNIGHT_PURCHASE
LIVE_TXN_000415,LIVE_CUST_0018,CARD_4004,ACC_939,2026-10-04T03:53:04.442976,2026-10-04T03:53:04.642976,27.55,USD,PURCHASE,ONLINE,False,False,LIVE_MERCH_0012,Retail,DEV_134,UK,London,London,0,NONE,NONE
LIVE_TXN_000416,LIVE_CUST_0011,CARD_4255,ACC_521,2026-10-04T03:53:29.442976,2026-10-04T03:53:29.642976,5.14,USD,PURCHASE,ONLINE,False,False,LIVE_MERCH_0000,Retail,DEV_690,UK,London,London,0,NONE,NONE
LIVE_TXN_000417,LIVE_CUST_0021,CARD_1873,ACC_373,2026-10-04T03:53:59.442976,2026-10-04T03:53:59.642976,5.05,USD,PURCHASE,ONLINE,False,False,LIVE_MERCH_0011,Retail,DEV_578,US,NY,New York,0,NONE,NONE
LIVE_TXN_000418,LIVE_CUST_0089,CARD_8192,ACC_896,2026-10-04T03:54:20.442976,2026-10-04T03:54:20.642976,36.74,USD,PURCHASE,ONLINE,False,False,LIVE_MERCH_0005,Travel,DEV_553,UK,London,London,0,NONE,NONE
LIVE_TXN_000419,LIVE_CUST_0078,CARD_5124,ACC_192,2026-10-04T03:54:39.442976,2026-10-04T03:54:39.642976,30.07,USD,PURCHASE,ONLINE,False,False,LIVE_MERCH_0006,Entertainment,DEV_909,US,NY,New York,0,NONE,NONE
LIVE_TXN_000420,LIVE_CUST_0039,CARD_5036,ACC_401,2026-10-04T03:54:51.442976,2026-10-04T03:54:51.642976,23.41,USD,PURCHASE,ONLINE,False,False,LIVE_MERCH_0002,Food,DEV_180,US,CA,Los Angeles,0,NONE,NONE
LIVE_TXN_000421,LIVE_CUST_0027,CARD_8548,ACC_710,2026-10-04T03:55:03.442976,2026-10-04T03:55:03.642976,22.69,USD,PURCHASE,ONLINE,False,False,LIVE_MERCH_0018,Entertainment,DEV_478,UK,London,London,0,NONE,NONE
LIVE_TXN_000422,LIVE_CUST_0090,CARD_2818,ACC_964,2026-10-04T03:55:24.442976,2026-10-04T03:55:24.642976,24.19,USD,PURCHASE,ONLINE,False,False,LIVE_MERCH_0007,Travel,DEV_912,UK,London,London,0,NONE,NONE
LIVE_TXN_000423,LIVE_CUST_0030,CARD_1904,ACC_191,2026-10-04T03:55:54.442976,2026-10-04T03:55:54.642976,39.02,USD,PURCHASE,ONLINE,False,False,LIVE_MERCH_0015,Utilities,DEV_150,UK,London,London,0,NONE,NONE
LIVE_TXN_000424,LIVE_CUST_0024,CARD_8572,ACC_224,2026-10-04T03:56:11.442976,2026-10-04T03:56:11.642976,47.01,USD,PURCHASE,ONLINE,False,False,LIVE_MERCH_0014,Travel,DEV_670,US,NY,New York,0,NONE,NONE
LIVE_TXN_000425,LIVE_CUST_0035,CARD_1031,ACC_923,2026-10-04T03:56:39.442976,2026-10-04T03:56:39.642976,697.46,USD,PURCHASE,ONLINE,False,False,LIVE_MERCH_0006,Entertainment,DEV_174,UK,London,London,1,DEVICE_ANOMALY,NEW_DEVICE
LIVE_TXN_000426,LIVE_CUST_0071,CARD_7240,ACC_156,2026-10-04T03:57:03.442976,2026-10-04T03:57:03.642976,36.42,USD,PURCHASE,ONLINE,False,False,LIVE_MERCH_0007,Travel,DEV_427,US,NY,New York,0,NONE,NONE
LIVE_TXN_000427,LIVE_CUST_0099,CARD_4463,ACC_514,2026-10-04T03:57:19.442976,2026-10-04T03:57:19.642976,17.96,USD,PURCHASE,ONLINE,False,False,LIVE_MERCH_0017,Food,DEV_488,US,NY,New York,0,NONE,NONE
LIVE_TXN_000428,LIVE_CUST_0085,CARD_8353,ACC_617,2026-10-04T03:57:33.442976,2026-10-04T03:57:33.642976,28.96,USD,PURCHASE,ONLINE,False,False,LIVE_MERCH_0006,Entertainment,DEV_960,UK,London,London,0,NONE,NONE
LIVE_TXN_000429,LIVE_CUST_0000,CARD_9261,ACC_585,2026-10-04T03:57:50.442976,2026-10-04T03:57:50.642976,5.8,USD,PURCHASE,ONLINE,False,False,LIVE_MERCH_0001,Retail,DEV_206,US,NY,New York,0,NONE,NONE
LIVE_TXN_000430,LIVE_CUST_0054,CARD_4355,ACC_188,2026-10-04T03:58:06.442976,2026-10-04T03:58:06.642976,7.29,USD,PURCHASE,ONLINE,False,False,LIVE_MERCH_0019,Travel,DEV_214,US,NY,New York,0,NONE,NONE
LIVE_TXN_000431,LIVE_CUST_0031,CARD_4808,ACC_768,2026-10-04T03:58:30.442976,2026-10-04T03:58:30.642976,32.14,USD,PURCHASE,ONLINE,False,False,LIVE_MERCH_0017,Food,DEV_166,US,CA,Los Angeles,0,NONE,NONE
LIVE_TXN_000432,LIVE_CUST_0024,CARD_6595,ACC_892,2026-10-04T03:58:49.442976,2026-10-04T03:58:49.642976,9930.68,USD,PURCHASE,ONLINE,False,False,LIVE_MERCH_0002,Food,DEV_716,US,NY,New York,1,STRUCTURING,BEHAVIORAL_ANOMALY
LIVE_TXN_000433,LIVE_CUST_0078,CARD_6496,ACC_947,2026-10-04T03:59:16.442976,2026-10-04T03:59:16.642976,14.75,USD,PURCHASE,ONLINE,False,False,LIVE_MERCH_0016,Utilities,DEV_157,US,NY,New York,0,NONE,NONE
LIVE_TXN_000434,LIVE_CUST_0030,CARD_7063,ACC_964,2026-10-04T03:59:28.442976,2026-10-04T03:59:28.642976,967.3,USD,PURCHASE,ONLINE,False,True,LIVE_MERCH_0014,Travel,DEV_732,US,CA,Los Angeles,0,NONE,NONE
LIVE_TXN_000435,LIVE_CUST_0097,CARD_5532,ACC_850,2026-10-04T03:59:46.442976,2026-10-04T03:59:46.642976,687.13,USD,PURCHASE,ONLINE,False,True,LIVE_MERCH_0009,Food,DEV_334,US,NY,New York,0,NONE,NONE
LIVE_TXN_000436,LIVE_CUST_0049,CARD_8705,ACC_212,2026-10-04T04:00:09.442976,2026-10-04T04:00:09.642976,972.98,USD,PURCHASE,ONLINE,False,True,LIVE_MERCH_0015,Utilities,DEV_677,US,CA,Los Angeles,0,NONE,NONE
LIVE_TXN_000437,LIVE_CUST_0055,CARD_5022,ACC_988,2026-10-04T04:00:31.442976,2026-10-04T04:00:31.642976,1149.0,USD,PURCHASE,ONLINE,False,True,LIVE_MERCH_0002,Food,DEV_601,UK,London,London,0,NONE,NONE
LIVE_TXN_000438,LIVE_CUST_0089,CARD_4886,ACC_714,2026-10-04T04:00:51.442976,2026-10-04T04:00:51.642976,1035.6,USD,PURCHASE,ONLINE,False,True,LIVE_MERCH_0011,Retail,DEV_286,UK,London,London,0,NONE,NONE
LIVE_TXN_000439,LIVE_CUST_0056,CARD_7525,ACC_461,2026-10-04T04:01:01.442976,2026-10-04T04:01:01.642976,37.39,USD,PURCHASE,ONLINE,False,False,LIVE_MERCH_0007,Travel,DEV_840,US,NY,New York,0,NONE,NONE
LIVE_TXN_000440,LIVE_CUST_0072,CARD_6690,ACC_287,2026-10-04T04:01:26.442976,2026-10-04T04:01:26.642976,9.56,USD,PURCHASE,ONLINE,False,False,LIVE_MERCH_0014,Travel,DEV_358,US,NY,New York,0,NONE,NONE
LIVE_TXN_000441,LIVE_CUST_0022,CARD_9258,ACC_681,2026-10-04T04:01:36.442976,2026-10-04T04:01:36.642976,44.45,USD,PURCHASE,ONLINE,False,False,LIVE_MERCH_0016,Utilities,DEV_658,US,NY,New York,0,NONE,NONE
LIVE_TXN_000442,LIVE_CUST_0011,CARD_2281,ACC_685,2026-10-04T04:01:55.442976,2026-10-04T04:01:55.642976,1412.07,USD,PURCHASE,ONLINE,False,True,LIVE_MERCH_0008,Food,DEV_552,US,CA,Los Angeles,0,NONE,NONE
LIVE_TXN_000443,LIVE_CUST_0083,CARD_4967,ACC_670,2026-10-04T04:02:23.442976,2026-10-04T04:02:23.642976,929.47,USD,PURCHASE,ONLINE,False,True,LIVE_MERCH_0007,Travel,DEV_727,US,NY,New York,0,NONE,NONE
LIVE_TXN_000444,LIVE_CUST_0004,CARD_2695,ACC_284,2026-10-04T04:02:39.442976,2026-10-04T04:02:39.642976,32.43,USD,PURCHASE,ONLINE,False,False,LIVE_MERCH_0019,Travel,DEV_784,US,CA,Los Angeles,0,NONE,NONE
LIVE_TXN_000445,LIVE_CUST_0011,CARD_7872,ACC_566,2026-10-04T04:03:06.442976,2026-10-04T04:03:06.642976,9915.65,USD,PURCHASE,ONLINE,False,False,LIVE_MERCH_0000,Retail,DEV_333,US,NY,New York,1,STRUCTURING,BEHAVIORAL_ANOMALY
LIVE_TXN_000446,LIVE_CUST_0037,CARD_7113,ACC_561,2026-10-04T04:03:20.442976,2026-10-04T04:03:20.642976,43.2,USD,PURCHASE,ONLINE,False,False,LIVE_MERCH_0011,Retail,DEV_836,US,NY,New York,0,NONE,NONE
LIVE_TXN_000447,LIVE_CUST_0070,CARD_7599,ACC_867,2026-10-04T04:03:31.442976,2026-10-04T04:03:31.642976,11.21,USD,PURCHASE,ONLINE,False,False,LIVE_MERCH_0014,Travel,DEV_811,US,CA,Los Angeles,0,NONE,NONE
LIVE_TXN_000448,LIVE_CUST_0092,CARD_3475,ACC_142,2026-10-04T04:04:01.442976,2026-10-04T04:04:01.642976,35.06,USD,PURCHASE,ONLINE,False,False,LIVE_MERCH_0016,Utilities,DEV_401,UK,London,London,0,NONE,NONE
LIVE_TXN_000449,LIVE_CUST_0059,CARD_4108,ACC_202,2026-10-04T04:04:21.442976,2026-10-04T04:04:21.642976,1293.9,USD,PURCHASE,ONLINE,False,True,LIVE_MERCH_0019,Travel,DEV_757,US,NY,New York,0,NONE,NONE
LIVE_TXN_000450,LIVE_CUST_0090,CARD_5566,ACC_263,2026-10-04T04:04:34.442976,2026-10-04T04:04:34.642976,40.06,USD,PURCHASE,ONLINE,False,False,LIVE_MERCH_0015,Utilities,DEV_738,UK,London,London,0,NONE,NONE
LIVE_TXN_000451,LIVE_CUST_0037,CARD_7954,ACC_997,2026-10-04T04:04:46.442976,2026-10-04T04:04:46.642976,11.3,USD,PURCHASE,ONLINE,False,False,LIVE_MERCH_0001,Retail,DEV_932,US,CA,Los Angeles,0,NONE,NONE
LIVE_TXN_000452,LIVE_CUST_0061,CARD_2049,ACC_609,2026-10-04T04:05:05.442976,2026-10-04T04:05:05.642976,822.5,USD,PURCHASE,ONLINE,False,True,LIVE_MERCH_0008,Food,DEV_968,US,CA,Los Angeles,0,NONE,NONE
LIVE_TXN_000453,LIVE_CUST_0002,CARD_2420,ACC_208,2026-10-04T04:05:22.442976,2026-10-04T04:05:22.642976,41.54,USD,PURCHASE,ONLINE,False,False,LIVE_MERCH_0004,Travel,DEV_620,US,NY,New York,0,NONE,NONE
LIVE_TXN_000454,LIVE_CUST_0038,CARD_3284,ACC_136,2026-10-04T04:05:42.442976,2026-10-04T04:05:42.642976,16.17,USD,PURCHASE,ONLINE,False,False,LIVE_MERCH_0015,Utilities,DEV_280,US,CA,Los Angeles,0,NONE,NONE
LIVE_TXN_000455,LIVE_CUST_0076,CARD_6570,ACC_864,2026-10-04T03:06:07.442976,2026-10-04T03:06:07.642976,2249.6,USD,PURCHASE,ONLINE,False,False,LIVE_MERCH_0009,Food,DEV_803,US,NY,New York,1,TIME_ANOMALY,MIDNIGHT_PURCHASE
LIVE_TXN_000456,LIVE_CUST_0006,CARD_2048,ACC_527,2026-10-04T03:06:32.442976,2026-10-04T03:06:32.642976,19.18,USD,PURCHASE,ONLINE,False,False,LIVE_MERCH_0000,Retail,DEV_196,US,CA,Los Angeles,0,NONE,NONE
LIVE_TXN_000457,LIVE_CUST_0056,CARD_6133,ACC_587,2026-10-04T03:06:49.442976,2026-10-04T03:06:49.642976,914.25,USD,PURCHASE,ONLINE,False,True,LIVE_MERCH_0018,Entertainment,DEV_245,US,CA,Los Angeles,0,NONE,NONE
LIVE_TXN_000458,LIVE_CUST_0050,CARD_7267,ACC_533,2026-10-04T03:07:03.442976,2026-10-04T03:07:03.642976,41.27,USD,PURCHASE,ONLINE,False,False,LIVE_MERCH_0018,Entertainment,DEV_181,US,NY,New York,0,NONE,NONE
LIVE_TXN_000459,LIVE_CUST_0071,CARD_3546,ACC_616,2026-10-04T03:07:29.442976,2026-10-04T03:07:29.642976,10.24,USD,PURCHASE,ONLINE,False,False,LIVE_MERCH_0001,Retail,DEV_954,US,CA,Los Angeles,0,NONE,NONE
LIVE_TXN_000460,LIVE_CUST_0090,CARD_7720,ACC_523,2026-10-04T03:07:47.442976,2026-10-04T03:07:47.642976,25.16,USD,PURCHASE,ONLINE,False,False,LIVE_MERCH_0005,Travel,DEV_607,US,NY,New York,0,NONE,NONE
LIVE_TXN_000461,LIVE_CUST_0062,CARD_4285,ACC_202,2026-10-04T03:08:05.442976,2026-10-04T03:08:05.642976,360.32,USD,PURCHASE,ONLINE,False,False,LIVE_MERCH_0013,Retail,DEV_993,US,CA,Los Angeles,1,MERCHANT_ANOMALY,HIGH_RISK_MERCHANT
LIVE_TXN_000462,LIVE_CUST_0017,CARD_5802,ACC_375,2026-10-04T03:08:35.442976,2026-10-04T03:08:35.642976,786.09,USD,PURCHASE,ONLINE,False,True,LIVE_MERCH_0009,Food,DEV_132,US,NY,New York,0,NONE,NONE
LIVE_TXN_000463,LIVE_CUST_0020,CARD_6193,ACC_869,2026-10-04T03:08:53.442976,2026-10-04T03:08:53.642976,12.51,USD,PURCHASE,ONLINE,False,False,LIVE_MERCH_0000,Retail,DEV_968,UK,London,London,0,NONE,NONE
LIVE_TXN_000464,LIVE_CUST_0061,CARD_8159,ACC_143,2026-10-04T03:09:22.442976,2026-10-04T03:09:22.642976,16.71,USD,PURCHASE,ONLINE,False,False,LIVE_MERCH_0015,Utilities,DEV_171,US,NY,New York,0,NONE,NONE
LIVE_TXN_000465,LIVE_CUST_0046,CARD_6501,ACC_793,2026-10-04T03:09:36.442976,2026-10-04T03:09:36.642976,656.86,USD,PURCHASE,ONLINE,False,True,LIVE_MERCH_0014,Travel,DEV_632,UK,London,London,0,NONE,NONE
LIVE_TXN_000466,LIVE_CUST_0044,CARD_6820,ACC_351,2026-10-04T03:10:05.442976,2026-10-04T03:10:05.642976,7.51,USD,PURCHASE,ONLINE,False,False,LIVE_MERCH_0006,Entertainment,DEV_738,UK,London,London,0,NONE,NONE
LIVE_TXN_000467,LIVE_CUST_0067,CARD_1666,ACC_467,2026-10-04T03:10:20.442976,2026-10-04T03:10:20.642976,15.93,USD,PURCHASE,ONLINE,False,False,LIVE_MERCH_0015,Utilities,DEV_605,US,NY,New York,0,NONE,NONE
LIVE_TXN_000468,LIVE_CUST_0035,CARD_8056,ACC_513,2026-10-04T03:10:36.442976,2026-10-04T03:10:36.642976,634.3,USD,PURCHASE,ONLINE,False,True,LIVE_MERCH_0017,Food,DEV_139,UK,London,London,0,NONE,NONE
LIVE_TXN_000469,LIVE_CUST_0068,CARD_3428,ACC_886,2026-10-04T03:11:00.442976,2026-10-04T03:11:00.642976,8.82,USD,PURCHASE,ONLINE,False,False,LIVE_MERCH_0015,Utilities,DEV_202,UK,London,London,0,NONE,NONE
LIVE_TXN_000470,LIVE_CUST_0041,CARD_8888,ACC_621,2026-10-04T03:11:18.442976,2026-10-04T03:11:18.642976,42.26,USD,PURCHASE,ONLINE,False,False,LIVE_MERCH_0008,Food,DEV_866,US,CA,Los Angeles,0,NONE,NONE
LIVE_TXN_000471,LIVE_CUST_0020,CARD_3628,ACC_424,2026-10-04T03:11:36.442976,2026-10-04T03:11:36.642976,26.94,USD,PURCHASE,ONLINE,False,False,LIVE_MERCH_0017,Food,DEV_846,US,NY,New York,0,NONE,NONE
LIVE_TXN_000472,LIVE_CUST_0027,CARD_1363,ACC_213,2026-10-04T03:12:00.442976,2026-10-04T03:12:00.642976,11.69,USD,PURCHASE,ONLINE,False,False,LIVE_MERCH_0003,Travel,DEV_836,UK,London,London,0,NONE,NONE
LIVE_TXN_000473,LIVE_CUST_0030,CARD_6887,ACC_797,2026-10-04T03:12:29.442976,2026-10-04T03:12:29.642976,16.28,USD,PURCHASE,ONLINE,False,False,LIVE_MERCH_0012,Retail,DEV_239,UK,London,London,0,NONE,NONE
LIVE_TXN_000474,LIVE_CUST_0097,CARD_3577,ACC_554,2026-10-04T03:12:41.442976,2026-10-04T03:12:41.642976,22.55,USD,PURCHASE,ONLINE,False,False,LIVE_MERCH_0017,Food,DEV_415,US,NY,New York,0,NONE,NONE
LIVE_TXN_000475,LIVE_CUST_0090,CARD_3061,ACC_720,2026-10-04T03:13:01.442976,2026-10-04T03:13:01.642976,23.75,USD,PURCHASE,ONLINE,False,False,LIVE_MERCH_0009,Food,DEV_539,US,CA,Los Angeles,0,NONE,NONE
LIVE_TXN_000476,LIVE_CUST_0043,CARD_1497,ACC_201,2026-10-04T03:13:18.442976,2026-10-04T03:13:18.642976,1131.23,USD,PURCHASE,ONLINE,False,True,LIVE_MERCH_0018,Entertainment,DEV_444,US,NY,New York,0,NONE,NONE
LIVE_TXN_000477,LIVE_CUST_0070,CARD_4358,ACC_874,2026-10-04T03:13:37.442976,2026-10-04T03:13:37.642976,100.2,USD,PURCHASE,ONLINE,False,False,LIVE_MERCH_0002,Food,DEV_862,US,NY,New York,1,VELOCITY,RAPID_SUCCESSION
LIVE_TXN_000478,LIVE_CUST_0014,CARD_2977,ACC_281,2026-10-04T03:14:02.442976,2026-10-04T03:14:02.642976,995.32,USD,PURCHASE,ONLINE,False,True,LIVE_MERCH_0019,Travel,DEV_678,UK,London,London,0,NONE,NONE
LIVE_TXN_000479,LIVE_CUST_0019,CARD_5221,ACC_327,2026-10-04T03:14:24.442976,2026-10-04T03:14:24.642976,47.89,USD,PURCHASE,ONLINE,False,False,LIVE_MERCH_0001,Retail,DEV_421,UK,London,London,0,NONE,NONE
LIVE_TXN_000480,LIVE_CUST_0091,CARD_7356,ACC_541,2026-10-04T03:14:41.442976,2026-10-04T03:14:41.642976,870.77,USD,PURCHASE,ONLINE,False,True,LIVE_MERCH_0015,Utilities,DEV_712,US,CA,Los Angeles,0,NONE,NONE
LIVE_TXN_000481,LIVE_CUST_0099,CARD_4748,ACC_609,2026-10-04T03:15:04.442976,2026-10-04T03:15:04.642976,1095.71,USD,PURCHASE,ONLINE,False,True,LIVE_MERCH_0015,Utilities,DEV_230,US,CA,Los Angeles,0,NONE,NONE
LIVE_TXN_000482,LIVE_CUST_0042,CARD_4510,ACC_531,2026-10-04T03:15:25.442976,2026-10-04T03:15:25.642976,7381.09,USD,PURCHASE,ONLINE,False,False,LIVE_MERCH_0017,Food,DEV_431,US,CA,Los Angeles,1,HIGH_AMOUNT,AMOUNT_ANOMALY
LIVE_TXN_000483,LIVE_CUST_0076,CARD_4206,ACC_509,2026-10-04T03:15:50.442976,2026-10-04T03:15:50.642976,22.84,USD,PURCHASE,ONLINE,False,False,LIVE_MERCH_0014,Travel,DEV_734,US,NY,New York,0,NONE,NONE
LIVE_TXN_000484,LIVE_CUST_0066,CARD_4632,ACC_948,2026-10-04T03:16:20.442976,2026-10-04T03:16:20.642976,43.83,USD,PURCHASE,ONLINE,False,False,LIVE_MERCH_0001,Retail,DEV_350,UK,London,London,0,NONE,NONE
LIVE_TXN_000485,LIVE_CUST_0099,CARD_6151,ACC_597,2026-10-04T03:16:45.442976,2026-10-04T03:16:45.642976,43.41,USD,PURCHASE,ONLINE,False,False,LIVE_MERCH_0002,Food,DEV_964,US,NY,New York,0,NONE,NONE
LIVE_TXN_000486,LIVE_CUST_0076,CARD_3457,ACC_361,2026-10-04T03:17:09.442976,2026-10-04T03:17:09.642976,1408.45,USD,PURCHASE,ONLINE,False,True,LIVE_MERCH_0019,Travel,DEV_923,UK,London,London,0,NONE,NONE
LIVE_TXN_000487,LIVE_CUST_0013,CARD_7870,ACC_284,2026-10-04T03:17:28.442976,2026-10-04T03:17:28.642976,46.01,USD,PURCHASE,ONLINE,False,False,LIVE_MERCH_0006,Entertainment,DEV_214,US,NY,New York,0,NONE,NONE
LIVE_TXN_000488,LIVE_CUST_0005,CARD_8600,ACC_237,2026-10-04T03:17:57.442976,2026-10-04T03:17:57.642976,35.55,USD,PURCHASE,ONLINE,False,False,LIVE_MERCH_0017,Food,DEV_220,UK,London,London,0,NONE,NONE
LIVE_TXN_000489,LIVE_CUST_0013,CARD_2069,ACC_277,2026-10-04T03:18:15.442976,2026-10-04T03:18:15.642976,33.41,USD,PURCHASE,ONLINE,False,False,LIVE_MERCH_0014,Travel,DEV_230,UK,London,London,0,NONE,NONE
LIVE_TXN_000490,LIVE_CUST_0098,CARD_8154,ACC_850,2026-10-04T03:18:26.442976,2026-10-04T03:18:26.642976,34.92,USD,PURCHASE,ONLINE,False,False,LIVE_MERCH_0016,Utilities,DEV_666,UK,London,London,0,NONE,NONE
LIVE_TXN_000491,LIVE_CUST_0010,CARD_5844,ACC_799,2026-10-04T03:18:47.442976,2026-10-04T03:18:47.642976,1263.12,USD,PURCHASE,ONLINE,False,True,LIVE_MERCH_0009,Food,DEV_281,US,NY,New York,0,NONE,NONE
LIVE_TXN_000492,LIVE_CUST_0010,CARD_3989,ACC_809,2026-10-04T03:19:10.442976,2026-10-04T03:19:10.642976,7.43,USD,PURCHASE,ONLINE,False,False,LIVE_MERCH_0011,Retail,DEV_654,UK,London,London,0,NONE,NONE
LIVE_TXN_000493,LIVE_CUST_0054,CARD_4222,ACC_571,2026-10-04T03:19:26.442976,2026-10-04T03:19:26.642976,22.9,USD,PURCHASE,ONLINE,False,False,LIVE_MERCH_0008,Food,DEV_595,US,NY,New York,0,NONE,NONE
LIVE_TXN_000494,LIVE_CUST_0029,CARD_8186,ACC_284,2026-10-04T03:19:36.442976,2026-10-04T03:19:36.642976,41.57,USD,PURCHASE,ONLINE,False,False,LIVE_MERCH_0002,Food,DEV_551,UK,London,London,0,NONE,NONE
LIVE_TXN_000495,LIVE_CUST_0079,CARD_5721,ACC_774,2026-10-04T03:20:03.442976,2026-10-04T03:20:03.642976,1195.88,USD,PURCHASE,ONLINE,False,True,LIVE_MERCH_0003,Travel,DEV_914,US,NY,New York,0,NONE,NONE
LIVE_TXN_000496,LIVE_CUST_0040,CARD_1643,ACC_599,2026-10-04T03:20:13.442976,2026-10-04T03:20:13.642976,11.66,USD,PURCHASE,ONLINE,False,False,LIVE_MERCH_0005,Travel,DEV_553,UK,London,London,0,NONE,NONE
LIVE_TXN_000497,LIVE_CUST_0025,CARD_9626,ACC_847,2026-10-04T03:20:32.442976,2026-10-04T03:20:32.642976,31.19,USD,PURCHASE,ONLINE,False,False,LIVE_MERCH_0005,Travel,DEV_325,UK,London,London,0,NONE,NONE
LIVE_TXN_000498,LIVE_CUST_0073,CARD_5788,ACC_258,2026-10-04T03:20:48.442976,2026-10-04T03:20:48.642976,484.25,USD,PURCHASE,ONLINE,False,False,LIVE_MERCH_0016,Utilities,DEV_698,UK,London,London,1,MERCHANT_ANOMALY,HIGH_RISK_MERCHANT
LIVE_TXN_000499,LIVE_CUST_0022,CARD_3783,ACC_305,2026-10-04T03:21:02.442976,2026-10-04T03:21:02.642976,19.34,USD,PURCHASE,ONLINE,False,False,LIVE_MERCH_0013,Retail,DEV_535,US,CA,Los Angeles,0,NONE,NONE
LIVE_TXN_000500,LIVE_CUST_0014,CARD_4286,ACC_173,2026-10-04T03:21:26.442976,2026-10-04T03:21:26.642976,32.08,USD,PURCHASE,ONLINE,False,False,LIVE_MERCH_0015,Utilities,DEV_546,US,NY,New York,0,NONE,NONE
LIVE_TXN_000501,LIVE_CUST_0007,CARD_4435,ACC_381,2026-10-04T03:21:38.442976,2026-10-04T03:21:38.642976,9.25,USD,PURCHASE,ONLINE,False,False,LIVE_MERCH_0012,Retail,DEV_948,US,CA,Los Angeles,0,NONE,NONE
LIVE_TXN_000502,LIVE_CUST_0024,CARD_8524,ACC_899,2026-10-04T03:21:48.442976,2026-10-04T03:21:48.642976,510.38,USD,PURCHASE,ONLINE,False,True,LIVE_MERCH_0010,Entertainment,DEV_753,US,NY,New York,0,NONE,NONE
LIVE_TXN_000503,LIVE_CUST_0006,CARD_9770,ACC_322,2026-10-04T03:22:12.442976,2026-10-04T03:22:12.642976,6.6,USD,PURCHASE,ONLINE,False,False,LIVE_MERCH_0009,Food,DEV_986,US,CA,Los Angeles,0,NONE,NONE
LIVE_TXN_000504,LIVE_CUST_0038,CARD_7088,ACC_112,2026-10-04T03:22:24.442976,2026-10-04T03:22:24.642976,9.63,USD,PURCHASE,ONLINE,False,False,LIVE_MERCH_0005,Travel,DEV_611,US,NY,New York,0,NONE,NONE
LIVE_TXN_000505,LIVE_CUST_0003,CARD_1372,ACC_953,2026-10-04T03:22:52.442976,2026-10-04T03:22:52.642976,15.37,USD,PURCHASE,ONLINE,False,False,LIVE_MERCH_0012,Retail,DEV_942,US,NY,New York,0,NONE,NONE
LIVE_TXN_000506,LIVE_CUST_0006,CARD_2937,ACC_485,2026-10-04T03:23:19.442976,2026-10-04T03:23:19.642976,6.12,USD,PURCHASE,ONLINE,False,False,LIVE_MERCH_0002,Food,DEV_285,UK,London,London,0,NONE,NONE
LIVE_TXN_000507,LIVE_CUST_0016,CARD_7410,ACC_769,2026-10-04T03:23:37.442976,2026-10-04T03:23:37.642976,24.57,USD,PURCHASE,ONLINE,False,False,LIVE_MERCH_0019,Travel,DEV_236,UK,London,London,0,NONE,NONE
LIVE_TXN_000508,LIVE_CUST_0003,CARD_1611,ACC_664,2026-10-04T03:23:53.442976,2026-10-04T03:23:53.642976,487.85,USD,PURCHASE,ONLINE,False,False,LIVE_MERCH_0012,Retail,DEV_650,UK,London,London,1,IMPOSSIBLE_TRAVEL,LOCATION_SPOOF
LIVE_TXN_000509,LIVE_CUST_0011,CARD_9281,ACC_219,2026-10-04T03:24:14.442976,2026-10-04T03:24:14.642976,32.09,USD,PURCHASE,ONLINE,False,False,LIVE_MERCH_0006,Entertainment,DEV_667,US,CA,Los Angeles,0,NONE,NONE
LIVE_TXN_000510,LIVE_CUST_0026,CARD_2261,ACC_295,2026-10-04T03:24:37.442976,2026-10-04T03:24:37.642976,46.8,USD,PURCHASE,ONLINE,False,False,LIVE_MERCH_0010,Entertainment,DEV_407,UK,London,London,0,NONE,NONE
LIVE_TXN_000511,LIVE_CUST_0025,CARD_6813,ACC_304,2026-10-04T03:24:53.442976,2026-10-04T03:24:53.642976,28.25,USD,PURCHASE,ONLINE,False,False,LIVE_MERCH_0017,Food,DEV_339,UK,London,London,0,NONE,NONE
LIVE_TXN_000512,LIVE_CUST_0014,CARD_9318,ACC_739,2026-10-04T03:25:06.442976,2026-10-04T03:25:06.642976,37.31,USD,PURCHASE,ONLINE,False,False,LIVE_MERCH_0005,Travel,DEV_909,US,CA,Los Angeles,0,NONE,NONE
LIVE_TXN_000513,LIVE_CUST_0081,CARD_3221,ACC_458,2026-10-04T03:25:30.442976,2026-10-04T03:25:30.642976,943.72,USD,PURCHASE,ONLINE,False,True,LIVE_MERCH_0005,Travel,DEV_499,US,CA,Los Angeles,0,NONE,NONE
LIVE_TXN_000514,LIVE_CUST_0055,CARD_5153,ACC_699,2026-10-04T03:25:52.442976,2026-10-04T03:25:52.642976,672.67,USD,PURCHASE,ONLINE,False,True,LIVE_MERCH_0008,Food,DEV_955,US,CA,Los Angeles,0,NONE,NONE
LIVE_TXN_000515,LIVE_CUST_0092,CARD_2273,ACC_951,2026-10-04T03:26:06.442976,2026-10-04T03:26:06.642976,210.97,USD,PURCHASE,ONLINE,False,False,LIVE_MERCH_0009,Food,DEV_754,US,NY,New York,1,MERCHANT_ANOMALY,HIGH_RISK_MERCHANT
LIVE_TXN_000516,LIVE_CUST_0049,CARD_3231,ACC_743,2026-10-04T03:26:24.442976,2026-10-04T03:26:24.642976,45.76,USD,PURCHASE,ONLINE,False,False,LIVE_MERCH_0012,Retail,DEV_482,UK,London,London,0,NONE,NONE
LIVE_TXN_000517,LIVE_CUST_0088,CARD_8755,ACC_492,2026-10-04T03:26:34.442976,2026-10-04T03:26:34.642976,1495.67,USD,PURCHASE,ONLINE,False,True,LIVE_MERCH_0004,Travel,DEV_536,US,CA,Los Angeles,0,NONE,NONE
LIVE_TXN_000518,LIVE_CUST_0038,CARD_1393,ACC_241,2026-10-04T03:26:51.442976,2026-10-04T03:26:51.642976,1004.08,USD,PURCHASE,ONLINE,False,True,LIVE_MERCH_0004,Travel,DEV_120,US,NY,New York,0,NONE,NONE
LIVE_TXN_000519,LIVE_CUST_0063,CARD_3418,ACC_104,2026-10-04T03:27:15.442976,2026-10-04T03:27:15.642976,9.54,USD,PURCHASE,ONLINE,False,False,LIVE_MERCH_0003,Travel,DEV_280,US,CA,Los Angeles,0,NONE,NONE
LIVE_TXN_000520,LIVE_CUST_0002,CARD_9477,ACC_654,2026-10-04T03:27:41.442976,2026-10-04T03:27:41.642976,5.47,USD,PURCHASE,ONLINE,False,False,LIVE_MERCH_0001,Retail,DEV_899,US,CA,Los Angeles,0,NONE,NONE
LIVE_TXN_000521,LIVE_CUST_0077,CARD_2925,ACC_687,2026-10-04T03:28:05.442976,2026-10-04T03:28:05.642976,22.59,USD,PURCHASE,ONLINE,False,False,LIVE_MERCH_0014,Travel,DEV_797,US,NY,New York,0,NONE,NONE
LIVE_TXN_000522,LIVE_CUST_0003,CARD_9223,ACC_270,2026-10-04T03:28:16.442976,2026-10-04T03:28:16.642976,1320.18,USD,PURCHASE,ONLINE,False,True,LIVE_MERCH_0007,Travel,DEV_536,US,NY,New York,0,NONE,NONE
LIVE_TXN_000523,LIVE_CUST_0056,CARD_4409,ACC_970,2026-10-04T03:28:43.442976,2026-10-04T03:28:43.642976,14.42,USD,PURCHASE,ONLINE,False,False,LIVE_MERCH_0012,Retail,DEV_245,US,NY,New York,0,NONE,NONE
LIVE_TXN_000524,LIVE_CUST_0058,CARD_4674,ACC_650,2026-10-04T03:29:07.442976,2026-10-04T03:29:07.642976,967.66,USD,PURCHASE,ONLINE,False,True,LIVE_MERCH_0010,Entertainment,DEV_754,US,CA,Los Angeles,0,NONE,NONE
LIVE_TXN_000525,LIVE_CUST_0035,CARD_7563,ACC_451,2026-10-04T03:29:17.442976,2026-10-04T03:29:17.642976,7.86,USD,PURCHASE,ONLINE,False,False,LIVE_MERCH_0014,Travel,DEV_525,US,NY,New York,0,NONE,NONE
LIVE_TXN_000526,LIVE_CUST_0058,CARD_1730,ACC_654,2026-10-04T03:29:41.442976,2026-10-04T03:29:41.642976,34.83,USD,PURCHASE,ONLINE,False,False,LIVE_MERCH_0019,Travel,DEV_789,US,CA,Los Angeles,0,NONE,NONE
LIVE_TXN_000527,LIVE_CUST_0043,CARD_2699,ACC_628,2026-10-04T03:30:06.442976,2026-10-04T03:30:06.642976,14781.42,USD,PURCHASE,ONLINE,False,False,LIVE_MERCH_0017,Food,DEV_681,UK,London,London,1,HIGH_AMOUNT,AMOUNT_ANOMALY
LIVE_TXN_000528,LIVE_CUST_0084,CARD_1931,ACC_561,2026-10-04T03:30:29.442976,2026-10-04T03:30:29.642976,150.71,USD,PURCHASE,ONLINE,False,False,LIVE_MERCH_0001,Retail,DEV_586,US,CA,Los Angeles,1,MERCHANT_ANOMALY,HIGH_RISK_MERCHANT
LIVE_TXN_000529,LIVE_CUST_0079,CARD_4113,ACC_314,2026-10-04T03:30:42.442976,2026-10-04T03:30:42.642976,37.71,USD,PURCHASE,ONLINE,False,False,LIVE_MERCH_0001,Retail,DEV_465,US,NY,New York,0,NONE,NONE
LIVE_TXN_000530,LIVE_CUST_0038,CARD_1221,ACC_700,2026-10-04T03:31:10.442976,2026-10-04T03:31:10.642976,7.65,USD,PURCHASE,ONLINE,False,False,LIVE_MERCH_0016,Utilities,DEV_592,US,CA,Los Angeles,0,NONE,NONE
LIVE_TXN_000531,LIVE_CUST_0040,CARD_1614,ACC_328,2026-10-04T03:31:33.442976,2026-10-04T03:31:33.642976,25.6,USD,PURCHASE,ONLINE,False,False,LIVE_MERCH_0011,Retail,DEV_704,UK,London,London,0,NONE,NONE
LIVE_TXN_000532,LIVE_CUST_0044,CARD_1386,ACC_644,2026-10-04T03:31:58.442976,2026-10-04T03:31:58.642976,21.9,USD,PURCHASE,ONLINE,False,False,LIVE_MERCH_0007,Travel,DEV_908,UK,London,London,0,NONE,NONE
LIVE_TXN_000533,LIVE_CUST_0045,CARD_8838,ACC_491,2026-10-04T03:32:22.442976,2026-10-04T03:32:22.642976,891.84,USD,PURCHASE,ONLINE,False,True,LIVE_MERCH_0004,Travel,DEV_198,UK,London,London,0,NONE,NONE
LIVE_TXN_000534,LIVE_CUST_0009,CARD_6874,ACC_593,2026-10-04T03:32:35.442976,2026-10-04T03:32:35.642976,540.88,USD,PURCHASE,ONLINE,False,True,LIVE_MERCH_0011,Retail,DEV_893,US,NY,New York,0,NONE,NONE
LIVE_TXN_000535,LIVE_CUST_0043,CARD_7587,ACC_175,2026-10-04T03:32:50.442976,2026-10-04T03:32:50.642976,25.98,USD,PURCHASE,ONLINE,False,False,LIVE_MERCH_0013,Retail,DEV_558,US,CA,Los Angeles,0,NONE,NONE
LIVE_TXN_000536,LIVE_CUST_0063,CARD_3342,ACC_625,2026-10-04T03:33:12.442976,2026-10-04T03:33:12.642976,562.02,USD,PURCHASE,ONLINE,False,True,LIVE_MERCH_0011,Retail,DEV_579,US,CA,Los Angeles,0,NONE,NONE
LIVE_TXN_000537,LIVE_CUST_0014,CARD_5585,ACC_793,2026-10-04T03:33:42.442976,2026-10-04T03:33:42.642976,46.91,USD,PURCHASE,ONLINE,False,False,LIVE_MERCH_0001,Retail,DEV_684,US,CA,Los Angeles,0,NONE,NONE
LIVE_TXN_000538,LIVE_CUST_0065,CARD_9715,ACC_928,2026-10-04T03:34:03.442976,2026-10-04T03:34:03.642976,5.55,USD,PURCHASE,ONLINE,False,False,LIVE_MERCH_0007,Travel,DEV_542,UK,London,London,0,NONE,NONE
LIVE_TXN_000539,LIVE_CUST_0079,CARD_7758,ACC_976,2026-10-04T03:34:15.442976,2026-10-04T03:34:15.642976,40.61,USD,PURCHASE,ONLINE,False,False,LIVE_MERCH_0001,Retail,DEV_729,US,NY,New York,0,NONE,NONE
LIVE_TXN_000540,LIVE_CUST_0083,CARD_1824,ACC_833,2026-10-04T03:34:29.442976,2026-10-04T03:34:29.642976,1019.7,USD,PURCHASE,ONLINE,False,True,LIVE_MERCH_0007,Travel,DEV_554,UK,London,London,0,NONE,NONE
LIVE_TXN_000541,LIVE_CUST_0091,CARD_3176,ACC_163,2026-10-04T03:34:43.442976,2026-10-04T03:34:43.642976,22.96,USD,PURCHASE,ONLINE,False,False,LIVE_MERCH_0010,Entertainment,DEV_159,US,CA,Los Angeles,0,NONE,NONE
LIVE_TXN_000542,LIVE_CUST_0093,CARD_9994,ACC_564,2026-10-04T03:35:12.442976,2026-10-04T03:35:12.642976,651.74,USD,PURCHASE,ONLINE,False,False,LIVE_MERCH_0009,Food,DEV_437,US,NY,New York,1,DEVICE_ANOMALY,NEW_DEVICE
LIVE_TXN_000543,LIVE_CUST_0079,CARD_5762,ACC_664,2026-10-04T03:35:34.442976,2026-10-04T03:35:34.642976,1031.87,USD,PURCHASE,ONLINE,False,True,LIVE_MERCH_0005,Travel,DEV_243,US,CA,Los Angeles,0,NONE,NONE
LIVE_TXN_000544,LIVE_CUST_0087,CARD_4057,ACC_997,2026-10-04T03:36:03.442976,2026-10-04T03:36:03.642976,5.35,USD,PURCHASE,ONLINE,False,False,LIVE_MERCH_0006,Entertainment,DEV_690,US,NY,New York,0,NONE,NONE
LIVE_TXN_000545,LIVE_CUST_0050,CARD_8347,ACC_270,2026-10-04T03:36:32.442976,2026-10-04T03:36:32.642976,11.0,USD,PURCHASE,ONLINE,False,False,LIVE_MERCH_0013,Retail,DEV_687,US,NY,New York,0,NONE,NONE
LIVE_TXN_000546,LIVE_CUST_0035,CARD_6156,ACC_782,2026-10-04T03:36:42.442976,2026-10-04T03:36:42.642976,77.63,USD,PURCHASE,ONLINE,False,False,LIVE_MERCH_0007,Travel,DEV_702,US,CA,Los Angeles,1,VELOCITY,RAPID_SUCCESSION
LIVE_TXN_000547,LIVE_CUST_0053,CARD_8233,ACC_265,2026-10-04T03:36:55.442976,2026-10-04T03:36:55.642976,32.02,USD,PURCHASE,ONLINE,False,False,LIVE_MERCH_0001,Retail,DEV_379,US,CA,Los Angeles,0,NONE,NONE
LIVE_TXN_000548,LIVE_CUST_0025,CARD_6081,ACC_677,2026-10-04T03:37:15.442976,2026-10-04T03:37:15.642976,44.35,USD,PURCHASE,ONLINE,False,False,LIVE_MERCH_0014,Travel,DEV_713,US,CA,Los Angeles,0,NONE,NONE
LIVE_TXN_000549,LIVE_CUST_0024,CARD_6548,ACC_369,2026-10-04T03:37:29.442976,2026-10-04T03:37:29.642976,10.57,USD,PURCHASE,ONLINE,False,False,LIVE_MERCH_0013,Retail,DEV_509,US,NY,New York,0,NONE,NONE
LIVE_TXN_000550,LIVE_CUST_0034,CARD_3090,ACC_636,2026-10-04T03:37:46.442976,2026-10-04T03:37:46.642976,42.26,USD,PURCHASE,ONLINE,False,False,LIVE_MERCH_0013,Retail,DEV_291,US,NY,New York,0,NONE,NONE
LIVE_TXN_000551,LIVE_CUST_0034,CARD_9440,ACC_299,2026-10-04T03:38:00.442976,2026-10-04T03:38:00.642976,1361.09,USD,PURCHASE,ONLINE,False,True,LIVE_MERCH_0012,Retail,DEV_839,UK,London,London,0,NONE,NONE
LIVE_TXN_000552,LIVE_CUST_0085,CARD_6348,ACC_323,2026-10-04T03:38:30.442976,2026-10-04T03:38:30.642976,32.51,USD,PURCHASE,ONLINE,False,False,LIVE_MERCH_0002,Food,DEV_551,US,CA,Los Angeles,0,NONE,NONE
LIVE_TXN_000553,LIVE_CUST_0019,CARD_2846,ACC_837,2026-10-04T03:38:46.442976,2026-10-04T03:38:46.642976,29.71,USD,PURCHASE,ONLINE,False,False,LIVE_MERCH_0003,Travel,DEV_125,US,CA,Los Angeles,0,NONE,NONE
LIVE_TXN_000554,LIVE_CUST_0056,CARD_2983,ACC_146,2026-10-04T03:39:14.442976,2026-10-04T03:39:14.642976,23.52,USD,PURCHASE,ONLINE,False,False,LIVE_MERCH_0000,Retail,DEV_537,US,NY,New York,0,NONE,NONE
LIVE_TXN_000555,LIVE_CUST_0073,CARD_3518,ACC_711,2026-10-04T03:39:41.442976,2026-10-04T03:39:41.642976,941.25,USD,PURCHASE,ONLINE,False,True,LIVE_MERCH_0013,Retail,DEV_442,UK,London,London,0,NONE,NONE
LIVE_TXN_000556,LIVE_CUST_0018,CARD_2382,ACC_798,2026-10-04T03:40:07.442976,2026-10-04T03:40:07.642976,16.36,USD,PURCHASE,ONLINE,False,False,LIVE_MERCH_0002,Food,DEV_482,US,CA,Los Angeles,0,NONE,NONE
LIVE_TXN_000557,LIVE_CUST_0008,CARD_3403,ACC_669,2026-10-04T03:40:20.442976,2026-10-04T03:40:20.642976,40.2,USD,PURCHASE,ONLINE,False,False,LIVE_MERCH_0001,Retail,DEV_927,US,CA,Los Angeles,0,NONE,NONE
LIVE_TXN_000558,LIVE_CUST_0088,CARD_7893,ACC_595,2026-10-04T03:40:33.442976,2026-10-04T03:40:33.642976,43.19,USD,PURCHASE,ONLINE,False,False,LIVE_MERCH_0019,Travel,DEV_793,US,NY,New York,0,NONE,NONE
LIVE_TXN_000559,LIVE_CUST_0066,CARD_7449,ACC_424,2026-10-04T03:40:54.442976,2026-10-04T03:40:54.642976,633.92,USD,PURCHASE,ONLINE,False,True,LIVE_MERCH_0016,Utilities,DEV_856,UK,London,London,0,NONE,NONE
LIVE_TXN_000560,LIVE_CUST_0068,CARD_3876,ACC_153,2026-10-04T03:41:12.442976,2026-10-04T03:41:12.642976,9934.87,USD,PURCHASE,ONLINE,False,False,LIVE_MERCH_0007,Travel,DEV_866,UK,London,London,1,STRUCTURING,BEHAVIORAL_ANOMALY
LIVE_TXN_000561,LIVE_CUST_0096,CARD_2474,ACC_852,2026-10-04T03:41:34.442976,2026-10-04T03:41:34.642976,13.96,USD,PURCHASE,ONLINE,False,False,LIVE_MERCH_0007,Travel,DEV_254,US,NY,New York,0,NONE,NONE
LIVE_TXN_000562,LIVE_CUST_0042,CARD_5186,ACC_505,2026-10-04T03:41:44.442976,2026-10-04T03:41:44.642976,33.14,USD,PURCHASE,ONLINE,False,False,LIVE_MERCH_0008,Food,DEV_520,UK,London,London,0,NONE,NONE
LIVE_TXN_000563,LIVE_CUST_0070,CARD_8355,ACC_378,2026-10-04T03:41:54.442976,2026-10-04T03:41:54.642976,20.33,USD,PURCHASE,ONLINE,False,False,LIVE_MERCH_0000,Retail,DEV_156,US,NY,New York,0,NONE,NONE
LIVE_TXN_000564,LIVE_CUST_0036,CARD_9834,ACC_222,2026-10-04T03:42:09.442976,2026-10-04T03:42:09.642976,49.74,USD,PURCHASE,ONLINE,False,False,LIVE_MERCH_0008,Food,DEV_659,UK,London,London,0,NONE,NONE
LIVE_TXN_000565,LIVE_CUST_0005,CARD_1509,ACC_527,2026-10-04T03:42:29.442976,2026-10-04T03:42:29.642976,1257.27,USD,PURCHASE,ONLINE,False,True,LIVE_MERCH_0007,Travel,DEV_452,US,CA,Los Angeles,0,NONE,NONE
LIVE_TXN_000566,LIVE_CUST_0038,CARD_7379,ACC_860,2026-10-04T03:42:56.442976,2026-10-04T03:42:56.642976,41.09,USD,PURCHASE,ONLINE,False,False,LIVE_MERCH_0019,Travel,DEV_447,UK,London,London,0,NONE,NONE
LIVE_TXN_000567,LIVE_CUST_0021,CARD_1482,ACC_541,2026-10-04T03:43:18.442976,2026-10-04T03:43:18.642976,1006.78,USD,PURCHASE,ONLINE,False,True,LIVE_MERCH_0009,Food,DEV_579,UK,London,London,0,NONE,NONE
LIVE_TXN_000568,LIVE_CUST_0056,CARD_6840,ACC_946,2026-10-04T03:43:35.442976,2026-10-04T03:43:35.642976,38.43,USD,PURCHASE,ONLINE,False,False,LIVE_MERCH_0001,Retail,DEV_730,US,CA,Los Angeles,0,NONE,NONE
LIVE_TXN_000569,LIVE_CUST_0012,CARD_1330,ACC_772,2026-10-04T03:43:50.442976,2026-10-04T03:43:50.642976,21.99,USD,PURCHASE,ONLINE,False,False,LIVE_MERCH_0000,Retail,DEV_216,UK,London,London,0,NONE,NONE
LIVE_TXN_000570,LIVE_CUST_0032,CARD_1369,ACC_836,2026-10-04T03:44:02.442976,2026-10-04T03:44:02.642976,23.36,USD,PURCHASE,ONLINE,False,False,LIVE_MERCH_0001,Retail,DEV_636,US,NY,New York,0,NONE,NONE
LIVE_TXN_000571,LIVE_CUST_0090,CARD_3710,ACC_598,2026-10-04T03:44:29.442976,2026-10-04T03:44:29.642976,1119.11,USD,PURCHASE,ONLINE,False,True,LIVE_MERCH_0005,Travel,DEV_192,US,NY,New York,0,NONE,NONE
LIVE_TXN_000572,LIVE_CUST_0025,CARD_7827,ACC_858,2026-10-04T03:44:58.442976,2026-10-04T03:44:58.642976,23.7,USD,PURCHASE,ONLINE,False,False,LIVE_MERCH_0002,Food,DEV_170,UK,London,London,0,NONE,NONE
LIVE_TXN_000573,LIVE_CUST_0080,CARD_5043,ACC_851,2026-10-04T03:45:26.442976,2026-10-04T03:45:26.642976,45.23,USD,PURCHASE,ONLINE,False,False,LIVE_MERCH_0011,Retail,DEV_558,US,CA,Los Angeles,0,NONE,NONE
LIVE_TXN_000574,LIVE_CUST_0061,CARD_3335,ACC_843,2026-10-04T03:45:48.442976,2026-10-04T03:45:48.642976,24.66,USD,PURCHASE,ONLINE,False,False,LIVE_MERCH_0011,Retail,DEV_532,UK,London,London,0,NONE,NONE
LIVE_TXN_000575,LIVE_CUST_0074,CARD_2031,ACC_628,2026-10-04T03:46:02.442976,2026-10-04T03:46:02.642976,547.41,USD,PURCHASE,ONLINE,False,True,LIVE_MERCH_0016,Utilities,DEV_718,US,CA,Los Angeles,0,NONE,NONE
LIVE_TXN_000576,LIVE_CUST_0033,CARD_8657,ACC_590,2026-10-04T03:46:14.442976,2026-10-04T03:46:14.642976,1296.8,USD,PURCHASE,ONLINE,False,True,LIVE_MERCH_0005,Travel,DEV_811,US,NY,New York,0,NONE,NONE
LIVE_TXN_000577,LIVE_CUST_0050,CARD_6383,ACC_958,2026-10-04T03:46:43.442976,2026-10-04T03:46:43.642976,43.92,USD,PURCHASE,ONLINE,False,False,LIVE_MERCH_0011,Retail,DEV_339,US,CA,Los Angeles,0,NONE,NONE
LIVE_TXN_000578,LIVE_CUST_0097,CARD_2340,ACC_245,2026-10-04T03:47:04.442976,2026-10-04T03:47:04.642976,545.69,USD,PURCHASE,ONLINE,False,False,LIVE_MERCH_0004,Travel,DEV_834,US,NY,New York,1,DEVICE_ANOMALY,NEW_DEVICE
LIVE_TXN_000579,LIVE_CUST_0009,CARD_3574,ACC_606,2026-10-04T03:47:24.442976,2026-10-04T03:47:24.642976,47.84,USD,PURCHASE,ONLINE,False,False,LIVE_MERCH_0019,Travel,DEV_186,US,CA,Los Angeles,0,NONE,NONE
LIVE_TXN_000580,LIVE_CUST_0037,CARD_4098,ACC_717,2026-10-04T03:47:35.442976,2026-10-04T03:47:35.642976,20.61,USD,PURCHASE,ONLINE,False,False,LIVE_MERCH_0008,Food,DEV_593,US,NY,New York,0,NONE,NONE
LIVE_TXN_000581,LIVE_CUST_0052,CARD_5821,ACC_482,2026-10-04T03:47:54.442976,2026-10-04T03:47:54.642976,8.32,USD,PURCHASE,ONLINE,False,False,LIVE_MERCH_0000,Retail,DEV_635,US,CA,Los Angeles,0,NONE,NONE
LIVE_TXN_000582,LIVE_CUST_0020,CARD_6466,ACC_641,2026-10-04T03:48:23.442976,2026-10-04T03:48:23.642976,19.91,USD,PURCHASE,ONLINE,False,False,LIVE_MERCH_0003,Travel,DEV_157,UK,London,London,0,NONE,NONE
LIVE_TXN_000583,LIVE_CUST_0021,CARD_8546,ACC_469,2026-10-04T03:48:37.442976,2026-10-04T03:48:37.642976,15.64,USD,PURCHASE,ONLINE,False,False,LIVE_MERCH_0012,Retail,DEV_341,US,NY,New York,0,NONE,NONE
LIVE_TXN_000584,LIVE_CUST_0015,CARD_5126,ACC_573,2026-10-04T03:48:49.442976,2026-10-04T03:48:49.642976,30.96,USD,PURCHASE,ONLINE,False,False,LIVE_MERCH_0011,Retail,DEV_250,UK,London,London,0,NONE,NONE
LIVE_TXN_000585,LIVE_CUST_0044,CARD_5950,ACC_817,2026-10-04T03:49:06.442976,2026-10-04T03:49:06.642976,1175.16,USD,PURCHASE,ONLINE,False,True,LIVE_MERCH_0002,Food,DEV_921,US,CA,Los Angeles,0,NONE,NONE
LIVE_TXN_000586,LIVE_CUST_0064,CARD_7717,ACC_446,2026-10-04T03:49:32.442976,2026-10-04T03:49:32.642976,12.49,USD,PURCHASE,ONLINE,False,False,LIVE_MERCH_0001,Retail,DEV_515,UK,London,London,0,NONE,NONE
LIVE_TXN_000587,LIVE_CUST_0024,CARD_8436,ACC_541,2026-10-04T03:49:56.442976,2026-10-04T03:49:56.642976,23.88,USD,PURCHASE,ONLINE,False,False,LIVE_MERCH_0005,Travel,DEV_788,US,NY,New York,0,NONE,NONE
LIVE_TXN_000588,LIVE_CUST_0073,CARD_9543,ACC_782,2026-10-04T03:50:22.442976,2026-10-04T03:50:22.642976,48.25,USD,PURCHASE,ONLINE,False,False,LIVE_MERCH_0003,Travel,DEV_564,US,CA,Los Angeles,0,NONE,NONE
LIVE_TXN_000589,LIVE_CUST_0034,CARD_8495,ACC_148,2026-10-04T03:50:36.442976,2026-10-04T03:50:36.642976,567.62,USD,PURCHASE,ONLINE,False,True,LIVE_MERCH_0014,Travel,DEV_424,US,CA,Los Angeles,0,NONE,NONE
LIVE_TXN_000590,LIVE_CUST_0050,CARD_5679,ACC_192,2026-10-04T03:50:54.442976,2026-10-04T03:50:54.642976,1045.42,USD,PURCHASE,ONLINE,False,True,LIVE_MERCH_0017,Food,DEV_321,US,CA,Los Angeles,0,NONE,NONE
LIVE_TXN_000591,LIVE_CUST_0097,CARD_4800,ACC_618,2026-10-04T03:51:07.442976,2026-10-04T03:51:07.642976,863.17,USD,PURCHASE,ONLINE,False,False,LIVE_MERCH_0012,Retail,DEV_623,US,NY,New York,1,DEVICE_ANOMALY,NEW_DEVICE
LIVE_TXN_000592,LIVE_CUST_0048,CARD_6690,ACC_845,2026-10-04T03:51:27.442976,2026-10-04T03:51:27.642976,32.66,USD,PURCHASE,ONLINE,False,False,LIVE_MERCH_0007,Travel,DEV_173,US,CA,Los Angeles,0,NONE,NONE
LIVE_TXN_000593,LIVE_CUST_0000,CARD_6904,ACC_341,2026-10-04T03:51:52.442976,2026-10-04T03:51:52.642976,16.12,USD,PURCHASE,ONLINE,False,False,LIVE_MERCH_0009,Food,DEV_661,UK,London,London,0,NONE,NONE
LIVE_TXN_000594,LIVE_CUST_0051,CARD_2893,ACC_661,2026-10-04T03:52:21.442976,2026-10-04T03:52:21.642976,17.4,USD,PURCHASE,ONLINE,False,False,LIVE_MERCH_0014,Travel,DEV_729,UK,London,London,0,NONE,NONE
LIVE_TXN_000595,LIVE_CUST_0095,CARD_1154,ACC_391,2026-10-04T03:52:40.442976,2026-10-04T03:52:40.642976,706.35,USD,PURCHASE,ONLINE,False,True,LIVE_MERCH_0003,Travel,DEV_520,US,CA,Los Angeles,0,NONE,NONE
LIVE_TXN_000596,LIVE_CUST_0032,CARD_6559,ACC_576,2026-10-04T03:52:56.442976,2026-10-04T03:52:56.642976,769.0,USD,PURCHASE,ONLINE,False,True,LIVE_MERCH_0006,Entertainment,DEV_166,US,NY,New York,0,NONE,NONE
LIVE_TXN_000597,LIVE_CUST_0046,CARD_2115,ACC_450,2026-10-04T03:53:19.442976,2026-10-04T03:53:19.642976,723.91,USD,PURCHASE,ONLINE,False,False,LIVE_MERCH_0005,Travel,DEV_170,US,NY,New York,1,IMPOSSIBLE_TRAVEL,LOCATION_SPOOF
LIVE_TXN_000598,LIVE_CUST_0053,CARD_1641,ACC_732,2026-10-04T03:53:42.442976,2026-10-04T03:53:42.642976,36.65,USD,PURCHASE,ONLINE,False,False,LIVE_MERCH_0007,Travel,DEV_650,UK,London,London,0,NONE,NONE
LIVE_TXN_000599,LIVE_CUST_0060,CARD_6954,ACC_425,2026-10-04T03:53:59.442976,2026-10-04T03:53:59.642976,9.38,USD,PURCHASE,ONLINE,False,False,LIVE_MERCH_0013,Retail,DEV_622,US,CA,Los Angeles,0,NONE,NONE
LIVE_TXN_000600,LIVE_CUST_0061,CARD_5463,ACC_279,2026-10-04T03:54:18.442976,2026-10-04T03:54:18.642976,48.75,USD,PURCHASE,ONLINE,False,False,LIVE_MERCH_0019,Travel,DEV_794,UK,London,London,0,NONE,NONE
LIVE_TXN_000601,LIVE_CUST_0016,CARD_1683,ACC_492,2026-10-04T03:54:36.442976,2026-10-04T03:54:36.642976,45.79,USD,PURCHASE,ONLINE,False,False,LIVE_MERCH_0002,Food,DEV_960,US,CA,Los Angeles,0,NONE,NONE
LIVE_TXN_000602,LIVE_CUST_0038,CARD_6807,ACC_860,2026-10-04T03:54:49.442976,2026-10-04T03:54:49.642976,20.36,USD,PURCHASE,ONLINE,False,False,LIVE_MERCH_0019,Travel,DEV_920,UK,London,London,0,NONE,NONE
LIVE_TXN_000603,LIVE_CUST_0070,CARD_8658,ACC_897,2026-10-04T03:55:10.442976,2026-10-04T03:55:10.642976,32.25,USD,PURCHASE,ONLINE,False,False,LIVE_MERCH_0011,Retail,DEV_171,US,CA,Los Angeles,0,NONE,NONE
LIVE_TXN_000604,LIVE_CUST_0031,CARD_4218,ACC_384,2026-10-04T03:55:24.442976,2026-10-04T03:55:24.642976,1482.56,USD,PURCHASE,ONLINE,False,False,LIVE_MERCH_0002,Food,DEV_450,US,NY,New York,1,TIME_ANOMALY,MIDNIGHT_PURCHASE
LIVE_TXN_000605,LIVE_CUST_0044,CARD_3725,ACC_127,2026-10-04T03:55:50.442976,2026-10-04T03:55:50.642976,18.18,USD,PURCHASE,ONLINE,False,False,LIVE_MERCH_0000,Retail,DEV_551,US,NY,New York,0,NONE,NONE
LIVE_TXN_000606,LIVE_CUST_0065,CARD_3918,ACC_451,2026-10-04T03:56:00.442976,2026-10-04T03:56:00.642976,34.88,USD,PURCHASE,ONLINE,False,False,LIVE_MERCH_0005,Travel,DEV_692,US,NY,New York,0,NONE,NONE
LIVE_TXN_000607,LIVE_CUST_0039,CARD_1737,ACC_623,2026-10-04T03:56:21.442976,2026-10-04T03:56:21.642976,6.18,USD,PURCHASE,ONLINE,False,False,LIVE_MERCH_0015,Utilities,DEV_505,US,CA,Los Angeles,0,NONE,NONE
LIVE_TXN_000608,LIVE_CUST_0066,CARD_3082,ACC_508,2026-10-04T03:56:32.442976,2026-10-04T03:56:32.642976,1415.27,USD,PURCHASE,ONLINE,False,True,LIVE_MERCH_0007,Travel,DEV_892,US,NY,New York,0,NONE,NONE
LIVE_TXN_000609,LIVE_CUST_0011,CARD_7082,ACC_964,2026-10-04T03:56:58.442976,2026-10-04T03:56:58.642976,16.79,USD,PURCHASE,ONLINE,False,False,LIVE_MERCH_0013,Retail,DEV_749,US,CA,Los Angeles,0,NONE,NONE
LIVE_TXN_000610,LIVE_CUST_0039,CARD_6539,ACC_812,2026-10-04T03:57:21.442976,2026-10-04T03:57:21.642976,811.22,USD,PURCHASE,ONLINE,False,True,LIVE_MERCH_0011,Retail,DEV_492,US,NY,New York,0,NONE,NONE
LIVE_TXN_000611,LIVE_CUST_0080,CARD_5303,ACC_275,2026-10-04T03:57:46.442976,2026-10-04T03:57:46.642976,43.36,USD,PURCHASE,ONLINE,False,False,LIVE_MERCH_0016,Utilities,DEV_295,UK,London,London,0,NONE,NONE
LIVE_TXN_000612,LIVE_CUST_0017,CARD_5048,ACC_976,2026-10-04T03:58:00.442976,2026-10-04T03:58:00.642976,6.79,USD,PURCHASE,ONLINE,False,False,LIVE_MERCH_0010,Entertainment,DEV_812,UK,London,London,0,NONE,NONE
LIVE_TXN_000613,LIVE_CUST_0047,CARD_1979,ACC_737,2026-10-04T03:58:26.442976,2026-10-04T03:58:26.642976,1446.73,USD,PURCHASE,ONLINE,False,True,LIVE_MERCH_0013,Retail,DEV_709,US,CA,Los Angeles,0,NONE,NONE
LIVE_TXN_000614,LIVE_CUST_0000,CARD_2588,ACC_683,2026-10-04T03:58:44.442976,2026-10-04T03:58:44.642976,4.23,USD,PURCHASE,ONLINE,False,False,LIVE_MERCH_0017,Food,DEV_504,UK,London,London,1,CARD_TESTING,MICRO_TRANSACTIONS
LIVE_TXN_000615,LIVE_CUST_0066,CARD_5069,ACC_251,2026-10-04T03:59:04.442976,2026-10-04T03:59:04.642976,16.18,USD,PURCHASE,ONLINE,False,False,LIVE_MERCH_0006,Entertainment,DEV_240,UK,London,London,0,NONE,NONE
LIVE_TXN_000616,LIVE_CUST_0038,CARD_9201,ACC_507,2026-10-04T03:59:27.442976,2026-10-04T03:59:27.642976,1146.53,USD,PURCHASE,ONLINE,False,True,LIVE_MERCH_0014,Travel,DEV_198,US,CA,Los Angeles,0,NONE,NONE
LIVE_TXN_000617,LIVE_CUST_0082,CARD_7164,ACC_376,2026-10-04T03:59:44.442976,2026-10-04T03:59:44.642976,6.81,USD,PURCHASE,ONLINE,False,False,LIVE_MERCH_0000,Retail,DEV_292,UK,London,London,0,NONE,NONE
LIVE_TXN_000618,LIVE_CUST_0046,CARD_8993,ACC_686,2026-10-04T04:00:07.442976,2026-10-04T04:00:07.642976,745.8,USD,PURCHASE,ONLINE,False,True,LIVE_MERCH_0017,Food,DEV_483,US,NY,New York,0,NONE,NONE
LIVE_TXN_000619,LIVE_CUST_0025,CARD_7719,ACC_746,2026-10-04T04:00:32.442976,2026-10-04T04:00:32.642976,14.05,USD,PURCHASE,ONLINE,False,False,LIVE_MERCH_0016,Utilities,DEV_362,US,CA,Los Angeles,0,NONE,NONE
LIVE_TXN_000620,LIVE_CUST_0083,CARD_8694,ACC_810,2026-10-04T04:00:49.442976,2026-10-04T04:00:49.642976,747.82,USD,PURCHASE,ONLINE,False,True,LIVE_MERCH_0011,Retail,DEV_140,UK,London,London,0,NONE,NONE
LIVE_TXN_000621,LIVE_CUST_0028,CARD_2983,ACC_510,2026-10-04T04:01:09.442976,2026-10-04T04:01:09.642976,212.83,USD,PURCHASE,ONLINE,False,False,LIVE_MERCH_0007,Travel,DEV_891,US,CA,Los Angeles,1,MERCHANT_ANOMALY,HIGH_RISK_MERCHANT
LIVE_TXN_000622,LIVE_CUST_0080,CARD_7162,ACC_601,2026-10-04T04:01:30.442976,2026-10-04T04:01:30.642976,43.22,USD,PURCHASE,ONLINE,False,False,LIVE_MERCH_0001,Retail,DEV_329,US,CA,Los Angeles,0,NONE,NONE
LIVE_TXN_000623,LIVE_CUST_0092,CARD_3091,ACC_956,2026-10-04T04:01:53.442976,2026-10-04T04:01:53.642976,21.8,USD,PURCHASE,ONLINE,False,False,LIVE_MERCH_0013,Retail,DEV_947,US,CA,Los Angeles,0,NONE,NONE
LIVE_TXN_000624,LIVE_CUST_0037,CARD_2181,ACC_719,2026-10-04T04:02:11.442976,2026-10-04T04:02:11.642976,43.68,USD,PURCHASE,ONLINE,False,False,LIVE_MERCH_0008,Food,DEV_518,US,CA,Los Angeles,0,NONE,NONE
LIVE_TXN_000625,LIVE_CUST_0067,CARD_9537,ACC_809,2026-10-04T04:02:31.442976,2026-10-04T04:02:31.642976,1303.14,USD,PURCHASE,ONLINE,False,True,LIVE_MERCH_0005,Travel,DEV_996,US,NY,New York,0,NONE,NONE
LIVE_TXN_000626,LIVE_CUST_0016,CARD_2276,ACC_266,2026-10-04T04:02:59.442976,2026-10-04T04:02:59.642976,758.68,USD,PURCHASE,ONLINE,False,True,LIVE_MERCH_0000,Retail,DEV_778,US,CA,Los Angeles,0,NONE,NONE
LIVE_TXN_000627,LIVE_CUST_0098,CARD_5655,ACC_325,2026-10-04T04:03:28.442976,2026-10-04T04:03:28.642976,24.1,USD,PURCHASE,ONLINE,False,False,LIVE_MERCH_0002,Food,DEV_302,US,NY,New York,0,NONE,NONE
LIVE_TXN_000628,LIVE_CUST_0079,CARD_1787,ACC_450,2026-10-04T04:03:58.442976,2026-10-04T04:03:58.642976,49.71,USD,PURCHASE,ONLINE,False,False,LIVE_MERCH_0012,Retail,DEV_593,US,NY,New York,0,NONE,NONE
LIVE_TXN_000629,LIVE_CUST_0029,CARD_4843,ACC_223,2026-10-04T04:04:24.442976,2026-10-04T04:04:24.642976,45.86,USD,PURCHASE,ONLINE,False,False,LIVE_MERCH_0006,Entertainment,DEV_776,US,CA,Los Angeles,0,NONE,NONE
LIVE_TXN_000630,LIVE_CUST_0066,CARD_2581,ACC_422,2026-10-04T04:04:52.442976,2026-10-04T04:04:52.642976,9929.12,USD,PURCHASE,ONLINE,False,False,LIVE_MERCH_0000,Retail,DEV_651,US,NY,New York,1,STRUCTURING,BEHAVIORAL_ANOMALY
LIVE_TXN_000631,LIVE_CUST_0059,CARD_5150,ACC_267,2026-10-04T04:05:06.442976,2026-10-04T04:05:06.642976,14.52,USD,PURCHASE,ONLINE,False,False,LIVE_MERCH_0010,Entertainment,DEV_799,US,CA,Los Angeles,0,NONE,NONE
LIVE_TXN_000632,LIVE_CUST_0098,CARD_8210,ACC_535,2026-10-04T04:05:17.442976,2026-10-04T04:05:17.642976,39.88,USD,PURCHASE,ONLINE,False,False,LIVE_MERCH_0007,Travel,DEV_950,US,NY,New York,0,NONE,NONE
LIVE_TXN_000633,LIVE_CUST_0010,CARD_1284,ACC_815,2026-10-04T04:05:32.442976,2026-10-04T04:05:32.642976,32.66,USD,PURCHASE,ONLINE,False,False,LIVE_MERCH_0003,Travel,DEV_795,US,CA,Los Angeles,0,NONE,NONE
LIVE_TXN_000634,LIVE_CUST_0003,CARD_9776,ACC_825,2026-10-04T04:06:00.442976,2026-10-04T04:06:00.642976,15.76,USD,PURCHASE,ONLINE,False,False,LIVE_MERCH_0006,Entertainment,DEV_796,US,CA,Los Angeles,0,NONE,NONE
LIVE_TXN_000635,LIVE_CUST_0023,CARD_8081,ACC_353,2026-10-04T04:06:14.442976,2026-10-04T04:06:14.642976,1010.07,USD,PURCHASE,ONLINE,False,True,LIVE_MERCH_0018,Entertainment,DEV_318,UK,London,London,0,NONE,NONE
LIVE_TXN_000636,LIVE_CUST_0015,CARD_8455,ACC_900,2026-10-04T04:06:36.442976,2026-10-04T04:06:36.642976,41.48,USD,PURCHASE,ONLINE,False,False,LIVE_MERCH_0005,Travel,DEV_139,US,NY,New York,0,NONE,NONE
LIVE_TXN_000637,LIVE_CUST_0025,CARD_7707,ACC_307,2026-10-04T04:06:55.442976,2026-10-04T04:06:55.642976,1288.12,USD,PURCHASE,ONLINE,False,True,LIVE_MERCH_0003,Travel,DEV_163,US,NY,New York,0,NONE,NONE
LIVE_TXN_000638,LIVE_CUST_0088,CARD_6401,ACC_943,2026-10-04T04:07:24.442976,2026-10-04T04:07:24.642976,19.79,USD,PURCHASE,ONLINE,False,False,LIVE_MERCH_0012,Retail,DEV_454,US,CA,Los Angeles,0,NONE,NONE
LIVE_TXN_000639,LIVE_CUST_0006,CARD_7533,ACC_137,2026-10-04T04:07:34.442976,2026-10-04T04:07:34.642976,28.01,USD,PURCHASE,ONLINE,False,False,LIVE_MERCH_0000,Retail,DEV_274,US,NY,New York,0,NONE,NONE
LIVE_TXN_000640,LIVE_CUST_0059,CARD_6562,ACC_389,2026-10-04T03:07:51.442976,2026-10-04T03:07:51.642976,2543.2,USD,PURCHASE,ONLINE,False,False,LIVE_MERCH_0015,Utilities,DEV_221,US,NY,New York,1,TIME_ANOMALY,MIDNIGHT_PURCHASE
LIVE_TXN_000641,LIVE_CUST_0090,CARD_9157,ACC_177,2026-10-04T03:08:13.442976,2026-10-04T03:08:13.642976,1279.63,USD,PURCHASE,ONLINE,False,True,LIVE_MERCH_0007,Travel,DEV_928,US,CA,Los Angeles,0,NONE,NONE
LIVE_TXN_000642,LIVE_CUST_0063,CARD_4144,ACC_204,2026-10-04T03:08:30.442976,2026-10-04T03:08:30.642976,1382.41,USD,PURCHASE,ONLINE,False,True,LIVE_MERCH_0000,Retail,DEV_316,US,CA,Los Angeles,0,NONE,NONE
LIVE_TXN_000643,LIVE_CUST_0072,CARD_3561,ACC_132,2026-10-04T03:09:00.442976,2026-10-04T03:09:00.642976,43.33,USD,PURCHASE,ONLINE,False,False,LIVE_MERCH_0012,Retail,DEV_853,US,CA,Los Angeles,0,NONE,NONE
LIVE_TXN_000644,LIVE_CUST_0026,CARD_3868,ACC_314,2026-10-04T03:09:17.442976,2026-10-04T03:09:17.642976,32.88,USD,PURCHASE,ONLINE,False,False,LIVE_MERCH_0007,Travel,DEV_729,US,NY,New York,0,NONE,NONE
LIVE_TXN_000645,LIVE_CUST_0052,CARD_8832,ACC_630,2026-10-04T03:09:41.442976,2026-10-04T03:09:41.642976,20.22,USD,PURCHASE,ONLINE,False,False,LIVE_MERCH_0006,Entertainment,DEV_794,UK,London,London,0,NONE,NONE
LIVE_TXN_000646,LIVE_CUST_0067,CARD_3725,ACC_503,2026-10-04T03:10:08.442976,2026-10-04T03:10:08.642976,1086.59,USD,PURCHASE,ONLINE,False,True,LIVE_MERCH_0004,Travel,DEV_230,US,NY,New York,0,NONE,NONE
LIVE_TXN_000647,LIVE_CUST_0002,CARD_3447,ACC_108,2026-10-04T03:10:34.442976,2026-10-04T03:10:34.642976,13.02,USD,PURCHASE,ONLINE,False,False,LIVE_MERCH_0001,Retail,DEV_243,UK,London,London,0,NONE,NONE
LIVE_TXN_000648,LIVE_CUST_0045,CARD_2981,ACC_199,2026-10-04T03:11:04.442976,2026-10-04T03:11:04.642976,22.62,USD,PURCHASE,ONLINE,False,False,LIVE_MERCH_0019,Travel,DEV_750,UK,London,London,0,NONE,NONE
LIVE_TXN_000649,LIVE_CUST_0088,CARD_3953,ACC_511,2026-10-04T03:11:15.442976,2026-10-04T03:11:15.642976,31.62,USD,PURCHASE,ONLINE,False,False,LIVE_MERCH_0006,Entertainment,DEV_853,US,CA,Los Angeles,0,NONE,NONE
LIVE_TXN_000650,LIVE_CUST_0005,CARD_5882,ACC_191,2026-10-04T03:11:40.442976,2026-10-04T03:11:40.642976,31.77,USD,PURCHASE,ONLINE,False,False,LIVE_MERCH_0015,Utilities,DEV_664,US,CA,Los Angeles,0,NONE,NONE
LIVE_TXN_000651,LIVE_CUST_0089,CARD_5931,ACC_112,2026-10-04T03:11:53.442976,2026-10-04T03:11:53.642976,937.21,USD,PURCHASE,ONLINE,False,True,LIVE_MERCH_0007,Travel,DEV_472,US,CA,Los Angeles,0,NONE,NONE
LIVE_TXN_000652,LIVE_CUST_0020,CARD_8972,ACC_484,2026-10-04T03:12:23.442976,2026-10-04T03:12:23.642976,6481.31,USD,PURCHASE,ONLINE,False,False,LIVE_MERCH_0018,Entertainment,DEV_455,US,NY,New York,1,HIGH_AMOUNT,AMOUNT_ANOMALY
LIVE_TXN_000653,LIVE_CUST_0010,CARD_4872,ACC_594,2026-10-04T03:12:49.442976,2026-10-04T03:12:49.642976,40.15,USD,PURCHASE,ONLINE,False,False,LIVE_MERCH_0016,Utilities,DEV_546,UK,London,London,0,NONE,NONE
LIVE_TXN_000654,LIVE_CUST_0047,CARD_9815,ACC_723,2026-10-04T03:12:59.442976,2026-10-04T03:12:59.642976,8.2,USD,PURCHASE,ONLINE,False,False,LIVE_MERCH_0000,Retail,DEV_243,US,NY,New York,0,NONE,NONE
LIVE_TXN_000655,LIVE_CUST_0075,CARD_5363,ACC_859,2026-10-04T03:13:21.442976,2026-10-04T03:13:21.642976,11.14,USD,PURCHASE,ONLINE,False,False,LIVE_MERCH_0011,Retail,DEV_473,US,NY,New York,0,NONE,NONE
LIVE_TXN_000656,LIVE_CUST_0068,CARD_7741,ACC_692,2026-10-04T03:13:51.442976,2026-10-04T03:13:51.642976,551.38,USD,PURCHASE,ONLINE,False,True,LIVE_MERCH_0017,Food,DEV_515,US,NY,New York,0,NONE,NONE
LIVE_TXN_000657,LIVE_CUST_0057,CARD_8105,ACC_147,2026-10-04T03:14:17.442976,2026-10-04T03:14:17.642976,40.23,USD,PURCHASE,ONLINE,False,False,LIVE_MERCH_0018,Entertainment,DEV_145,UK,London,London,0,NONE,NONE
LIVE_TXN_000658,LIVE_CUST_0057,CARD_7002,ACC_448,2026-10-04T03:14:42.442976,2026-10-04T03:14:42.642976,28.43,USD,PURCHASE,ONLINE,False,False,LIVE_MERCH_0008,Food,DEV_886,UK,London,London,0,NONE,NONE
LIVE_TXN_000659,LIVE_CUST_0014,CARD_4506,ACC_131,2026-10-04T03:15:07.442976,2026-10-04T03:15:07.642976,21.18,USD,PURCHASE,ONLINE,False,False,LIVE_MERCH_0011,Retail,DEV_576,US,NY,New York,0,NONE,NONE
LIVE_TXN_000660,LIVE_CUST_0083,CARD_8336,ACC_847,2026-10-04T03:15:20.442976,2026-10-04T03:15:20.642976,30.04,USD,PURCHASE,ONLINE,False,False,LIVE_MERCH_0014,Travel,DEV_793,UK,London,London,0,NONE,NONE
LIVE_TXN_000661,LIVE_CUST_0019,CARD_9394,ACC_372,2026-10-04T03:15:50.442976,2026-10-04T03:15:50.642976,535.59,USD,PURCHASE,ONLINE,False,True,LIVE_MERCH_0010,Entertainment,DEV_738,UK,London,London,0,NONE,NONE
LIVE_TXN_000662,LIVE_CUST_0082,CARD_4424,ACC_374,2026-10-04T03:16:14.442976,2026-10-04T03:16:14.642976,1482.48,USD,PURCHASE,ONLINE,False,True,LIVE_MERCH_0004,Travel,DEV_919,US,CA,Los Angeles,0,NONE,NONE
LIVE_TXN_000663,LIVE_CUST_0014,CARD_4946,ACC_931,2026-10-04T03:16:29.442976,2026-10-04T03:16:29.642976,641.79,USD,PURCHASE,ONLINE,False,True,LIVE_MERCH_0001,Retail,DEV_331,UK,London,London,0,NONE,NONE
LIVE_TXN_000664,LIVE_CUST_0010,CARD_8966,ACC_755,2026-10-04T03:16:51.442976,2026-10-04T03:16:51.642976,26.91,USD,PURCHASE,ONLINE,False,False,LIVE_MERCH_0012,Retail,DEV_527,US,NY,New York,0,NONE,NONE
LIVE_TXN_000665,LIVE_CUST_0078,CARD_2200,ACC_787,2026-10-04T03:17:01.442976,2026-10-04T03:17:01.642976,47.43,USD,PURCHASE,ONLINE,False,False,LIVE_MERCH_0014,Travel,DEV_251,US,NY,New York,0,NONE,NONE
LIVE_TXN_000666,LIVE_CUST_0054,CARD_3939,ACC_180,2026-10-04T03:17:22.442976,2026-10-04T03:17:22.642976,193.92,USD,PURCHASE,ONLINE,False,False,LIVE_MERCH_0008,Food,DEV_312,UK,London,London,1,VELOCITY,RAPID_SUCCESSION
LIVE_TXN_000667,LIVE_CUST_0080,CARD_1835,ACC_236,2026-10-04T03:17:51.442976,2026-10-04T03:17:51.642976,1018.07,USD,PURCHASE,ONLINE,False,False,LIVE_MERCH_0006,Entertainment,DEV_930,UK,London,London,1,TIME_ANOMALY,MIDNIGHT_PURCHASE
LIVE_TXN_000668,LIVE_CUST_0042,CARD_8681,ACC_295,2026-10-04T03:18:10.442976,2026-10-04T03:18:10.642976,9.43,USD,PURCHASE,ONLINE,False,False,LIVE_MERCH_0002,Food,DEV_295,UK,London,London,0,NONE,NONE
LIVE_TXN_000669,LIVE_CUST_0066,CARD_6731,ACC_171,2026-10-04T03:18:22.442976,2026-10-04T03:18:22.642976,19.63,USD,PURCHASE,ONLINE,False,False,LIVE_MERCH_0002,Food,DEV_834,US,NY,New York,0,NONE,NONE
LIVE_TXN_000670,LIVE_CUST_0021,CARD_4842,ACC_789,2026-10-04T03:18:38.442976,2026-10-04T03:18:38.642976,26.24,USD,PURCHASE,ONLINE,False,False,LIVE_MERCH_0012,Retail,DEV_907,UK,London,London,0,NONE,NONE
LIVE_TXN_000671,LIVE_CUST_0095,CARD_9520,ACC_338,2026-10-04T03:19:07.442976,2026-10-04T03:19:07.642976,1062.28,USD,PURCHASE,ONLINE,False,True,LIVE_MERCH_0011,Retail,DEV_977,UK,London,London,0,NONE,NONE
LIVE_TXN_000672,LIVE_CUST_0073,CARD_8634,ACC_267,2026-10-04T03:19:33.442976,2026-10-04T03:19:33.642976,39.68,USD,PURCHASE,ONLINE,False,False,LIVE_MERCH_0019,Travel,DEV_324,US,NY,New York,0,NONE,NONE
LIVE_TXN_000673,LIVE_CUST_0027,CARD_5705,ACC_990,2026-10-04T03:20:02.442976,2026-10-04T03:20:02.642976,20.27,USD,PURCHASE,ONLINE,False,False,LIVE_MERCH_0007,Travel,DEV_952,US,CA,Los Angeles,0,NONE,NONE
LIVE_TXN_000674,LIVE_CUST_0083,CARD_6319,ACC_439,2026-10-04T03:20:19.442976,2026-10-04T03:20:19.642976,48.76,USD,PURCHASE,ONLINE,False,False,LIVE_MERCH_0018,Entertainment,DEV_907,US,CA,Los Angeles,0,NONE,NONE
LIVE_TXN_000675,LIVE_CUST_0019,CARD_4829,ACC_157,2026-10-04T03:20:40.442976,2026-10-04T03:20:40.642976,28.56,USD,PURCHASE,ONLINE,False,False,LIVE_MERCH_0018,Entertainment,DEV_214,US,CA,Los Angeles,0,NONE,NONE
LIVE_TXN_000676,LIVE_CUST_0024,CARD_6316,ACC_861,2026-10-04T03:21:08.442976,2026-10-04T03:21:08.642976,43.55,USD,PURCHASE,ONLINE,False,False,LIVE_MERCH_0017,Food,DEV_448,UK,London,London,0,NONE,NONE
LIVE_TXN_000677,LIVE_CUST_0012,CARD_8139,ACC_748,2026-10-04T03:21:19.442976,2026-10-04T03:21:19.642976,740.93,USD,PURCHASE,ONLINE,False,True,LIVE_MERCH_0000,Retail,DEV_465,US,NY,New York,0,NONE,NONE
LIVE_TXN_000678,LIVE_CUST_0039,CARD_4993,ACC_508,2026-10-04T03:21:31.442976,2026-10-04T03:21:31.642976,18.64,USD,PURCHASE,ONLINE,False,False,LIVE_MERCH_0010,Entertainment,DEV_120,US,NY,New York,0,NONE,NONE
LIVE_TXN_000679,LIVE_CUST_0013,CARD_1293,ACC_536,2026-10-04T03:21:46.442976,2026-10-04T03:21:46.642976,37.63,USD,PURCHASE,ONLINE,False,False,LIVE_MERCH_0018,Entertainment,DEV_678,UK,London,London,0,NONE,NONE
LIVE_TXN_000680,LIVE_CUST_0026,CARD_8230,ACC_880,2026-10-04T03:22:05.442976,2026-10-04T03:22:05.642976,37.79,USD,PURCHASE,ONLINE,False,False,LIVE_MERCH_0018,Entertainment,DEV_958,UK,London,London,0,NONE,NONE
LIVE_TXN_000681,LIVE_CUST_0062,CARD_2518,ACC_902,2026-10-04T03:22:30.442976,2026-10-04T03:22:30.642976,19.3,USD,PURCHASE,ONLINE,False,False,LIVE_MERCH_0004,Travel,DEV_688,US,NY,New York,0,NONE,NONE
LIVE_TXN_000682,LIVE_CUST_0039,CARD_2569,ACC_411,2026-10-04T03:22:59.442976,2026-10-04T03:22:59.642976,778.09,USD,PURCHASE,ONLINE,False,False,LIVE_MERCH_0018,Entertainment,DEV_345,US,CA,Los Angeles,1,DEVICE_ANOMALY,NEW_DEVICE
LIVE_TXN_000683,LIVE_CUST_0048,CARD_5356,ACC_691,2026-10-04T03:23:10.442976,2026-10-04T03:23:10.642976,14.65,USD,PURCHASE,ONLINE,False,False,LIVE_MERCH_0000,Retail,DEV_727,US,CA,Los Angeles,0,NONE,NONE
LIVE_TXN_000684,LIVE_CUST_0029,CARD_2543,ACC_477,2026-10-04T03:23:22.442976,2026-10-04T03:23:22.642976,40.39,USD,PURCHASE,ONLINE,False,False,LIVE_MERCH_0007,Travel,DEV_323,US,NY,New York,0,NONE,NONE
LIVE_TXN_000685,LIVE_CUST_0058,CARD_4661,ACC_459,2026-10-04T03:23:34.442976,2026-10-04T03:23:34.642976,1334.45,USD,PURCHASE,ONLINE,False,False,LIVE_MERCH_0001,Retail,DEV_430,US,CA,Los Angeles,1,TIME_ANOMALY,MIDNIGHT_PURCHASE
LIVE_TXN_000686,LIVE_CUST_0042,CARD_9294,ACC_184,2026-10-04T03:23:55.442976,2026-10-04T03:23:55.642976,1093.88,USD,PURCHASE,ONLINE,False,True,LIVE_MERCH_0014,Travel,DEV_107,US,NY,New York,0,NONE,NONE
LIVE_TXN_000687,LIVE_CUST_0067,CARD_6832,ACC_616,2026-10-04T03:24:10.442976,2026-10-04T03:24:10.642976,24.49,USD,PURCHASE,ONLINE,False,False,LIVE_MERCH_0001,Retail,DEV_365,UK,London,London,0,NONE,NONE
LIVE_TXN_000688,LIVE_CUST_0070,CARD_7929,ACC_716,2026-10-04T03:24:20.442976,2026-10-04T03:24:20.642976,552.4,USD,PURCHASE,ONLINE,False,True,LIVE_MERCH_0013,Retail,DEV_486,US,NY,New York,0,NONE,NONE
LIVE_TXN_000689,LIVE_CUST_0088,CARD_3228,ACC_833,2026-10-04T03:24:36.442976,2026-10-04T03:24:36.642976,11.4,USD,PURCHASE,ONLINE,False,False,LIVE_MERCH_0011,Retail,DEV_888,US,CA,Los Angeles,0,NONE,NONE
LIVE_TXN_000690,LIVE_CUST_0013,CARD_3480,ACC_230,2026-10-04T03:25:05.442976,2026-10-04T03:25:05.642976,9.74,USD,PURCHASE,ONLINE,False,False,LIVE_MERCH_0009,Food,DEV_913,US,CA,Los Angeles,0,NONE,NONE
LIVE_TXN_000691,LIVE_CUST_0094,CARD_4801,ACC_174,2026-10-04T03:25:27.442976,2026-10-04T03:25:27.642976,44.24,USD,PURCHASE,ONLINE,False,False,LIVE_MERCH_0019,Travel,DEV_551,US,NY,New York,0,NONE,NONE
LIVE_TXN_000692,LIVE_CUST_0066,CARD_2173,ACC_502,2026-10-04T03:25:53.442976,2026-10-04T03:25:53.642976,13.92,USD,PURCHASE,ONLINE,False,False,LIVE_MERCH_0003,Travel,DEV_628,UK,London,London,0,NONE,NONE
LIVE_TXN_000693,LIVE_CUST_0076,CARD_1978,ACC_387,2026-10-04T03:26:07.442976,2026-10-04T03:26:07.642976,1217.85,USD,PURCHASE,ONLINE,False,True,LIVE_MERCH_0015,Utilities,DEV_686,UK,London,London,0,NONE,NONE
LIVE_TXN_000694,LIVE_CUST_0054,CARD_4888,ACC_148,2026-10-04T03:26:26.442976,2026-10-04T03:26:26.642976,775.44,USD,PURCHASE,ONLINE,False,True,LIVE_MERCH_0001,Retail,DEV_583,UK,London,London,0,NONE,NONE
LIVE_TXN_000695,LIVE_CUST_0042,CARD_5680,ACC_496,2026-10-04T03:26:54.442976,2026-10-04T03:26:54.642976,7.92,USD,PURCHASE,ONLINE,False,False,LIVE_MERCH_0018,Entertainment,DEV_348,US,CA,Los Angeles,0,NONE,NONE
LIVE_TXN_000696,LIVE_CUST_0051,CARD_1945,ACC_955,2026-10-04T03:27:05.442976,2026-10-04T03:27:05.642976,11.32,USD,PURCHASE,ONLINE,False,False,LIVE_MERCH_0001,Retail,DEV_400,US,NY,New York,0,NONE,NONE
LIVE_TXN_000697,LIVE_CUST_0039,CARD_3042,ACC_738,2026-10-04T03:27:24.442976,2026-10-04T03:27:24.642976,1485.69,USD,PURCHASE,ONLINE,False,True,LIVE_MERCH_0004,Travel,DEV_120,US,NY,New York,0,NONE,NONE
LIVE_TXN_000698,LIVE_CUST_0066,CARD_3036,ACC_212,2026-10-04T03:27:43.442976,2026-10-04T03:27:43.642976,7.25,USD,PURCHASE,ONLINE,False,False,LIVE_MERCH_0009,Food,DEV_729,UK,London,London,0,NONE,NONE
LIVE_TXN_000699,LIVE_CUST_0055,CARD_2973,ACC_731,2026-10-04T03:27:56.442976,2026-10-04T03:27:56.642976,10.81,USD,PURCHASE,ONLINE,False,False,LIVE_MERCH_0019,Travel,DEV_745,US,CA,Los Angeles,0,NONE,NONE
LIVE_TXN_000700,LIVE_CUST_0035,CARD_5544,ACC_357,2026-10-04T03:28:24.442976,2026-10-04T03:28:24.642976,616.59,USD,PURCHASE,ONLINE,False,True,LIVE_MERCH_0005,Travel,DEV_867,US,CA,Los Angeles,0,NONE,NONE
LIVE_TXN_000701,LIVE_CUST_0030,CARD_3914,ACC_992,2026-10-04T03:28:48.442976,2026-10-04T03:28:48.642976,38.53,USD,PURCHASE,ONLINE,False,False,LIVE_MERCH_0011,Retail,DEV_768,UK,London,London,0,NONE,NONE
LIVE_TXN_000702,LIVE_CUST_0012,CARD_4669,ACC_551,2026-10-04T03:28:59.442976,2026-10-04T03:28:59.642976,16.01,USD,PURCHASE,ONLINE,False,False,LIVE_MERCH_0000,Retail,DEV_549,US,NY,New York,0,NONE,NONE
LIVE_TXN_000703,LIVE_CUST_0015,CARD_1740,ACC_848,2026-10-04T03:29:12.442976,2026-10-04T03:29:12.642976,1011.85,USD,PURCHASE,ONLINE,False,True,LIVE_MERCH_0010,Entertainment,DEV_724,UK,London,London,0,NONE,NONE
LIVE_TXN_000704,LIVE_CUST_0093,CARD_3943,ACC_335,2026-10-04T03:29:41.442976,2026-10-04T03:29:41.642976,822.15,USD,PURCHASE,ONLINE,False,True,LIVE_MERCH_0004,Travel,DEV_962,UK,London,London,0,NONE,NONE
LIVE_TXN_000705,LIVE_CUST_0000,CARD_7811,ACC_730,2026-10-04T03:30:08.442976,2026-10-04T03:30:08.642976,1150.28,USD,PURCHASE,ONLINE,False,True,LIVE_MERCH_0010,Entertainment,DEV_421,US,NY,New York,0,NONE,NONE
LIVE_TXN_000706,LIVE_CUST_0057,CARD_2173,ACC_729,2026-10-04T03:30:36.442976,2026-10-04T03:30:36.642976,29.63,USD,PURCHASE,ONLINE,False,False,LIVE_MERCH_0003,Travel,DEV_198,UK,London,London,0,NONE,NONE
LIVE_TXN_000707,LIVE_CUST_0049,CARD_6167,ACC_858,2026-10-04T03:30:49.442976,2026-10-04T03:30:49.642976,29.03,USD,PURCHASE,ONLINE,False,False,LIVE_MERCH_0004,Travel,DEV_667,US,NY,New York,0,NONE,NONE
LIVE_TXN_000708,LIVE_CUST_0008,CARD_1188,ACC_536,2026-10-04T03:31:08.442976,2026-10-04T03:31:08.642976,1252.88,USD,PURCHASE,ONLINE,False,True,LIVE_MERCH_0001,Retail,DEV_647,US,CA,Los Angeles,0,NONE,NONE
LIVE_TXN_000709,LIVE_CUST_0011,CARD_9123,ACC_694,2026-10-04T03:31:33.442976,2026-10-04T03:31:33.642976,2696.29,USD,PURCHASE,ONLINE,False,False,LIVE_MERCH_0004,Travel,DEV_970,US,CA,Los Angeles,1,SEQUENTIAL_ANOMALY,SUSPICIOUS_SEQUENCE
LIVE_TXN_000710,LIVE_CUST_0017,CARD_1742,ACC_159,2026-10-04T03:31:51.442976,2026-10-04T03:31:51.642976,24.31,USD,PURCHASE,ONLINE,False,False,LIVE_MERCH_0010,Entertainment,DEV_907,US,CA,Los Angeles,0,NONE,NONE
LIVE_TXN_000711,LIVE_CUST_0068,CARD_9938,ACC_537,2026-10-04T03:32:11.442976,2026-10-04T03:32:11.642976,16.65,USD,PURCHASE,ONLINE,False,False,LIVE_MERCH_0007,Travel,DEV_309,US,CA,Los Angeles,0,NONE,NONE
LIVE_TXN_000712,LIVE_CUST_0089,CARD_2401,ACC_330,2026-10-04T03:32:37.442976,2026-10-04T03:32:37.642976,48.15,USD,PURCHASE,ONLINE,False,False,LIVE_MERCH_0019,Travel,DEV_999,US,NY,New York,0,NONE,NONE
LIVE_TXN_000713,LIVE_CUST_0043,CARD_6680,ACC_206,2026-10-04T03:32:55.442976,2026-10-04T03:32:55.642976,30.23,USD,PURCHASE,ONLINE,False,False,LIVE_MERCH_0012,Retail,DEV_992,US,NY,New York,0,NONE,NONE
LIVE_TXN_000714,LIVE_CUST_0049,CARD_3188,ACC_480,2026-10-04T03:33:16.442976,2026-10-04T03:33:16.642976,22.17,USD,PURCHASE,ONLINE,False,False,LIVE_MERCH_0011,Retail,DEV_894,US,CA,Los Angeles,0,NONE,NONE
LIVE_TXN_000715,LIVE_CUST_0096,CARD_3530,ACC_691,2026-10-04T03:33:35.442976,2026-10-04T03:33:35.642976,24.65,USD,PURCHASE,ONLINE,False,False,LIVE_MERCH_0013,Retail,DEV_601,US,CA,Los Angeles,0,NONE,NONE
LIVE_TXN_000716,LIVE_CUST_0057,CARD_5039,ACC_456,2026-10-04T03:33:53.442976,2026-10-04T03:33:53.642976,45.53,USD,PURCHASE,ONLINE,False,False,LIVE_MERCH_0017,Food,DEV_497,UK,London,London,0,NONE,NONE
LIVE_TXN_000717,LIVE_CUST_0037,CARD_6051,ACC_517,2026-10-04T03:34:10.442976,2026-10-04T03:34:10.642976,2799.25,USD,PURCHASE,ONLINE,False,False,LIVE_MERCH_0011,Retail,DEV_641,UK,London,London,1,TIME_ANOMALY,MIDNIGHT_PURCHASE
LIVE_TXN_000718,LIVE_CUST_0083,CARD_4980,ACC_645,2026-10-04T03:34:31.442976,2026-10-04T03:34:31.642976,34.59,USD,PURCHASE,ONLINE,False,False,LIVE_MERCH_0016,Utilities,DEV_871,US,CA,Los Angeles,0,NONE,NONE
LIVE_TXN_000719,LIVE_CUST_0099,CARD_9419,ACC_783,2026-10-04T03:34:50.442976,2026-10-04T03:34:50.642976,16.31,USD,PURCHASE,ONLINE,False,False,LIVE_MERCH_0017,Food,DEV_994,UK,London,London,0,NONE,NONE
LIVE_TXN_000720,LIVE_CUST_0073,CARD_5092,ACC_273,2026-10-04T03:35:08.442976,2026-10-04T03:35:08.642976,22.88,USD,PURCHASE,ONLINE,False,False,LIVE_MERCH_0008,Food,DEV_908,US,CA,Los Angeles,0,NONE,NONE
LIVE_TXN_000721,LIVE_CUST_0040,CARD_9991,ACC_990,2026-10-04T03:35:23.442976,2026-10-04T03:35:23.642976,41.91,USD,PURCHASE,ONLINE,False,False,LIVE_MERCH_0005,Travel,DEV_979,UK,London,London,0,NONE,NONE
LIVE_TXN_000722,LIVE_CUST_0040,CARD_5189,ACC_233,2026-10-04T03:35:47.442976,2026-10-04T03:35:47.642976,1267.93,USD,PURCHASE,ONLINE,False,True,LIVE_MERCH_0015,Utilities,DEV_282,US,CA,Los Angeles,0,NONE,NONE
LIVE_TXN_000723,LIVE_CUST_0072,CARD_8015,ACC_566,2026-10-04T03:36:11.442976,2026-10-04T03:36:11.642976,28.87,USD,PURCHASE,ONLINE,False,False,LIVE_MERCH_0017,Food,DEV_119,UK,London,London,0,NONE,NONE
LIVE_TXN_000724,LIVE_CUST_0061,CARD_9618,ACC_455,2026-10-04T03:36:30.442976,2026-10-04T03:36:30.642976,1112.89,USD,PURCHASE,ONLINE,False,True,LIVE_MERCH_0008,Food,DEV_717,US,NY,New York,0,NONE,NONE
LIVE_TXN_000725,LIVE_CUST_0055,CARD_1678,ACC_169,2026-10-04T03:36:41.442976,2026-10-04T03:36:41.642976,5.78,USD,PURCHASE,ONLINE,False,False,LIVE_MERCH_0009,Food,DEV_204,US,NY,New York,0,NONE,NONE
LIVE_TXN_000726,LIVE_CUST_0042,CARD_4275,ACC_265,2026-10-04T03:37:02.442976,2026-10-04T03:37:02.642976,1289.9,USD,PURCHASE,ONLINE,False,True,LIVE_MERCH_0010,Entertainment,DEV_275,US,NY,New York,0,NONE,NONE
LIVE_TXN_000727,LIVE_CUST_0022,CARD_3821,ACC_861,2026-10-04T03:37:21.442976,2026-10-04T03:37:21.642976,9909.77,USD,PURCHASE,ONLINE,False,False,LIVE_MERCH_0001,Retail,DEV_240,UK,London,London,1,STRUCTURING,BEHAVIORAL_ANOMALY
LIVE_TXN_000728,LIVE_CUST_0058,CARD_2036,ACC_516,2026-10-04T03:37:39.442976,2026-10-04T03:37:39.642976,39.29,USD,PURCHASE,ONLINE,False,False,LIVE_MERCH_0018,Entertainment,DEV_284,US,NY,New York,0,NONE,NONE
LIVE_TXN_000729,LIVE_CUST_0014,CARD_8993,ACC_721,2026-10-04T03:38:03.442976,2026-10-04T03:38:03.642976,27.91,USD,PURCHASE,ONLINE,False,False,LIVE_MERCH_0016,Utilities,DEV_689,US,CA,Los Angeles,0,NONE,NONE
LIVE_TXN_000730,LIVE_CUST_0033,CARD_4287,ACC_414,2026-10-04T03:38:17.442976,2026-10-04T03:38:17.642976,1089.0,USD,PURCHASE,ONLINE,False,True,LIVE_MERCH_0011,Retail,DEV_152,US,CA,Los Angeles,0,NONE,NONE
LIVE_TXN_000731,LIVE_CUST_0013,CARD_7124,ACC_180,2026-10-04T03:38:33.442976,2026-10-04T03:38:33.642976,27.42,USD,PURCHASE,ONLINE,False,False,LIVE_MERCH_0017,Food,DEV_826,US,NY,New York,0,NONE,NONE
LIVE_TXN_000732,LIVE_CUST_0036,CARD_7665,ACC_939,2026-10-04T03:39:02.442976,2026-10-04T03:39:02.642976,42.28,USD,PURCHASE,ONLINE,False,False,LIVE_MERCH_0006,Entertainment,DEV_790,US,NY,New York,0,NONE,NONE
LIVE_TXN_000733,LIVE_CUST_0046,CARD_4241,ACC_805,2026-10-04T03:39:25.442976,2026-10-04T03:39:25.642976,10.24,USD,PURCHASE,ONLINE,False,False,LIVE_MERCH_0016,Utilities,DEV_839,US,CA,Los Angeles,0,NONE,NONE
LIVE_TXN_000734,LIVE_CUST_0012,CARD_8803,ACC_145,2026-10-04T03:39:47.442976,2026-10-04T03:39:47.642976,19.17,USD,PURCHASE,ONLINE,False,False,LIVE_MERCH_0000,Retail,DEV_837,US,NY,New York,0,NONE,NONE
LIVE_TXN_000735,LIVE_CUST_0047,CARD_7424,ACC_604,2026-10-04T03:39:59.442976,2026-10-04T03:39:59.642976,32.66,USD,PURCHASE,ONLINE,False,False,LIVE_MERCH_0019,Travel,DEV_666,UK,London,London,0,NONE,NONE
LIVE_TXN_000736,LIVE_CUST_0042,CARD_8515,ACC_339,2026-10-04T03:40:18.442976,2026-10-04T03:40:18.642976,16.28,USD,PURCHASE,ONLINE,False,False,LIVE_MERCH_0003,Travel,DEV_798,US,CA,Los Angeles,0,NONE,NONE
LIVE_TXN_000737,LIVE_CUST_0053,CARD_4842,ACC_786,2026-10-04T03:40:38.442976,2026-10-04T03:40:38.642976,11.9,USD,PURCHASE,ONLINE,False,False,LIVE_MERCH_0001,Retail,DEV_369,UK,London,London,0,NONE,NONE
LIVE_TXN_000738,LIVE_CUST_0058,CARD_1795,ACC_802,2026-10-04T03:41:04.442976,2026-10-04T03:41:04.642976,413.02,USD,PURCHASE,ONLINE,False,False,LIVE_MERCH_0005,Travel,DEV_588,US,CA,Los Angeles,1,MERCHANT_ANOMALY,HIGH_RISK_MERCHANT
LIVE_TXN_000739,LIVE_CUST_0014,CARD_5019,ACC_829,2026-10-04T03:41:30.442976,2026-10-04T03:41:30.642976,1479.93,USD,PURCHASE,ONLINE,False,True,LIVE_MERCH_0004,Travel,DEV_319,UK,London,London,0,NONE,NONE
LIVE_TXN_000740,LIVE_CUST_0043,CARD_5892,ACC_332,2026-10-04T03:41:59.442976,2026-10-04T03:41:59.642976,25.8,USD,PURCHASE,ONLINE,False,False,LIVE_MERCH_0016,Utilities,DEV_538,US,CA,Los Angeles,0,NONE,NONE
LIVE_TXN_000741,LIVE_CUST_0003,CARD_2376,ACC_407,2026-10-04T03:42:11.442976,2026-10-04T03:42:11.642976,19.58,USD,PURCHASE,ONLINE,False,False,LIVE_MERCH_0010,Entertainment,DEV_409,UK,London,London,0,NONE,NONE
LIVE_TXN_000742,LIVE_CUST_0038,CARD_9191,ACC_953,2026-10-04T03:42:22.442976,2026-10-04T03:42:22.642976,11.09,USD,PURCHASE,ONLINE,False,False,LIVE_MERCH_0016,Utilities,DEV_817,US,CA,Los Angeles,0,NONE,NONE
LIVE_TXN_000743,LIVE_CUST_0065,CARD_3458,ACC_532,2026-10-04T03:42:46.442976,2026-10-04T03:42:46.642976,370.9,USD,PURCHASE,ONLINE,False,False,LIVE_MERCH_0003,Travel,DEV_672,US,CA,Los Angeles,1,IMPOSSIBLE_TRAVEL,LOCATION_SPOOF
LIVE_TXN_000744,LIVE_CUST_0097,CARD_9540,ACC_533,2026-10-04T03:43:07.442976,2026-10-04T03:43:07.642976,34.37,USD,PURCHASE,ONLINE,False,False,LIVE_MERCH_0008,Food,DEV_668,UK,London,London,0,NONE,NONE
LIVE_TXN_000745,LIVE_CUST_0095,CARD_6975,ACC_545,2026-10-04T03:43:28.442976,2026-10-04T03:43:28.642976,22.98,USD,PURCHASE,ONLINE,False,False,LIVE_MERCH_0005,Travel,DEV_696,US,NY,New York,0,NONE,NONE
LIVE_TXN_000746,LIVE_CUST_0059,CARD_9419,ACC_115,2026-10-04T03:43:40.442976,2026-10-04T03:43:40.642976,49.61,USD,PURCHASE,ONLINE,False,False,LIVE_MERCH_0006,Entertainment,DEV_302,UK,London,London,0,NONE,NONE
LIVE_TXN_000747,LIVE_CUST_0050,CARD_8555,ACC_455,2026-10-04T03:43:58.442976,2026-10-04T03:43:58.642976,558.21,USD,PURCHASE,ONLINE,False,True,LIVE_MERCH_0008,Food,DEV_564,US,NY,New York,0,NONE,NONE
LIVE_TXN_000748,LIVE_CUST_0094,CARD_6719,ACC_438,2026-10-04T03:44:15.442976,2026-10-04T03:44:15.642976,568.14,USD,PURCHASE,ONLINE,False,True,LIVE_MERCH_0004,Travel,DEV_819,US,NY,New York,0,NONE,NONE
LIVE_TXN_000749,LIVE_CUST_0021,CARD_3295,ACC_977,2026-10-04T03:44:42.442976,2026-10-04T03:44:42.642976,2382.52,USD,PURCHASE,ONLINE,False,False,LIVE_MERCH_0009,Food,DEV_902,UK,London,London,1,TIME_ANOMALY,MIDNIGHT_PURCHASE
LIVE_TXN_000750,LIVE_CUST_0030,CARD_9128,ACC_909,2026-10-04T03:44:56.442976,2026-10-04T03:44:56.642976,851.92,USD,PURCHASE,ONLINE,False,True,LIVE_MERCH_0015,Utilities,DEV_300,UK,London,London,0,NONE,NONE
LIVE_TXN_000751,LIVE_CUST_0021,CARD_9672,ACC_939,2026-10-04T03:45:06.442976,2026-10-04T03:45:06.642976,9.37,USD,PURCHASE,ONLINE,False,False,LIVE_MERCH_0019,Travel,DEV_157,US,CA,Los Angeles,0,NONE,NONE
LIVE_TXN_000752,LIVE_CUST_0045,CARD_4441,ACC_244,2026-10-04T03:45:35.442976,2026-10-04T03:45:35.642976,49.95,USD,PURCHASE,ONLINE,False,False,LIVE_MERCH_0016,Utilities,DEV_805,US,NY,New York,0,NONE,NONE
LIVE_TXN_000753,LIVE_CUST_0026,CARD_8321,ACC_631,2026-10-04T03:45:53.442976,2026-10-04T03:45:53.642976,5.2,USD,PURCHASE,ONLINE,False,False,LIVE_MERCH_0016,Utilities,DEV_199,UK,London,London,0,NONE,NONE
LIVE_TXN_000754,LIVE_CUST_0002,CARD_6380,ACC_538,2026-10-04T03:46:19.442976,2026-10-04T03:46:19.642976,34.7,USD,PURCHASE,ONLINE,False,False,LIVE_MERCH_0002,Food,DEV_802,UK,London,London,0,NONE,NONE
LIVE_TXN_000755,LIVE_CUST_0075,CARD_1252,ACC_593,2026-10-04T03:46:38.442976,2026-10-04T03:46:38.642976,43.9,USD,PURCHASE,ONLINE,False,False,LIVE_MERCH_0002,Food,DEV_949,US,CA,Los Angeles,0,NONE,NONE
LIVE_TXN_000756,LIVE_CUST_0077,CARD_6256,ACC_886,2026-10-04T03:47:05.442976,2026-10-04T03:47:05.642976,12.94,USD,PURCHASE,ONLINE,False,False,LIVE_MERCH_0007,Travel,DEV_384,US,NY,New York,0,NONE,NONE
LIVE_TXN_000757,LIVE_CUST_0027,CARD_2895,ACC_162,2026-10-04T03:47:22.442976,2026-10-04T03:47:22.642976,928.03,USD,PURCHASE,ONLINE,False,True,LIVE_MERCH_0016,Utilities,DEV_307,US,NY,New York,0,NONE,NONE
LIVE_TXN_000758,LIVE_CUST_0055,CARD_6785,ACC_373,2026-10-04T03:47:51.442976,2026-10-04T03:47:51.642976,46.6,USD,PURCHASE,ONLINE,False,False,LIVE_MERCH_0019,Travel,DEV_973,US,NY,New York,0,NONE,NONE
LIVE_TXN_000759,LIVE_CUST_0082,CARD_4852,ACC_381,2026-10-04T03:48:11.442976,2026-10-04T03:48:11.642976,1030.71,USD,PURCHASE,ONLINE,False,True,LIVE_MERCH_0017,Food,DEV_441,US,NY,New York,0,NONE,NONE
LIVE_TXN_000760,LIVE_CUST_0080,CARD_1747,ACC_684,2026-10-04T03:48:30.442976,2026-10-04T03:48:30.642976,23.94,USD,PURCHASE,ONLINE,False,False,LIVE_MERCH_0019,Travel,DEV_238,UK,London,London,0,NONE,NONE
LIVE_TXN_000761,LIVE_CUST_0042,CARD_2624,ACC_306,2026-10-04T03:48:58.442976,2026-10-04T03:48:58.642976,40.42,USD,PURCHASE,ONLINE,False,False,LIVE_MERCH_0009,Food,DEV_882,UK,London,London,0,NONE,NONE
LIVE_TXN_000762,LIVE_CUST_0031,CARD_9740,ACC_242,2026-10-04T03:49:12.442976,2026-10-04T03:49:12.642976,11.96,USD,PURCHASE,ONLINE,False,False,LIVE_MERCH_0017,Food,DEV_718,UK,London,London,0,NONE,NONE
LIVE_TXN_000763,LIVE_CUST_0059,CARD_5614,ACC_929,2026-10-04T03:49:25.442976,2026-10-04T03:49:25.642976,996.28,USD,PURCHASE,ONLINE,False,True,LIVE_MERCH_0017,Food,DEV_780,UK,London,London,0,NONE,NONE
LIVE_TXN_000764,LIVE_CUST_0063,CARD_3828,ACC_971,2026-10-04T03:49:42.442976,2026-10-04T03:49:42.642976,34.0,USD,PURCHASE,ONLINE,False,False,LIVE_MERCH_0008,Food,DEV_302,US,NY,New York,0,NONE,NONE
LIVE_TXN_000765,LIVE_CUST_0002,CARD_7157,ACC_237,2026-10-04T03:50:11.442976,2026-10-04T03:50:11.642976,11.05,USD,PURCHASE,ONLINE,False,False,LIVE_MERCH_0005,Travel,DEV_464,US,NY,New York,0,NONE,NONE
LIVE_TXN_000766,LIVE_CUST_0053,CARD_2947,ACC_164,2026-10-04T03:50:24.442976,2026-10-04T03:50:24.642976,828.6,USD,PURCHASE,ONLINE,False,True,LIVE_MERCH_0012,Retail,DEV_339,UK,London,London,0,NONE,NONE
LIVE_TXN_000767,LIVE_CUST_0070,CARD_5480,ACC_456,2026-10-04T03:50:52.442976,2026-10-04T03:50:52.642976,35.72,USD,PURCHASE,ONLINE,False,False,LIVE_MERCH_0015,Utilities,DEV_668,UK,London,London,0,NONE,NONE
LIVE_TXN_000768,LIVE_CUST_0017,CARD_8749,ACC_758,2026-10-04T03:51:16.442976,2026-10-04T03:51:16.642976,7.58,USD,PURCHASE,ONLINE,False,False,LIVE_MERCH_0016,Utilities,DEV_787,UK,London,London,0,NONE,NONE
LIVE_TXN_000769,LIVE_CUST_0031,CARD_3119,ACC_987,2026-10-04T03:51:36.442976,2026-10-04T03:51:36.642976,554.88,USD,PURCHASE,ONLINE,False,False,LIVE_MERCH_0004,Travel,DEV_882,US,CA,Los Angeles,1,IMPOSSIBLE_TRAVEL,LOCATION_SPOOF
LIVE_TXN_000770,LIVE_CUST_0093,CARD_6932,ACC_659,2026-10-04T03:51:50.442976,2026-10-04T03:51:50.642976,32.76,USD,PURCHASE,ONLINE,False,False,LIVE_MERCH_0004,Travel,DEV_955,US,NY,New York,0,NONE,NONE
LIVE_TXN_000771,LIVE_CUST_0065,CARD_2631,ACC_796,2026-10-04T03:52:20.442976,2026-10-04T03:52:20.642976,810.53,USD,PURCHASE,ONLINE,False,True,LIVE_MERCH_0000,Retail,DEV_397,UK,London,London,0,NONE,NONE
LIVE_TXN_000772,LIVE_CUST_0044,CARD_4792,ACC_446,2026-10-04T03:52:49.442976,2026-10-04T03:52:49.642976,629.88,USD,PURCHASE,ONLINE,False,False,LIVE_MERCH_0018,Entertainment,DEV_743,UK,London,London,1,DEVICE_ANOMALY,NEW_DEVICE
LIVE_TXN_000773,LIVE_CUST_0078,CARD_2264,ACC_128,2026-10-04T03:53:16.442976,2026-10-04T03:53:16.642976,18.31,USD,PURCHASE,ONLINE,False,False,LIVE_MERCH_0019,Travel,DEV_603,US,NY,New York,0,NONE,NONE
LIVE_TXN_000774,LIVE_CUST_0089,CARD_5727,ACC_681,2026-10-04T03:53:31.442976,2026-10-04T03:53:31.642976,22.01,USD,PURCHASE,ONLINE,False,False,LIVE_MERCH_0014,Travel,DEV_902,US,CA,Los Angeles,0,NONE,NONE
LIVE_TXN_000775,LIVE_CUST_0026,CARD_7876,ACC_689,2026-10-04T03:53:42.442976,2026-10-04T03:53:42.642976,44.67,USD,PURCHASE,ONLINE,False,False,LIVE_MERCH_0015,Utilities,DEV_909,UK,London,London,0,NONE,NONE
LIVE_TXN_000776,LIVE_CUST_0068,CARD_2823,ACC_117,2026-10-04T03:54:08.442976,2026-10-04T03:54:08.642976,764.67,USD,PURCHASE,ONLINE,False,True,LIVE_MERCH_0007,Travel,DEV_609,US,CA,Los Angeles,0,NONE,NONE
LIVE_TXN_000777,LIVE_CUST_0077,CARD_9324,ACC_482,2026-10-04T03:54:29.442976,2026-10-04T03:54:29.642976,1144.17,USD,PURCHASE,ONLINE,False,True,LIVE_MERCH_0019,Travel,DEV_892,US,NY,New York,0,NONE,NONE
LIVE_TXN_000778,LIVE_CUST_0005,CARD_6981,ACC_810,2026-10-04T03:54:54.442976,2026-10-04T03:54:54.642976,22.74,USD,PURCHASE,ONLINE,False,False,LIVE_MERCH_0014,Travel,DEV_622,US,CA,Los Angeles,0,NONE,NONE
LIVE_TXN_000779,LIVE_CUST_0086,CARD_8975,ACC_234,2026-10-04T03:55:08.442976,2026-10-04T03:55:08.642976,37.05,USD,PURCHASE,ONLINE,False,False,LIVE_MERCH_0001,Retail,DEV_937,UK,London,London,0,NONE,NONE
LIVE_TXN_000780,LIVE_CUST_0058,CARD_6119,ACC_660,2026-10-04T03:55:31.442976,2026-10-04T03:55:31.642976,27.8,USD,PURCHASE,ONLINE,False,False,LIVE_MERCH_0015,Utilities,DEV_432,UK,London,London,0,NONE,NONE
LIVE_TXN_000781,LIVE_CUST_0047,CARD_9026,ACC_207,2026-10-04T03:55:49.442976,2026-10-04T03:55:49.642976,787.69,USD,PURCHASE,ONLINE,False,True,LIVE_MERCH_0000,Retail,DEV_584,US,CA,Los Angeles,0,NONE,NONE
LIVE_TXN_000782,LIVE_CUST_0060,CARD_5924,ACC_155,2026-10-04T03:56:04.442976,2026-10-04T03:56:04.642976,10.72,USD,PURCHASE,ONLINE,False,False,LIVE_MERCH_0000,Retail,DEV_709,UK,London,London,0,NONE,NONE
LIVE_TXN_000783,LIVE_CUST_0058,CARD_3344,ACC_905,2026-10-04T03:56:31.442976,2026-10-04T03:56:31.642976,42.65,USD,PURCHASE,ONLINE,False,False,LIVE_MERCH_0004,Travel,DEV_927,US,NY,New York,0,NONE,NONE
LIVE_TXN_000784,LIVE_CUST_0050,CARD_3377,ACC_649,2026-10-04T03:56:56.442976,2026-10-04T03:56:56.642976,16.0,USD,PURCHASE,ONLINE,False,False,LIVE_MERCH_0016,Utilities,DEV_324,UK,London,London,0,NONE,NONE
LIVE_TXN_000785,LIVE_CUST_0063,CARD_7363,ACC_700,2026-10-04T03:57:25.442976,2026-10-04T03:57:25.642976,1414.97,USD,PURCHASE,ONLINE,False,True,LIVE_MERCH_0016,Utilities,DEV_715,US,CA,Los Angeles,0,NONE,NONE
LIVE_TXN_000786,LIVE_CUST_0012,CARD_8288,ACC_868,2026-10-04T03:57:42.442976,2026-10-04T03:57:42.642976,7.96,USD,PURCHASE,ONLINE,False,False,LIVE_MERCH_0005,Travel,DEV_170,US,NY,New York,0,NONE,NONE
LIVE_TXN_000787,LIVE_CUST_0076,CARD_4694,ACC_763,2026-10-04T03:58:07.442976,2026-10-04T03:58:07.642976,49.09,USD,PURCHASE,ONLINE,False,False,LIVE_MERCH_0006,Entertainment,DEV_564,UK,London,London,0,NONE,NONE
LIVE_TXN_000788,LIVE_CUST_0043,CARD_4755,ACC_880,2026-10-04T03:58:24.442976,2026-10-04T03:58:24.642976,684.85,USD,PURCHASE,ONLINE,False,True,LIVE_MERCH_0012,Retail,DEV_480,UK,London,London,0,NONE,NONE
LIVE_TXN_000789,LIVE_CUST_0089,CARD_9636,ACC_868,2026-10-04T03:58:50.442976,2026-10-04T03:58:50.642976,29.87,USD,PURCHASE,ONLINE,False,False,LIVE_MERCH_0004,Travel,DEV_284,UK,London,London,0,NONE,NONE
LIVE_TXN_000790,LIVE_CUST_0041,CARD_5077,ACC_965,2026-10-04T03:59:10.442976,2026-10-04T03:59:10.642976,18.17,USD,PURCHASE,ONLINE,False,False,LIVE_MERCH_0010,Entertainment,DEV_146,US,NY,New York,0,NONE,NONE
LIVE_TXN_000791,LIVE_CUST_0034,CARD_8916,ACC_741,2026-10-04T03:59:23.442976,2026-10-04T03:59:23.642976,25.31,USD,PURCHASE,ONLINE,False,False,LIVE_MERCH_0002,Food,DEV_796,US,NY,New York,0,NONE,NONE
LIVE_TXN_000792,LIVE_CUST_0021,CARD_5185,ACC_251,2026-10-04T03:59:50.442976,2026-10-04T03:59:50.642976,811.93,USD,PURCHASE,ONLINE,False,True,LIVE_MERCH_0015,Utilities,DEV_622,US,NY,New York,0,NONE,NONE
LIVE_TXN_000793,LIVE_CUST_0013,CARD_1723,ACC_838,2026-10-04T04:00:19.442976,2026-10-04T04:00:19.642976,29.61,USD,PURCHASE,ONLINE,False,False,LIVE_MERCH_0000,Retail,DEV_212,US,CA,Los Angeles,0,NONE,NONE
LIVE_TXN_000794,LIVE_CUST_0041,CARD_3686,ACC_118,2026-10-04T04:00:46.442976,2026-10-04T04:00:46.642976,6.84,USD,PURCHASE,ONLINE,False,False,LIVE_MERCH_0011,Retail,DEV_211,UK,London,London,0,NONE,NONE
LIVE_TXN_000795,LIVE_CUST_0092,CARD_4130,ACC_223,2026-10-04T04:01:02.442976,2026-10-04T04:01:02.642976,39.02,USD,PURCHASE,ONLINE,False,False,LIVE_MERCH_0010,Entertainment,DEV_199,UK,London,London,0,NONE,NONE
LIVE_TXN_000796,LIVE_CUST_0063,CARD_4726,ACC_943,2026-10-04T04:01:26.442976,2026-10-04T04:01:26.642976,328.62,USD,PURCHASE,ONLINE,False,False,LIVE_MERCH_0008,Food,DEV_224,UK,London,London,1,IMPOSSIBLE_TRAVEL,LOCATION_SPOOF
LIVE_TXN_000797,LIVE_CUST_0030,CARD_9681,ACC_765,2026-10-04T04:01:44.442976,2026-10-04T04:01:44.642976,594.14,USD,PURCHASE,ONLINE,False,False,LIVE_MERCH_0015,Utilities,DEV_900,UK,London,London,1,NETWORK_ANOMALY,VPN_PROXY_USAGE
LIVE_TXN_000798,LIVE_CUST_0066,CARD_7268,ACC_651,2026-10-04T04:02:00.442976,2026-10-04T04:02:00.642976,29.54,USD,PURCHASE,ONLINE,False,False,LIVE_MERCH_0019,Travel,DEV_495,US,CA,Los Angeles,0,NONE,NONE
LIVE_TXN_000799,LIVE_CUST_0086,CARD_1078,ACC_927,2026-10-04T04:02:11.442976,2026-10-04T04:02:11.642976,1191.15,USD,PURCHASE,ONLINE,False,True,LIVE_MERCH_0006,Entertainment,DEV_383,US,NY,New York,0,NONE,NONE
LIVE_TXN_000800,LIVE_CUST_0035,CARD_9490,ACC_398,2026-10-04T04:02:41.442976,2026-10-04T04:02:41.642976,11.07,USD,PURCHASE,ONLINE,False,False,LIVE_MERCH_0005,Travel,DEV_694,US,NY,New York,0,NONE,NONE
LIVE_TXN_000801,LIVE_CUST_0085,CARD_2493,ACC_223,2026-10-04T04:02:57.442976,2026-10-04T04:02:57.642976,963.05,USD,PURCHASE,ONLINE,False,True,LIVE_MERCH_0009,Food,DEV_817,UK,London,London,0,NONE,NONE
LIVE_TXN_000802,LIVE_CUST_0063,CARD_3180,ACC_655,2026-10-04T04:03:17.442976,2026-10-04T04:03:17.642976,896.91,USD,PURCHASE,ONLINE,False,True,LIVE_MERCH_0003,Travel,DEV_435,US,CA,Los Angeles,0,NONE,NONE
LIVE_TXN_000803,LIVE_CUST_0087,CARD_3369,ACC_440,2026-10-04T04:03:30.442976,2026-10-04T04:03:30.642976,28.54,USD,PURCHASE,ONLINE,False,False,LIVE_MERCH_0013,Retail,DEV_604,US,NY,New York,0,NONE,NONE
LIVE_TXN_000804,LIVE_CUST_0006,CARD_7278,ACC_214,2026-10-04T04:03:50.442976,2026-10-04T04:03:50.642976,29.67,USD,PURCHASE,ONLINE,False,False,LIVE_MERCH_0016,Utilities,DEV_355,UK,London,London,0,NONE,NONE
LIVE_TXN_000805,LIVE_CUST_0002,CARD_9030,ACC_236,2026-10-04T04:04:10.442976,2026-10-04T04:04:10.642976,9.79,USD,PURCHASE,ONLINE,False,False,LIVE_MERCH_0015,Utilities,DEV_335,US,CA,Los Angeles,0,NONE,NONE
LIVE_TXN_000806,LIVE_CUST_0051,CARD_8980,ACC_893,2026-10-04T04:04:28.442976,2026-10-04T04:04:28.642976,856.76,USD,PURCHASE,ONLINE,False,True,LIVE_MERCH_0015,Utilities,DEV_272,US,NY,New York,0,NONE,NONE
LIVE_TXN_000807,LIVE_CUST_0084,CARD_9607,ACC_885,2026-10-04T04:04:44.442976,2026-10-04T04:04:44.642976,1107.49,USD,PURCHASE,ONLINE,False,True,LIVE_MERCH_0006,Entertainment,DEV_549,UK,London,London,0,NONE,NONE
LIVE_TXN_000808,LIVE_CUST_0074,CARD_3022,ACC_654,2026-10-04T04:05:06.442976,2026-10-04T04:05:06.642976,5.48,USD,PURCHASE,ONLINE,False,False,LIVE_MERCH_0012,Retail,DEV_767,UK,London,London,0,NONE,NONE
LIVE_TXN_000809,LIVE_CUST_0039,CARD_7358,ACC_239,2026-10-04T03:05:23.442976,2026-10-04T03:05:23.642976,2364.51,USD,PURCHASE,ONLINE,False,False,LIVE_MERCH_0006,Entertainment,DEV_797,UK,London,London,1,TIME_ANOMALY,MIDNIGHT_PURCHASE
LIVE_TXN_000810,LIVE_CUST_0083,CARD_6279,ACC_640,2026-10-04T03:05:38.442976,2026-10-04T03:05:38.642976,31.78,USD,PURCHASE,ONLINE,False,False,LIVE_MERCH_0001,Retail,DEV_365,US,NY,New York,0,NONE,NONE
LIVE_TXN_000811,LIVE_CUST_0027,CARD_7906,ACC_186,2026-10-04T03:06:02.442976,2026-10-04T03:06:02.642976,7.62,USD,PURCHASE,ONLINE,False,False,LIVE_MERCH_0014,Travel,DEV_732,US,CA,Los Angeles,0,NONE,NONE
LIVE_TXN_000812,LIVE_CUST_0094,CARD_2276,ACC_524,2026-10-04T03:06:32.442976,2026-10-04T03:06:32.642976,1.43,USD,PURCHASE,ONLINE,False,False,LIVE_MERCH_0005,Travel,DEV_475,UK,London,London,1,CARD_TESTING,MICRO_TRANSACTIONS
LIVE_TXN_000813,LIVE_CUST_0085,CARD_7497,ACC_524,2026-10-04T03:07:01.442976,2026-10-04T03:07:01.642976,1256.79,USD,PURCHASE,ONLINE,False,True,LIVE_MERCH_0003,Travel,DEV_450,US,NY,New York,0,NONE,NONE
LIVE_TXN_000814,LIVE_CUST_0086,CARD_7369,ACC_540,2026-10-04T03:07:11.442976,2026-10-04T03:07:11.642976,45.02,USD,PURCHASE,ONLINE,False,False,LIVE_MERCH_0014,Travel,DEV_706,US,NY,New York,0,NONE,NONE
LIVE_TXN_000815,LIVE_CUST_0044,CARD_5685,ACC_572,2026-10-04T03:07:41.442976,2026-10-04T03:07:41.642976,20.04,USD,PURCHASE,ONLINE,False,False,LIVE_MERCH_0006,Entertainment,DEV_719,UK,London,London,0,NONE,NONE
LIVE_TXN_000816,LIVE_CUST_0086,CARD_6619,ACC_613,2026-10-04T03:07:53.442976,2026-10-04T03:07:53.642976,46.75,USD,PURCHASE,ONLINE,False,False,LIVE_MERCH_0009,Food,DEV_439,UK,London,London,0,NONE,NONE
LIVE_TXN_000817,LIVE_CUST_0006,CARD_5196,ACC_809,2026-10-04T03:08:03.442976,2026-10-04T03:08:03.642976,9.62,USD,PURCHASE,ONLINE,False,False,LIVE_MERCH_0007,Travel,DEV_527,UK,London,London,0,NONE,NONE
LIVE_TXN_000818,LIVE_CUST_0032,CARD_9520,ACC_567,2026-10-04T03:08:24.442976,2026-10-04T03:08:24.642976,7.02,USD,PURCHASE,ONLINE,False,False,LIVE_MERCH_0019,Travel,DEV_155,UK,London,London,0,NONE,NONE
LIVE_TXN_000819,LIVE_CUST_0091,CARD_3525,ACC_584,2026-10-04T03:08:42.442976,2026-10-04T03:08:42.642976,41.83,USD,PURCHASE,ONLINE,False,False,LIVE_MERCH_0006,Entertainment,DEV_760,US,CA,Los Angeles,0,NONE,NONE
LIVE_TXN_000820,LIVE_CUST_0006,CARD_8875,ACC_101,2026-10-04T03:09:02.442976,2026-10-04T03:09:02.642976,10.26,USD,PURCHASE,ONLINE,False,False,LIVE_MERCH_0002,Food,DEV_952,US,NY,New York,0,NONE,NONE
LIVE_TXN_000821,LIVE_CUST_0019,CARD_3379,ACC_754,2026-10-04T03:09:14.442976,2026-10-04T03:09:14.642976,39.5,USD,PURCHASE,ONLINE,False,False,LIVE_MERCH_0017,Food,DEV_176,US,CA,Los Angeles,0,NONE,NONE
LIVE_TXN_000822,LIVE_CUST_0060,CARD_7033,ACC_402,2026-10-04T03:09:36.442976,2026-10-04T03:09:36.642976,29.01,USD,PURCHASE,ONLINE,False,False,LIVE_MERCH_0019,Travel,DEV_767,US,CA,Los Angeles,0,NONE,NONE
LIVE_TXN_000823,LIVE_CUST_0057,CARD_7739,ACC_631,2026-10-04T03:10:00.442976,2026-10-04T03:10:00.642976,874.7,USD,PURCHASE,ONLINE,False,True,LIVE_MERCH_0007,Travel,DEV_245,US,CA,Los Angeles,0,NONE,NONE
LIVE_TXN_000824,LIVE_CUST_0042,CARD_8366,ACC_826,2026-10-04T03:10:20.442976,2026-10-04T03:10:20.642976,23.38,USD,PURCHASE,ONLINE,False,False,LIVE_MERCH_0015,Utilities,DEV_402,US,CA,Los Angeles,0,NONE,NONE
LIVE_TXN_000825,LIVE_CUST_0023,CARD_1919,ACC_801,2026-10-04T03:10:30.442976,2026-10-04T03:10:30.642976,9.2,USD,PURCHASE,ONLINE,False,False,LIVE_MERCH_0014,Travel,DEV_747,US,CA,Los Angeles,0,NONE,NONE
LIVE_TXN_000826,LIVE_CUST_0028,CARD_6316,ACC_954,2026-10-04T03:10:59.442976,2026-10-04T03:10:59.642976,33.0,USD,PURCHASE,ONLINE,False,False,LIVE_MERCH_0009,Food,DEV_261,US,NY,New York,0,NONE,NONE
LIVE_TXN_000827,LIVE_CUST_0075,CARD_2496,ACC_737,2026-10-04T03:11:13.442976,2026-10-04T03:11:13.642976,26.62,USD,PURCHASE,ONLINE,False,False,LIVE_MERCH_0006,Entertainment,DEV_136,UK,London,London,0,NONE,NONE
LIVE_TXN_000828,LIVE_CUST_0018,CARD_8063,ACC_131,2026-10-04T03:11:37.442976,2026-10-04T03:11:37.642976,43.93,USD,PURCHASE,ONLINE,False,False,LIVE_MERCH_0000,Retail,DEV_255,US,NY,New York,0,NONE,NONE
LIVE_TXN_000829,LIVE_CUST_0014,CARD_7081,ACC_202,2026-10-04T03:11:47.442976,2026-10-04T03:11:47.642976,19.62,USD,PURCHASE,ONLINE,False,False,LIVE_MERCH_0015,Utilities,DEV_795,US,NY,New York,0,NONE,NONE
LIVE_TXN_000830,LIVE_CUST_0060,CARD_6644,ACC_704,2026-10-04T03:12:08.442976,2026-10-04T03:12:08.642976,32.65,USD,PURCHASE,ONLINE,False,False,LIVE_MERCH_0011,Retail,DEV_622,UK,London,London,0,NONE,NONE
LIVE_TXN_000831,LIVE_CUST_0046,CARD_5791,ACC_709,2026-10-04T03:12:23.442976,2026-10-04T03:12:23.642976,18.88,USD,PURCHASE,ONLINE,False,False,LIVE_MERCH_0010,Entertainment,DEV_741,UK,London,London,0,NONE,NONE
LIVE_TXN_000832,LIVE_CUST_0003,CARD_1356,ACC_479,2026-10-04T03:12:48.442976,2026-10-04T03:12:48.642976,1097.81,USD,PURCHASE,ONLINE,False,True,LIVE_MERCH_0009,Food,DEV_506,US,CA,Los Angeles,0,NONE,NONE
LIVE_TXN_000833,LIVE_CUST_0062,CARD_3203,ACC_870,2026-10-04T03:13:18.442976,2026-10-04T03:13:18.642976,29.62,USD,PURCHASE,ONLINE,False,False,LIVE_MERCH_0011,Retail,DEV_721,UK,London,London,0,NONE,NONE
LIVE_TXN_000834,LIVE_CUST_0043,CARD_3392,ACC_676,2026-10-04T03:13:38.442976,2026-10-04T03:13:38.642976,1004.51,USD,PURCHASE,ONLINE,False,True,LIVE_MERCH_0018,Entertainment,DEV_993,US,CA,Los Angeles,0,NONE,NONE
LIVE_TXN_000835,LIVE_CUST_0077,CARD_4559,ACC_826,2026-10-04T03:14:05.442976,2026-10-04T03:14:05.642976,797.81,USD,PURCHASE,ONLINE,False,True,LIVE_MERCH_0003,Travel,DEV_519,US,CA,Los Angeles,0,NONE,NONE
LIVE_TXN_000836,LIVE_CUST_0062,CARD_8707,ACC_293,2026-10-04T03:14:15.442976,2026-10-04T03:14:15.642976,538.26,USD,PURCHASE,ONLINE,False,False,LIVE_MERCH_0001,Retail,DEV_801,US,NY,New York,1,DEVICE_ANOMALY,NEW_DEVICE
LIVE_TXN_000837,LIVE_CUST_0060,CARD_8120,ACC_908,2026-10-04T03:14:41.442976,2026-10-04T03:14:41.642976,477.17,USD,PURCHASE,ONLINE,False,False,LIVE_MERCH_0012,Retail,DEV_170,UK,London,London,1,IMPOSSIBLE_TRAVEL,LOCATION_SPOOF
LIVE_TXN_000838,LIVE_CUST_0039,CARD_1977,ACC_683,2026-10-04T03:14:58.442976,2026-10-04T03:14:58.642976,42.69,USD,PURCHASE,ONLINE,False,False,LIVE_MERCH_0008,Food,DEV_540,US,NY,New York,0,NONE,NONE
LIVE_TXN_000839,LIVE_CUST_0047,CARD_3673,ACC_994,2026-10-04T03:15:15.442976,2026-10-04T03:15:15.642976,1024.92,USD,PURCHASE,ONLINE,False,True,LIVE_MERCH_0001,Retail,DEV_808,UK,London,London,0,NONE,NONE
LIVE_TXN_000840,LIVE_CUST_0016,CARD_3975,ACC_106,2026-10-04T03:15:45.442976,2026-10-04T03:15:45.642976,19.21,USD,PURCHASE,ONLINE,False,False,LIVE_MERCH_0010,Entertainment,DEV_439,US,CA,Los Angeles,0,NONE,NONE
LIVE_TXN_000841,LIVE_CUST_0060,CARD_5865,ACC_148,2026-10-04T03:15:59.442976,2026-10-04T03:15:59.642976,13.74,USD,PURCHASE,ONLINE,False,False,LIVE_MERCH_0011,Retail,DEV_523,US,NY,New York,0,NONE,NONE
LIVE_TXN_000842,LIVE_CUST_0030,CARD_9807,ACC_558,2026-10-04T03:16:25.442976,2026-10-04T03:16:25.642976,1358.04,USD,PURCHASE,ONLINE,False,True,LIVE_MERCH_0019,Travel,DEV_174,US,CA,Los Angeles,0,NONE,NONE
LIVE_TXN_000843,LIVE_CUST_0042,CARD_8839,ACC_445,2026-10-04T03:16:48.442976,2026-10-04T03:16:48.642976,48.92,USD,PURCHASE,ONLINE,False,False,LIVE_MERCH_0006,Entertainment,DEV_715,US,CA,Los Angeles,0,NONE,NONE
LIVE_TXN_000844,LIVE_CUST_0005,CARD_8110,ACC_226,2026-10-04T03:17:07.442976,2026-10-04T03:17:07.642976,22.27,USD,PURCHASE,ONLINE,False,False,LIVE_MERCH_0010,Entertainment,DEV_864,US,CA,Los Angeles,0,NONE,NONE
LIVE_TXN_000845,LIVE_CUST_0072,CARD_8572,ACC_437,2026-10-04T03:17:34.442976,2026-10-04T03:17:34.642976,5.95,USD,PURCHASE,ONLINE,False,False,LIVE_MERCH_0002,Food,DEV_356,US,CA,Los Angeles,0,NONE,NONE
LIVE_TXN_000846,LIVE_CUST_0034,CARD_8085,ACC_508,2026-10-04T03:18:02.442976,2026-10-04T03:18:02.642976,13.97,USD,PURCHASE,ONLINE,False,False,LIVE_MERCH_0012,Retail,DEV_519,UK,London,London,0,NONE,NONE
LIVE_TXN_000847,LIVE_CUST_0040,CARD_5956,ACC_326,2026-10-04T03:18:18.442976,2026-10-04T03:18:18.642976,1164.85,USD,PURCHASE,ONLINE,False,True,LIVE_MERCH_0005,Travel,DEV_327,UK,London,London,0,NONE,NONE
LIVE_TXN_000848,LIVE_CUST_0077,CARD_6536,ACC_249,2026-10-04T03:18:40.442976,2026-10-04T03:18:40.642976,39.85,USD,PURCHASE,ONLINE,False,False,LIVE_MERCH_0014,Travel,DEV_805,US,NY,New York,0,NONE,NONE
LIVE_TXN_000849,LIVE_CUST_0058,CARD_2790,ACC_218,2026-10-04T03:18:51.442976,2026-10-04T03:18:51.642976,29.03,USD,PURCHASE,ONLINE,False,False,LIVE_MERCH_0003,Travel,DEV_135,US,CA,Los Angeles,0,NONE,NONE
LIVE_TXN_000850,LIVE_CUST_0091,CARD_1037,ACC_927,2026-10-04T03:19:14.442976,2026-10-04T03:19:14.642976,1006.74,USD,PURCHASE,ONLINE,False,True,LIVE_MERCH_0019,Travel,DEV_369,US,CA,Los Angeles,0,NONE,NONE
LIVE_TXN_000851,LIVE_CUST_0019,CARD_4639,ACC_623,2026-10-04T03:19:34.442976,2026-10-04T03:19:34.642976,5.95,USD,PURCHASE,ONLINE,False,False,LIVE_MERCH_0014,Travel,DEV_626,US,CA,Los Angeles,0,NONE,NONE
LIVE_TXN_000852,LIVE_CUST_0010,CARD_6156,ACC_262,2026-10-04T03:19:57.442976,2026-10-04T03:19:57.642976,503.27,USD,PURCHASE,ONLINE,False,True,LIVE_MERCH_0014,Travel,DEV_643,US,CA,Los Angeles,0,NONE,NONE
LIVE_TXN_000853,LIVE_CUST_0046,CARD_3565,ACC_742,2026-10-04T03:20:14.442976,2026-10-04T03:20:14.642976,48.38,USD,PURCHASE,ONLINE,False,False,LIVE_MERCH_0011,Retail,DEV_677,US,NY,New York,0,NONE,NONE
LIVE_TXN_000854,LIVE_CUST_0060,CARD_4861,ACC_284,2026-10-04T03:20:44.442976,2026-10-04T03:20:44.642976,13.09,USD,PURCHASE,ONLINE,False,False,LIVE_MERCH_0015,Utilities,DEV_466,US,NY,New York,0,NONE,NONE
LIVE_TXN_000855,LIVE_CUST_0046,CARD_1064,ACC_818,2026-10-04T03:21:14.442976,2026-10-04T03:21:14.642976,41.36,USD,PURCHASE,ONLINE,False,False,LIVE_MERCH_0014,Travel,DEV_505,US,NY,New York,0,NONE,NONE
LIVE_TXN_000856,LIVE_CUST_0064,CARD_2391,ACC_771,2026-10-04T03:21:39.442976,2026-10-04T03:21:39.642976,17.94,USD,PURCHASE,ONLINE,False,False,LIVE_MERCH_0014,Travel,DEV_943,US,NY,New York,0,NONE,NONE
LIVE_TXN_000857,LIVE_CUST_0010,CARD_5011,ACC_828,2026-10-04T03:21:55.442976,2026-10-04T03:21:55.642976,9925.7,USD,PURCHASE,ONLINE,False,False,LIVE_MERCH_0013,Retail,DEV_159,US,NY,New York,1,STRUCTURING,BEHAVIORAL_ANOMALY
LIVE_TXN_000858,LIVE_CUST_0025,CARD_2079,ACC_334,2026-10-04T03:22:20.442976,2026-10-04T03:22:20.642976,546.83,USD,PURCHASE,ONLINE,False,True,LIVE_MERCH_0019,Travel,DEV_121,US,CA,Los Angeles,0,NONE,NONE
LIVE_TXN_000859,LIVE_CUST_0012,CARD_9637,ACC_173,2026-10-04T03:22:41.442976,2026-10-04T03:22:41.642976,2957.1,USD,PURCHASE,ONLINE,False,False,LIVE_MERCH_0003,Travel,DEV_193,US,NY,New York,1,TIME_ANOMALY,MIDNIGHT_PURCHASE
LIVE_TXN_000860,LIVE_CUST_0068,CARD_5737,ACC_586,2026-10-04T03:23:08.442976,2026-10-04T03:23:08.642976,9953.24,USD,PURCHASE,ONLINE,False,False,LIVE_MERCH_0014,Travel,DEV_329,US,NY,New York,1,STRUCTURING,BEHAVIORAL_ANOMALY
LIVE_TXN_000861,LIVE_CUST_0056,CARD_3375,ACC_915,2026-10-04T03:23:28.442976,2026-10-04T03:23:28.642976,504.26,USD,PURCHASE,ONLINE,False,True,LIVE_MERCH_0017,Food,DEV_920,US,NY,New York,0,NONE,NONE
LIVE_TXN_000862,LIVE_CUST_0089,CARD_9139,ACC_221,2026-10-04T03:23:55.442976,2026-10-04T03:23:55.642976,42.16,USD,PURCHASE,ONLINE,False,False,LIVE_MERCH_0003,Travel,DEV_191,UK,London,London,0,NONE,NONE
LIVE_TXN_000863,LIVE_CUST_0075,CARD_8839,ACC_370,2026-10-04T03:24:06.442976,2026-10-04T03:24:06.642976,31.57,USD,PURCHASE,ONLINE,False,False,LIVE_MERCH_0008,Food,DEV_625,US,NY,New York,0,NONE,NONE
LIVE_TXN_000864,LIVE_CUST_0051,CARD_3593,ACC_601,2026-10-04T03:24:18.442976,2026-10-04T03:24:18.642976,9.26,USD,PURCHASE,ONLINE,False,False,LIVE_MERCH_0009,Food,DEV_714,UK,London,London,0,NONE,NONE
LIVE_TXN_000865,LIVE_CUST_0008,CARD_8905,ACC_335,2026-10-04T03:24:48.442976,2026-10-04T03:24:48.642976,1040.73,USD,PURCHASE,ONLINE,False,True,LIVE_MERCH_0011,Retail,DEV_705,UK,London,London,0,NONE,NONE
LIVE_TXN_000866,LIVE_CUST_0075,CARD_3521,ACC_169,2026-10-04T03:25:04.442976,2026-10-04T03:25:04.642976,11726.84,USD,PURCHASE,ONLINE,False,False,LIVE_MERCH_0007,Travel,DEV_244,UK,London,London,1,HIGH_AMOUNT,AMOUNT_ANOMALY
LIVE_TXN_000867,LIVE_CUST_0004,CARD_5209,ACC_628,2026-10-04T03:25:30.442976,2026-10-04T03:25:30.642976,903.98,USD,PURCHASE,ONLINE,False,True,LIVE_MERCH_0015,Utilities,DEV_432,UK,London,London,0,NONE,NONE
LIVE_TXN_000868,LIVE_CUST_0068,CARD_6321,ACC_483,2026-10-04T03:25:44.442976,2026-10-04T03:25:44.642976,15.71,USD,PURCHASE,ONLINE,False,False,LIVE_MERCH_0013,Retail,DEV_826,US,NY,New York,0,NONE,NONE
LIVE_TXN_000869,LIVE_CUST_0066,CARD_3860,ACC_257,2026-10-04T03:25:57.442976,2026-10-04T03:25:57.642976,36.31,USD,PURCHASE,ONLINE,False,False,LIVE_MERCH_0011,Retail,DEV_138,US,CA,Los Angeles,0,NONE,NONE
LIVE_TXN_000870,LIVE_CUST_0038,CARD_7504,ACC_221,2026-10-04T03:26:21.442976,2026-10-04T03:26:21.642976,30.46,USD,PURCHASE,ONLINE,False,False,LIVE_MERCH_0011,Retail,DEV_775,US,CA,Los Angeles,0,NONE,NONE
LIVE_TXN_000871,LIVE_CUST_0060,CARD_1437,ACC_843,2026-10-04T03:26:44.442976,2026-10-04T03:26:44.642976,10.85,USD,PURCHASE,ONLINE,False,False,LIVE_MERCH_0016,Utilities,DEV_326,US,NY,New York,0,NONE,NONE
LIVE_TXN_000872,LIVE_CUST_0001,CARD_8326,ACC_162,2026-10-04T03:27:02.442976,2026-10-04T03:27:02.642976,46.75,USD,PURCHASE,ONLINE,False,False,LIVE_MERCH_0009,Food,DEV_488,US,NY,New York,0,NONE,NONE
LIVE_TXN_000873,LIVE_CUST_0074,CARD_8228,ACC_151,2026-10-04T03:27:23.442976,2026-10-04T03:27:23.642976,21.56,USD,PURCHASE,ONLINE,False,False,LIVE_MERCH_0013,Retail,DEV_483,UK,London,London,0,NONE,NONE
LIVE_TXN_000874,LIVE_CUST_0089,CARD_5243,ACC_550,2026-10-04T03:27:37.442976,2026-10-04T03:27:37.642976,30.37,USD,PURCHASE,ONLINE,False,False,LIVE_MERCH_0015,Utilities,DEV_200,US,NY,New York,0,NONE,NONE
LIVE_TXN_000875,LIVE_CUST_0071,CARD_2000,ACC_906,2026-10-04T03:27:53.442976,2026-10-04T03:27:53.642976,792.6,USD,PURCHASE,ONLINE,False,True,LIVE_MERCH_0005,Travel,DEV_590,UK,London,London,0,NONE,NONE
LIVE_TXN_000876,LIVE_CUST_0032,CARD_5571,ACC_360,2026-10-04T03:28:16.442976,2026-10-04T03:28:16.642976,37.42,USD,PURCHASE,ONLINE,False,False,LIVE_MERCH_0015,Utilities,DEV_605,US,NY,New York,0,NONE,NONE
LIVE_TXN_000877,LIVE_CUST_0014,CARD_8533,ACC_446,2026-10-04T03:28:45.442976,2026-10-04T03:28:45.642976,861.0,USD,PURCHASE,ONLINE,False,True,LIVE_MERCH_0017,Food,DEV_792,US,NY,New York,0,NONE,NONE
LIVE_TXN_000878,LIVE_CUST_0034,CARD_1851,ACC_480,2026-10-04T03:28:59.442976,2026-10-04T03:28:59.642976,17.83,USD,PURCHASE,ONLINE,False,False,LIVE_MERCH_0011,Retail,DEV_346,US,NY,New York,0,NONE,NONE
LIVE_TXN_000879,LIVE_CUST_0077,CARD_3195,ACC_237,2026-10-04T03:29:18.442976,2026-10-04T03:29:18.642976,16.98,USD,PURCHASE,ONLINE,False,False,LIVE_MERCH_0013,Retail,DEV_625,UK,London,London,0,NONE,NONE
LIVE_TXN_000880,LIVE_CUST_0054,CARD_9524,ACC_921,2026-10-04T03:29:44.442976,2026-10-04T03:29:44.642976,1786.33,USD,PURCHASE,ONLINE,False,False,LIVE_MERCH_0012,Retail,DEV_655,US,CA,Los Angeles,1,SEQUENTIAL_ANOMALY,SUSPICIOUS_SEQUENCE
LIVE_TXN_000881,LIVE_CUST_0068,CARD_4721,ACC_414,2026-10-04T03:30:08.442976,2026-10-04T03:30:08.642976,6.68,USD,PURCHASE,ONLINE,False,False,LIVE_MERCH_0009,Food,DEV_361,US,CA,Los Angeles,0,NONE,NONE
LIVE_TXN_000882,LIVE_CUST_0084,CARD_7935,ACC_305,2026-10-04T03:30:20.442976,2026-10-04T03:30:20.642976,38.52,USD,PURCHASE,ONLINE,False,False,LIVE_MERCH_0001,Retail,DEV_139,US,NY,New York,0,NONE,NONE
LIVE_TXN_000883,LIVE_CUST_0028,CARD_5912,ACC_807,2026-10-04T03:30:38.442976,2026-10-04T03:30:38.642976,14.46,USD,PURCHASE,ONLINE,False,False,LIVE_MERCH_0004,Travel,DEV_123,US,NY,New York,0,NONE,NONE
LIVE_TXN_000884,LIVE_CUST_0043,CARD_7892,ACC_807,2026-10-04T03:31:04.442976,2026-10-04T03:31:04.642976,1193.76,USD,PURCHASE,ONLINE,False,True,LIVE_MERCH_0011,Retail,DEV_853,US,CA,Los Angeles,0,NONE,NONE
LIVE_TXN_000885,LIVE_CUST_0018,CARD_7709,ACC_264,2026-10-04T03:31:31.442976,2026-10-04T03:31:31.642976,973.23,USD,PURCHASE,ONLINE,False,True,LIVE_MERCH_0014,Travel,DEV_141,UK,London,London,0,NONE,NONE
LIVE_TXN_000886,LIVE_CUST_0069,CARD_6393,ACC_468,2026-10-04T03:32:00.442976,2026-10-04T03:32:00.642976,34.02,USD,PURCHASE,ONLINE,False,False,LIVE_MERCH_0017,Food,DEV_714,US,NY,New York,0,NONE,NONE
LIVE_TXN_000887,LIVE_CUST_0051,CARD_6577,ACC_141,2026-10-04T03:32:28.442976,2026-10-04T03:32:28.642976,15.49,USD,PURCHASE,ONLINE,False,False,LIVE_MERCH_0019,Travel,DEV_599,US,CA,Los Angeles,0,NONE,NONE
LIVE_TXN_000888,LIVE_CUST_0096,CARD_5352,ACC_518,2026-10-04T03:32:51.442976,2026-10-04T03:32:51.642976,25.36,USD,PURCHASE,ONLINE,False,False,LIVE_MERCH_0000,Retail,DEV_259,US,CA,Los Angeles,0,NONE,NONE
LIVE_TXN_000889,LIVE_CUST_0098,CARD_1703,ACC_477,2026-10-04T03:33:08.442976,2026-10-04T03:33:08.642976,21.04,USD,PURCHASE,ONLINE,False,False,LIVE_MERCH_0001,Retail,DEV_239,US,CA,Los Angeles,0,NONE,NONE
LIVE_TXN_000890,LIVE_CUST_0025,CARD_3973,ACC_715,2026-10-04T03:33:23.442976,2026-10-04T03:33:23.642976,22.49,USD,PURCHASE,ONLINE,False,False,LIVE_MERCH_0007,Travel,DEV_366,UK,London,London,0,NONE,NONE
LIVE_TXN_000891,LIVE_CUST_0093,CARD_4319,ACC_543,2026-10-04T03:33:48.442976,2026-10-04T03:33:48.642976,20.72,USD,PURCHASE,ONLINE,False,False,LIVE_MERCH_0010,Entertainment,DEV_353,US,NY,New York,0,NONE,NONE
LIVE_TXN_000892,LIVE_CUST_0050,CARD_2523,ACC_741,2026-10-04T03:33:59.442976,2026-10-04T03:33:59.642976,567.14,USD,PURCHASE,ONLINE,False,True,LIVE_MERCH_0012,Retail,DEV_185,UK,London,London,0,NONE,NONE
LIVE_TXN_000893,LIVE_CUST_0001,CARD_5194,ACC_712,2026-10-04T03:34:17.442976,2026-10-04T03:34:17.642976,36.28,USD,PURCHASE,ONLINE,False,False,LIVE_MERCH_0007,Travel,DEV_843,UK,London,London,0,NONE,NONE
LIVE_TXN_000894,LIVE_CUST_0088,CARD_7967,ACC_380,2026-10-04T03:34:38.442976,2026-10-04T03:34:38.642976,821.44,USD,PURCHASE,ONLINE,False,True,LIVE_MERCH_0001,Retail,DEV_149,US,NY,New York,0,NONE,NONE
LIVE_TXN_000895,LIVE_CUST_0085,CARD_5919,ACC_342,2026-10-04T03:34:50.442976,2026-10-04T03:34:50.642976,26.41,USD,PURCHASE,ONLINE,False,False,LIVE_MERCH_0001,Retail,DEV_776,US,CA,Los Angeles,0,NONE,NONE
LIVE_TXN_000896,LIVE_CUST_0016,CARD_8501,ACC_147,2026-10-04T03:35:15.442976,2026-10-04T03:35:15.642976,2757.71,USD,PURCHASE,ONLINE,False,False,LIVE_MERCH_0011,Retail,DEV_396,UK,London,London,1,TIME_ANOMALY,MIDNIGHT_PURCHASE
LIVE_TXN_000897,LIVE_CUST_0026,CARD_1392,ACC_331,2026-10-04T03:35:33.442976,2026-10-04T03:35:33.642976,23.33,USD,PURCHASE,ONLINE,False,False,LIVE_MERCH_0002,Food,DEV_215,US,CA,Los Angeles,0,NONE,NONE
LIVE_TXN_000898,LIVE_CUST_0007,CARD_5786,ACC_564,2026-10-04T03:35:55.442976,2026-10-04T03:35:55.642976,5.67,USD,PURCHASE,ONLINE,False,False,LIVE_MERCH_0009,Food,DEV_294,UK,London,London,0,NONE,NONE
LIVE_TXN_000899,LIVE_CUST_0045,CARD_4047,ACC_827,2026-10-04T03:36:22.442976,2026-10-04T03:36:22.642976,1333.67,USD,PURCHASE,ONLINE,False,True,LIVE_MERCH_0018,Entertainment,DEV_799,UK,London,London,0,NONE,NONE
LIVE_TXN_000900,LIVE_CUST_0095,CARD_4100,ACC_788,2026-10-04T03:36:35.442976,2026-10-04T03:36:35.642976,127.99,USD,PURCHASE,ONLINE,False,False,LIVE_MERCH_0004,Travel,DEV_814,US,NY,New York,1,VELOCITY,RAPID_SUCCESSION
LIVE_TXN_000901,LIVE_CUST_0052,CARD_4260,ACC_416,2026-10-04T03:36:58.442976,2026-10-04T03:36:58.642976,27.4,USD,PURCHASE,ONLINE,False,False,LIVE_MERCH_0019,Travel,DEV_416,US,NY,New York,0,NONE,NONE
LIVE_TXN_000902,LIVE_CUST_0034,CARD_8658,ACC_504,2026-10-04T03:37:16.442976,2026-10-04T03:37:16.642976,1419.12,USD,PURCHASE,ONLINE,False,True,LIVE_MERCH_0016,Utilities,DEV_760,UK,London,London,0,NONE,NONE
LIVE_TXN_000903,LIVE_CUST_0048,CARD_4024,ACC_695,2026-10-04T03:37:27.442976,2026-10-04T03:37:27.642976,22.53,USD,PURCHASE,ONLINE,False,False,LIVE_MERCH_0005,Travel,DEV_359,US,NY,New York,0,NONE,NONE
LIVE_TXN_000904,LIVE_CUST_0033,CARD_2010,ACC_217,2026-10-04T03:37:48.442976,2026-10-04T03:37:48.642976,9969.11,USD,PURCHASE,ONLINE,False,False,LIVE_MERCH_0017,Food,DEV_484,UK,London,London,1,STRUCTURING,BEHAVIORAL_ANOMALY
LIVE_TXN_000905,LIVE_CUST_0000,CARD_8361,ACC_778,2026-10-04T03:38:07.442976,2026-10-04T03:38:07.642976,8.94,USD,PURCHASE,ONLINE,False,False,LIVE_MERCH_0019,Travel,DEV_767,UK,London,London,0,NONE,NONE
LIVE_TXN_000906,LIVE_CUST_0012,CARD_5980,ACC_711,2026-10-04T03:38:37.442976,2026-10-04T03:38:37.642976,34.76,USD,PURCHASE,ONLINE,False,False,LIVE_MERCH_0005,Travel,DEV_829,UK,London,London,0,NONE,NONE
LIVE_TXN_000907,LIVE_CUST_0097,CARD_8688,ACC_818,2026-10-04T03:38:48.442976,2026-10-04T03:38:48.642976,920.54,USD,PURCHASE,ONLINE,False,True,LIVE_MERCH_0018,Entertainment,DEV_635,US,CA,Los Angeles,0,NONE,NONE
LIVE_TXN_000908,LIVE_CUST_0053,CARD_4415,ACC_896,2026-10-04T03:39:06.442976,2026-10-04T03:39:06.642976,1226.04,USD,PURCHASE,ONLINE,False,True,LIVE_MERCH_0007,Travel,DEV_993,US,CA,Los Angeles,0,NONE,NONE
LIVE_TXN_000909,LIVE_CUST_0067,CARD_2874,ACC_760,2026-10-04T03:39:21.442976,2026-10-04T03:39:21.642976,1000.74,USD,PURCHASE,ONLINE,False,True,LIVE_MERCH_0016,Utilities,DEV_866,US,NY,New York,0,NONE,NONE
LIVE_TXN_000910,LIVE_CUST_0026,CARD_8378,ACC_831,2026-10-04T03:39:34.442976,2026-10-04T03:39:34.642976,32.33,USD,PURCHASE,ONLINE,False,False,LIVE_MERCH_0011,Retail,DEV_120,US,NY,New York,0,NONE,NONE
LIVE_TXN_000911,LIVE_CUST_0045,CARD_6802,ACC_380,2026-10-04T03:39:54.442976,2026-10-04T03:39:54.642976,31.55,USD,PURCHASE,ONLINE,False,False,LIVE_MERCH_0007,Travel,DEV_781,US,NY,New York,0,NONE,NONE
LIVE_TXN_000912,LIVE_CUST_0047,CARD_9678,ACC_446,2026-10-04T03:40:24.442976,2026-10-04T03:40:24.642976,44.94,USD,PURCHASE,ONLINE,False,False,LIVE_MERCH_0017,Food,DEV_712,UK,London,London,0,NONE,NONE
LIVE_TXN_000913,LIVE_CUST_0087,CARD_4664,ACC_767,2026-10-04T03:40:34.442976,2026-10-04T03:40:34.642976,47.6,USD,PURCHASE,ONLINE,False,False,LIVE_MERCH_0017,Food,DEV_450,US,CA,Los Angeles,0,NONE,NONE
LIVE_TXN_000914,LIVE_CUST_0069,CARD_3552,ACC_193,2026-10-04T03:41:02.442976,2026-10-04T03:41:02.642976,11.9,USD,PURCHASE,ONLINE,False,False,LIVE_MERCH_0000,Retail,DEV_894,US,NY,New York,0,NONE,NONE
LIVE_TXN_000915,LIVE_CUST_0090,CARD_6602,ACC_638,2026-10-04T03:41:18.442976,2026-10-04T03:41:18.642976,21.04,USD,PURCHASE,ONLINE,False,False,LIVE_MERCH_0018,Entertainment,DEV_323,US,NY,New York,0,NONE,NONE
LIVE_TXN_000916,LIVE_CUST_0031,CARD_4507,ACC_334,2026-10-04T03:41:47.442976,2026-10-04T03:41:47.642976,5.99,USD,PURCHASE,ONLINE,False,False,LIVE_MERCH_0015,Utilities,DEV_456,UK,London,London,0,NONE,NONE
LIVE_TXN_000917,LIVE_CUST_0090,CARD_2207,ACC_525,2026-10-04T03:42:09.442976,2026-10-04T03:42:09.642976,46.68,USD,PURCHASE,ONLINE,False,False,LIVE_MERCH_0004,Travel,DEV_431,US,CA,Los Angeles,0,NONE,NONE
LIVE_TXN_000918,LIVE_CUST_0004,CARD_7364,ACC_885,2026-10-04T03:42:22.442976,2026-10-04T03:42:22.642976,1384.27,USD,PURCHASE,ONLINE,False,True,LIVE_MERCH_0007,Travel,DEV_910,US,NY,New York,0,NONE,NONE
LIVE_TXN_000919,LIVE_CUST_0091,CARD_9387,ACC_571,2026-10-04T03:42:32.442976,2026-10-04T03:42:32.642976,34.27,USD,PURCHASE,ONLINE,False,False,LIVE_MERCH_0013,Retail,DEV_771,US,NY,New York,0,NONE,NONE
LIVE_TXN_000920,LIVE_CUST_0046,CARD_3632,ACC_827,2026-10-04T03:42:58.442976,2026-10-04T03:42:58.642976,14.4,USD,PURCHASE,ONLINE,False,False,LIVE_MERCH_0014,Travel,DEV_211,US,CA,Los Angeles,0,NONE,NONE
LIVE_TXN_000921,LIVE_CUST_0074,CARD_3634,ACC_531,2026-10-04T03:43:28.442976,2026-10-04T03:43:28.642976,15.05,USD,PURCHASE,ONLINE,False,False,LIVE_MERCH_0010,Entertainment,DEV_901,US,NY,New York,0,NONE,NONE
LIVE_TXN_000922,LIVE_CUST_0098,CARD_7039,ACC_952,2026-10-04T03:43:49.442976,2026-10-04T03:43:49.642976,33.52,USD,PURCHASE,ONLINE,False,False,LIVE_MERCH_0010,Entertainment,DEV_991,US,CA,Los Angeles,0,NONE,NONE
LIVE_TXN_000923,LIVE_CUST_0035,CARD_8975,ACC_762,2026-10-04T03:43:59.442976,2026-10-04T03:43:59.642976,626.3,USD,PURCHASE,ONLINE,False,True,LIVE_MERCH_0015,Utilities,DEV_265,US,NY,New York,0,NONE,NONE
LIVE_TXN_000924,LIVE_CUST_0096,CARD_2680,ACC_888,2026-10-04T03:44:26.442976,2026-10-04T03:44:26.642976,2679.99,USD,PURCHASE,ONLINE,False,False,LIVE_MERCH_0017,Food,DEV_574,UK,London,London,1,SEQUENTIAL_ANOMALY,SUSPICIOUS_SEQUENCE
LIVE_TXN_000925,LIVE_CUST_0084,CARD_3023,ACC_143,2026-10-04T03:44:51.442976,2026-10-04T03:44:51.642976,9900.57,USD,PURCHASE,ONLINE,False,False,LIVE_MERCH_0013,Retail,DEV_934,US,CA,Los Angeles,1,STRUCTURING,BEHAVIORAL_ANOMALY
LIVE_TXN_000926,LIVE_CUST_0072,CARD_2722,ACC_798,2026-10-04T03:45:21.442976,2026-10-04T03:45:21.642976,879.24,USD,PURCHASE,ONLINE,False,True,LIVE_MERCH_0004,Travel,DEV_310,US,NY,New York,0,NONE,NONE
LIVE_TXN_000927,LIVE_CUST_0081,CARD_8723,ACC_669,2026-10-04T03:45:50.442976,2026-10-04T03:45:50.642976,8.45,USD,PURCHASE,ONLINE,False,False,LIVE_MERCH_0017,Food,DEV_788,UK,London,London,0,NONE,NONE
LIVE_TXN_000928,LIVE_CUST_0077,CARD_5807,ACC_425,2026-10-04T03:46:15.442976,2026-10-04T03:46:15.642976,10.12,USD,PURCHASE,ONLINE,False,False,LIVE_MERCH_0010,Entertainment,DEV_878,US,NY,New York,0,NONE,NONE
LIVE_TXN_000929,LIVE_CUST_0059,CARD_4165,ACC_208,2026-10-04T03:46:25.442976,2026-10-04T03:46:25.642976,18.53,USD,PURCHASE,ONLINE,False,False,LIVE_MERCH_0013,Retail,DEV_757,US,CA,Los Angeles,0,NONE,NONE
LIVE_TXN_000930,LIVE_CUST_0097,CARD_6656,ACC_765,2026-10-04T03:46:46.442976,2026-10-04T03:46:46.642976,12.08,USD,PURCHASE,ONLINE,False,False,LIVE_MERCH_0001,Retail,DEV_382,UK,London,London,0,NONE,NONE
LIVE_TXN_000931,LIVE_CUST_0059,CARD_9761,ACC_694,2026-10-04T03:47:13.442976,2026-10-04T03:47:13.642976,653.77,USD,PURCHASE,ONLINE,False,True,LIVE_MERCH_0003,Travel,DEV_128,US,NY,New York,0,NONE,NONE
LIVE_TXN_000932,LIVE_CUST_0065,CARD_5949,ACC_963,2026-10-04T03:47:28.442976,2026-10-04T03:47:28.642976,1140.0,USD,PURCHASE,ONLINE,False,True,LIVE_MERCH_0011,Retail,DEV_920,US,CA,Los Angeles,0,NONE,NONE
LIVE_TXN_000933,LIVE_CUST_0054,CARD_6290,ACC_413,2026-10-04T03:47:38.442976,2026-10-04T03:47:38.642976,13.19,USD,PURCHASE,ONLINE,False,False,LIVE_MERCH_0016,Utilities,DEV_499,US,NY,New York,0,NONE,NONE
LIVE_TXN_000934,LIVE_CUST_0046,CARD_9509,ACC_541,2026-10-04T03:47:54.442976,2026-10-04T03:47:54.642976,48.54,USD,PURCHASE,ONLINE,False,False,LIVE_MERCH_0001,Retail,DEV_876,US,CA,Los Angeles,0,NONE,NONE
LIVE_TXN_000935,LIVE_CUST_0090,CARD_5911,ACC_737,2026-10-04T03:48:23.442976,2026-10-04T03:48:23.642976,8.67,USD,PURCHASE,ONLINE,False,False,LIVE_MERCH_0015,Utilities,DEV_950,UK,London,London,0,NONE,NONE
LIVE_TXN_000936,LIVE_CUST_0007,CARD_4301,ACC_793,2026-10-04T03:48:41.442976,2026-10-04T03:48:41.642976,24.86,USD,PURCHASE,ONLINE,False,False,LIVE_MERCH_0015,Utilities,DEV_758,UK,London,London,0,NONE,NONE
LIVE_TXN_000937,LIVE_CUST_0088,CARD_3173,ACC_547,2026-10-04T03:48:56.442976,2026-10-04T03:48:56.642976,37.53,USD,PURCHASE,ONLINE,False,False,LIVE_MERCH_0002,Food,DEV_956,US,CA,Los Angeles,0,NONE,NONE
LIVE_TXN_000938,LIVE_CUST_0096,CARD_4037,ACC_342,2026-10-04T03:49:16.442976,2026-10-04T03:49:16.642976,1001.0,USD,PURCHASE,ONLINE,False,True,LIVE_MERCH_0002,Food,DEV_681,US,CA,Los Angeles,0,NONE,NONE
LIVE_TXN_000939,LIVE_CUST_0027,CARD_9885,ACC_768,2026-10-04T03:49:34.442976,2026-10-04T03:49:34.642976,47.34,USD,PURCHASE,ONLINE,False,False,LIVE_MERCH_0009,Food,DEV_443,US,CA,Los Angeles,0,NONE,NONE
LIVE_TXN_000940,LIVE_CUST_0077,CARD_4709,ACC_277,2026-10-04T03:49:53.442976,2026-10-04T03:49:53.642976,317.85,USD,PURCHASE,ONLINE,False,False,LIVE_MERCH_0013,Retail,DEV_988,US,NY,New York,1,DEVICE_ANOMALY,NEW_DEVICE
LIVE_TXN_000941,LIVE_CUST_0066,CARD_3411,ACC_468,2026-10-04T03:50:10.442976,2026-10-04T03:50:10.642976,41.88,USD,PURCHASE,ONLINE,False,False,LIVE_MERCH_0006,Entertainment,DEV_853,US,NY,New York,0,NONE,NONE
LIVE_TXN_000942,LIVE_CUST_0048,CARD_1899,ACC_449,2026-10-04T03:50:33.442976,2026-10-04T03:50:33.642976,46.69,USD,PURCHASE,ONLINE,False,False,LIVE_MERCH_0007,Travel,DEV_773,UK,London,London,0,NONE,NONE
LIVE_TXN_000943,LIVE_CUST_0012,CARD_9941,ACC_388,2026-10-04T03:50:56.442976,2026-10-04T03:50:56.642976,48.59,USD,PURCHASE,ONLINE,False,False,LIVE_MERCH_0005,Travel,DEV_919,UK,London,London,0,NONE,NONE
LIVE_TXN_000944,LIVE_CUST_0045,CARD_9414,ACC_384,2026-10-04T03:51:19.442976,2026-10-04T03:51:19.642976,28.54,USD,PURCHASE,ONLINE,False,False,LIVE_MERCH_0018,Entertainment,DEV_871,UK,London,London,0,NONE,NONE
LIVE_TXN_000945,LIVE_CUST_0054,CARD_6698,ACC_531,2026-10-04T03:51:37.442976,2026-10-04T03:51:37.642976,902.29,USD,PURCHASE,ONLINE,False,True,LIVE_MERCH_0013,Retail,DEV_724,US,NY,New York,0,NONE,NONE
LIVE_TXN_000946,LIVE_CUST_0069,CARD_8077,ACC_122,2026-10-04T03:52:02.442976,2026-10-04T03:52:02.642976,8.27,USD,PURCHASE,ONLINE,False,False,LIVE_MERCH_0012,Retail,DEV_193,US,NY,New York,0,NONE,NONE
LIVE_TXN_000947,LIVE_CUST_0017,CARD_5128,ACC_545,2026-10-04T03:52:27.442976,2026-10-04T03:52:27.642976,11.87,USD,PURCHASE,ONLINE,False,False,LIVE_MERCH_0005,Travel,DEV_621,US,CA,Los Angeles,0,NONE,NONE
LIVE_TXN_000948,LIVE_CUST_0052,CARD_9833,ACC_213,2026-10-04T03:52:42.442976,2026-10-04T03:52:42.642976,45.25,USD,PURCHASE,ONLINE,False,False,LIVE_MERCH_0006,Entertainment,DEV_752,US,NY,New York,0,NONE,NONE
LIVE_TXN_000949,LIVE_CUST_0025,CARD_7808,ACC_244,2026-10-04T03:52:52.442976,2026-10-04T03:52:52.642976,44.87,USD,PURCHASE,ONLINE,False,False,LIVE_MERCH_0001,Retail,DEV_315,UK,London,London,0,NONE,NONE
LIVE_TXN_000950,LIVE_CUST_0023,CARD_4670,ACC_794,2026-10-04T03:53:05.442976,2026-10-04T03:53:05.642976,912.23,USD,PURCHASE,ONLINE,False,True,LIVE_MERCH_0001,Retail,DEV_803,UK,London,London,0,NONE,NONE
LIVE_TXN_000951,LIVE_CUST_0003,CARD_1581,ACC_600,2026-10-04T03:53:21.442976,2026-10-04T03:53:21.642976,35.88,USD,PURCHASE,ONLINE,False,False,LIVE_MERCH_0012,Retail,DEV_804,US,NY,New York,0,NONE,NONE
LIVE_TXN_000952,LIVE_CUST_0005,CARD_8380,ACC_107,2026-10-04T03:53:50.442976,2026-10-04T03:53:50.642976,29.42,USD,PURCHASE,ONLINE,False,False,LIVE_MERCH_0007,Travel,DEV_610,US,CA,Los Angeles,0,NONE,NONE
LIVE_TXN_000953,LIVE_CUST_0022,CARD_4642,ACC_469,2026-10-04T03:54:07.442976,2026-10-04T03:54:07.642976,674.98,USD,PURCHASE,ONLINE,False,True,LIVE_MERCH_0013,Retail,DEV_657,UK,London,London,0,NONE,NONE
LIVE_TXN_000954,LIVE_CUST_0068,CARD_1722,ACC_998,2026-10-04T03:54:36.442976,2026-10-04T03:54:36.642976,2209.7,USD,PURCHASE,ONLINE,False,False,LIVE_MERCH_0000,Retail,DEV_578,US,CA,Los Angeles,1,TIME_ANOMALY,MIDNIGHT_PURCHASE
LIVE_TXN_000955,LIVE_CUST_0069,CARD_3572,ACC_803,2026-10-04T03:55:06.442976,2026-10-04T03:55:06.642976,33.05,USD,PURCHASE,ONLINE,False,False,LIVE_MERCH_0002,Food,DEV_234,UK,London,London,0,NONE,NONE
LIVE_TXN_000956,LIVE_CUST_0095,CARD_4017,ACC_576,2026-10-04T03:55:35.442976,2026-10-04T03:55:35.642976,1146.46,USD,PURCHASE,ONLINE,False,True,LIVE_MERCH_0000,Retail,DEV_761,US,NY,New York,0,NONE,NONE
LIVE_TXN_000957,LIVE_CUST_0028,CARD_5711,ACC_330,2026-10-04T03:55:47.442976,2026-10-04T03:55:47.642976,20.79,USD,PURCHASE,ONLINE,False,False,LIVE_MERCH_0004,Travel,DEV_668,US,CA,Los Angeles,0,NONE,NONE
LIVE_TXN_000958,LIVE_CUST_0035,CARD_9814,ACC_545,2026-10-04T03:56:17.442976,2026-10-04T03:56:17.642976,560.2,USD,PURCHASE,ONLINE,False,True,LIVE_MERCH_0004,Travel,DEV_351,UK,London,London,0,NONE,NONE
LIVE_TXN_000959,LIVE_CUST_0084,CARD_4652,ACC_658,2026-10-04T03:56:31.442976,2026-10-04T03:56:31.642976,36.5,USD,PURCHASE,ONLINE,False,False,LIVE_MERCH_0017,Food,DEV_730,UK,London,London,0,NONE,NONE
LIVE_TXN_000960,LIVE_CUST_0000,CARD_7131,ACC_977,2026-10-04T03:57:01.442976,2026-10-04T03:57:01.642976,1266.54,USD,PURCHASE,ONLINE,False,True,LIVE_MERCH_0013,Retail,DEV_688,UK,London,London,0,NONE,NONE
LIVE_TXN_000961,LIVE_CUST_0023,CARD_2426,ACC_517,2026-10-04T03:57:25.442976,2026-10-04T03:57:25.642976,47.5,USD,PURCHASE,ONLINE,False,False,LIVE_MERCH_0000,Retail,DEV_267,US,CA,Los Angeles,0,NONE,NONE
LIVE_TXN_000962,LIVE_CUST_0084,CARD_3804,ACC_508,2026-10-04T03:57:36.442976,2026-10-04T03:57:36.642976,21.55,USD,PURCHASE,ONLINE,False,False,LIVE_MERCH_0016,Utilities,DEV_497,US,NY,New York,0,NONE,NONE
LIVE_TXN_000963,LIVE_CUST_0019,CARD_9204,ACC_672,2026-10-04T03:57:46.442976,2026-10-04T03:57:46.642976,21.51,USD,PURCHASE,ONLINE,False,False,LIVE_MERCH_0012,Retail,DEV_683,US,NY,New York,0,NONE,NONE
LIVE_TXN_000964,LIVE_CUST_0034,CARD_9520,ACC_311,2026-10-04T03:58:08.442976,2026-10-04T03:58:08.642976,35.18,USD,PURCHASE,ONLINE,False,False,LIVE_MERCH_0002,Food,DEV_156,US,CA,Los Angeles,0,NONE,NONE
LIVE_TXN_000965,LIVE_CUST_0034,CARD_3372,ACC_477,2026-10-04T03:58:26.442976,2026-10-04T03:58:26.642976,490.63,USD,PURCHASE,ONLINE,False,False,LIVE_MERCH_0006,Entertainment,DEV_851,US,CA,Los Angeles,1,MERCHANT_ANOMALY,HIGH_RISK_MERCHANT
LIVE_TXN_000966,LIVE_CUST_0078,CARD_6783,ACC_564,2026-10-04T03:58:52.442976,2026-10-04T03:58:52.642976,11.39,USD,PURCHASE,ONLINE,False,False,LIVE_MERCH_0015,Utilities,DEV_953,UK,London,London,0,NONE,NONE
LIVE_TXN_000967,LIVE_CUST_0059,CARD_1384,ACC_973,2026-10-04T03:59:21.442976,2026-10-04T03:59:21.642976,9.63,USD,PURCHASE,ONLINE,False,False,LIVE_MERCH_0003,Travel,DEV_346,US,CA,Los Angeles,0,NONE,NONE
LIVE_TXN_000968,LIVE_CUST_0064,CARD_8043,ACC_750,2026-10-04T03:59:45.442976,2026-10-04T03:59:45.642976,15.94,USD,PURCHASE,ONLINE,False,False,LIVE_MERCH_0007,Travel,DEV_860,US,CA,Los Angeles,0,NONE,NONE
LIVE_TXN_000969,LIVE_CUST_0083,CARD_9149,ACC_520,2026-10-04T03:59:59.442976,2026-10-04T03:59:59.642976,780.15,USD,PURCHASE,ONLINE,False,True,LIVE_MERCH_0014,Travel,DEV_315,US,NY,New York,0,NONE,NONE
LIVE_TXN_000970,LIVE_CUST_0018,CARD_6128,ACC_639,2026-10-04T04:00:24.442976,2026-10-04T04:00:24.642976,28.15,USD,PURCHASE,ONLINE,False,False,LIVE_MERCH_0006,Entertainment,DEV_240,UK,London,London,0,NONE,NONE
LIVE_TXN_000971,LIVE_CUST_0025,CARD_3064,ACC_864,2026-10-04T04:00:44.442976,2026-10-04T04:00:44.642976,2.33,USD,PURCHASE,ONLINE,False,False,LIVE_MERCH_0009,Food,DEV_628,US,CA,Los Angeles,1,CARD_TESTING,MICRO_TRANSACTIONS
LIVE_TXN_000972,LIVE_CUST_0002,CARD_1769,ACC_593,2026-10-04T04:01:04.442976,2026-10-04T04:01:04.642976,37.71,USD,PURCHASE,ONLINE,False,False,LIVE_MERCH_0012,Retail,DEV_230,US,NY,New York,0,NONE,NONE
LIVE_TXN_000973,LIVE_CUST_0001,CARD_7285,ACC_697,2026-10-04T04:01:16.442976,2026-10-04T04:01:16.642976,32.61,USD,PURCHASE,ONLINE,False,False,LIVE_MERCH_0009,Food,DEV_283,UK,London,London,0,NONE,NONE
LIVE_TXN_000974,LIVE_CUST_0021,CARD_4198,ACC_152,2026-10-04T04:01:40.442976,2026-10-04T04:01:40.642976,649.89,USD,PURCHASE,ONLINE,False,True,LIVE_MERCH_0007,Travel,DEV_703,UK,London,London,0,NONE,NONE
LIVE_TXN_000975,LIVE_CUST_0073,CARD_6543,ACC_758,2026-10-04T04:02:08.442976,2026-10-04T04:02:08.642976,1273.84,USD,PURCHASE,ONLINE,False,True,LIVE_MERCH_0005,Travel,DEV_813,US,NY,New York,0,NONE,NONE
LIVE_TXN_000976,LIVE_CUST_0038,CARD_2237,ACC_718,2026-10-04T04:02:19.442976,2026-10-04T04:02:19.642976,541.46,USD,PURCHASE,ONLINE,False,True,LIVE_MERCH_0010,Entertainment,DEV_306,US,NY,New York,0,NONE,NONE
LIVE_TXN_000977,LIVE_CUST_0076,CARD_8546,ACC_550,2026-10-04T04:02:36.442976,2026-10-04T04:02:36.642976,19.07,USD,PURCHASE,ONLINE,False,False,LIVE_MERCH_0006,Entertainment,DEV_790,UK,London,London,0,NONE,NONE
LIVE_TXN_000978,LIVE_CUST_0082,CARD_8202,ACC_833,2026-10-04T04:03:02.442976,2026-10-04T04:03:02.642976,17.78,USD,PURCHASE,ONLINE,False,False,LIVE_MERCH_0016,Utilities,DEV_549,US,NY,New York,0,NONE,NONE
LIVE_TXN_000979,LIVE_CUST_0025,CARD_4229,ACC_136,2026-10-04T04:03:28.442976,2026-10-04T04:03:28.642976,19.31,USD,PURCHASE,ONLINE,False,False,LIVE_MERCH_0000,Retail,DEV_903,UK,London,London,0,NONE,NONE
LIVE_TXN_000980,LIVE_CUST_0017,CARD_4627,ACC_607,2026-10-04T04:03:58.442976,2026-10-04T04:03:58.642976,1138.01,USD,PURCHASE,ONLINE,False,True,LIVE_MERCH_0000,Retail,DEV_358,US,CA,Los Angeles,0,NONE,NONE
LIVE_TXN_000981,LIVE_CUST_0062,CARD_8850,ACC_732,2026-10-04T04:04:17.442976,2026-10-04T04:04:17.642976,13.7,USD,PURCHASE,ONLINE,False,False,LIVE_MERCH_0007,Travel,DEV_997,US,NY,New York,0,NONE,NONE
LIVE_TXN_000982,LIVE_CUST_0004,CARD_3932,ACC_251,2026-10-04T04:04:37.442976,2026-10-04T04:04:37.642976,829.46,USD,PURCHASE,ONLINE,False,True,LIVE_MERCH_0013,Retail,DEV_382,UK,London,London,0,NONE,NONE
LIVE_TXN_000983,LIVE_CUST_0062,CARD_6820,ACC_961,2026-10-04T04:05:03.442976,2026-10-04T04:05:03.642976,46.33,USD,PURCHASE,ONLINE,False,False,LIVE_MERCH_0013,Retail,DEV_157,UK,London,London,0,NONE,NONE
LIVE_TXN_000984,LIVE_CUST_0024,CARD_5314,ACC_675,2026-10-04T04:05:23.442976,2026-10-04T04:05:23.642976,1271.28,USD,PURCHASE,ONLINE,False,True,LIVE_MERCH_0009,Food,DEV_404,US,CA,Los Angeles,0,NONE,NONE
LIVE_TXN_000985,LIVE_CUST_0062,CARD_9399,ACC_915,2026-10-04T04:05:45.442976,2026-10-04T04:05:45.642976,40.1,USD,PURCHASE,ONLINE,False,False,LIVE_MERCH_0004,Travel,DEV_631,US,NY,New York,0,NONE,NONE
LIVE_TXN_000986,LIVE_CUST_0087,CARD_7454,ACC_185,2026-10-04T04:06:05.442976,2026-10-04T04:06:05.642976,943.5,USD,PURCHASE,ONLINE,False,True,LIVE_MERCH_0002,Food,DEV_983,US,CA,Los Angeles,0,NONE,NONE
LIVE_TXN_000987,LIVE_CUST_0081,CARD_5051,ACC_114,2026-10-04T04:06:19.442976,2026-10-04T04:06:19.642976,690.88,USD,PURCHASE,ONLINE,False,True,LIVE_MERCH_0017,Food,DEV_113,UK,London,London,0,NONE,NONE
LIVE_TXN_000988,LIVE_CUST_0050,CARD_6313,ACC_416,2026-10-04T04:06:35.442976,2026-10-04T04:06:35.642976,43.28,USD,PURCHASE,ONLINE,False,False,LIVE_MERCH_0000,Retail,DEV_794,UK,London,London,0,NONE,NONE
LIVE_TXN_000989,LIVE_CUST_0088,CARD_7526,ACC_833,2026-10-04T04:06:51.442976,2026-10-04T04:06:51.642976,21.05,USD,PURCHASE,ONLINE,False,False,LIVE_MERCH_0015,Utilities,DEV_330,US,CA,Los Angeles,0,NONE,NONE
LIVE_TXN_000990,LIVE_CUST_0098,CARD_6582,ACC_381,2026-10-04T04:07:09.442976,2026-10-04T04:07:09.642976,38.56,USD,PURCHASE,ONLINE,False,False,LIVE_MERCH_0008,Food,DEV_781,UK,London,London,0,NONE,NONE
LIVE_TXN_000991,LIVE_CUST_0083,CARD_1330,ACC_176,2026-10-04T04:07:32.442976,2026-10-04T04:07:32.642976,644.12,USD,PURCHASE,ONLINE,False,False,LIVE_MERCH_0018,Entertainment,DEV_836,UK,London,London,1,IMPOSSIBLE_TRAVEL,LOCATION_SPOOF
LIVE_TXN_000992,LIVE_CUST_0052,CARD_2152,ACC_178,2026-10-04T04:07:52.442976,2026-10-04T04:07:52.642976,20.45,USD,PURCHASE,ONLINE,False,False,LIVE_MERCH_0007,Travel,DEV_800,UK,London,London,0,NONE,NONE
LIVE_TXN_000993,LIVE_CUST_0051,CARD_4448,ACC_918,2026-10-04T04:08:09.442976,2026-10-04T04:08:09.642976,35.12,USD,PURCHASE,ONLINE,False,False,LIVE_MERCH_0000,Retail,DEV_668,US,NY,New York,0,NONE,NONE
LIVE_TXN_000994,LIVE_CUST_0040,CARD_5594,ACC_103,2026-10-04T04:08:33.442976,2026-10-04T04:08:33.642976,8.72,USD,PURCHASE,ONLINE,False,False,LIVE_MERCH_0015,Utilities,DEV_224,US,NY,New York,0,NONE,NONE
LIVE_TXN_000995,LIVE_CUST_0023,CARD_4394,ACC_957,2026-10-04T04:08:47.442976,2026-10-04T04:08:47.642976,37.63,USD,PURCHASE,ONLINE,False,False,LIVE_MERCH_0002,Food,DEV_644,US,NY,New York,0,NONE,NONE
LIVE_TXN_000996,LIVE_CUST_0023,CARD_8751,ACC_245,2026-10-04T04:09:07.442976,2026-10-04T04:09:07.642976,35.59,USD,PURCHASE,ONLINE,False,False,LIVE_MERCH_0003,Travel,DEV_432,US,NY,New York,0,NONE,NONE
LIVE_TXN_000997,LIVE_CUST_0020,CARD_2110,ACC_446,2026-10-04T04:09:24.442976,2026-10-04T04:09:24.642976,15.43,USD,PURCHASE,ONLINE,False,False,LIVE_MERCH_0002,Food,DEV_760,UK,London,London,0,NONE,NONE
LIVE_TXN_000998,LIVE_CUST_0018,CARD_8549,ACC_887,2026-10-04T04:09:39.442976,2026-10-04T04:09:39.642976,4.08,USD,PURCHASE,ONLINE,False,False,LIVE_MERCH_0019,Travel,DEV_432,UK,London,London,1,CARD_TESTING,MICRO_TRANSACTIONS
LIVE_TXN_000999,LIVE_CUST_0063,CARD_1618,ACC_378,2026-10-04T04:09:59.442976,2026-10-04T04:09:59.642976,44.16,USD,PURCHASE,ONLINE,False,False,LIVE_MERCH_0010,Entertainment,DEV_577,US,NY,New York,0,NONE,NONE
